customer_id,churn
1,No
2,No
3,Yes
4,No
5,Yes
6,No
7,Yes
8,No
9,Yes
10,Yes
11,No
12,No
13,No
14,No
15,No
16,No
17,No
18,No
19,No
20,No
21,No
22,No
23,No
24,No
25,No
26,Yes
27,Yes
28,No
29,No
30,Yes
31,Yes
32,No
33,Yes
34,No
35,No
36,No
37,No
38,No
39,Yes
40,Yes
41,No
42,No
43,No
44,No
45,No
46,No
47,No
48,No
49,Yes
50,No
51,No
52,No
53,No
54,No
55,Yes
56,No
57,No
58,No
59,Yes
60,Yes
61,No
62,Yes
63,No
64,Yes
65,No
66,No
67,No
68,No
69,Yes
70,No
71,No
72,No
73,Yes
74,No
75,No
76,No
77,No
78,Yes
79,No
80,No
81,No
82,No
83,No
84,No
85,No
86,No
87,No
88,Yes
89,No
90,Yes
91,No
92,Yes
93,No
94,No
95,No
96,Yes
97,Yes
98,Yes
99,Yes
100,No
101,Yes
102,No
103,No
104,No
105,No
106,No
107,No
108,No
109,Yes
110,No
111,No
112,No
113,No
114,No
115,Yes
116,No
117,No
118,Yes
119,No
120,No
121,No
122,No
123,Yes
124,No
125,No
126,Yes
127,Yes
128,No
129,No
130,No
131,No
132,No
133,No
134,No
135,No
136,No
137,No
138,Yes
139,Yes
140,No
141,No
142,No
143,Yes
144,No
145,Yes
146,No
147,No
148,No
149,No
150,No
151,Yes
152,No
153,Yes
154,No
155,Yes
156,No
157,No
158,No
159,No
160,Yes
161,No
162,No
163,No
164,No
165,No
166,Yes
167,No
168,No
169,Yes
170,Yes
171,No
172,Yes
173,No
174,No
175,No
176,No
177,No
178,No
179,Yes
180,No
181,No
182,No
183,No
184,Yes
185,No
186,Yes
187,No
188,No
189,Yes
190,Yes
191,Yes
192,No
193,Yes
194,Yes
195,No
196,No
197,No
198,Yes
199,No
200,No
201,Yes
202,No
203,No
204,No
205,Yes
206,No
207,Yes
208,No
209,No
210,No
211,No
212,Yes
213,No
214,No
215,Yes
216,No
217,No
218,No
219,Yes
220,No
221,Yes
222,No
223,No
224,No
225,Yes
226,No
227,No
228,No
229,No
230,No
231,No
232,Yes
233,No
234,No
235,No
236,Yes
237,Yes
238,Yes
239,No
240,No
241,No
242,Yes
243,No
244,No
245,No
246,Yes
247,Yes
248,No
249,No
250,No
251,Yes
252,Yes
253,No
254,Yes
255,No
256,Yes
257,No
258,No
259,No
260,Yes
261,No
262,No
263,No
264,No
265,Yes
266,Yes
267,Yes
268,No
269,Yes
270,No
271,Yes
272,No
273,No
274,No
275,No
276,Yes
277,No
278,Yes
279,No
280,No
281,No
282,No
283,No
284,No
285,No
286,Yes
287,No
288,No
289,No
290,No
291,No
292,Yes
293,Yes
294,No
295,No
296,Yes
297,No
298,No
299,No
300,No
301,No
302,No
303,No
304,No
305,No
306,No
307,No
308,No
309,No
310,No
311,No
312,Yes
313,Yes
314,No
315,Yes
316,No
317,Yes
318,Yes
319,Yes
320,No
321,No
322,Yes
323,No
324,No
325,No
326,No
327,No
328,No
329,No
330,No
331,No
332,No
333,Yes
334,No
335,Yes
336,No
337,No
338,No
339,No
340,No
341,No
342,Yes
343,Yes
344,No
345,Yes
346,No
347,No
348,No
349,No
350,No
351,No
352,Yes
353,No
354,No
355,Yes
356,Yes
357,No
358,No
359,No
360,Yes
361,No
362,Yes
363,Yes
364,No
365,No
366,No
367,No
368,No
369,No
370,No
371,Yes
372,No
373,No
374,No
375,Yes
376,No
377,No
378,Yes
379,No
380,No
381,No
382,No
383,Yes
384,Yes
385,Yes
386,Yes
387,No
388,Yes
389,No
390,No
391,Yes
392,Yes
393,No
394,No
395,No
396,No
397,No
398,No
399,No
400,No
401,Yes
402,No
403,No
404,No
405,Yes
406,Yes
407,No
408,No
409,No
410,Yes
411,Yes
412,Yes
413,No
414,Yes
415,Yes
416,No
417,No
418,Yes
419,No
420,No
421,No
422,Yes
423,Yes
424,No
425,Yes
426,No
427,No
428,Yes
429,No
430,No
431,Yes
432,No
433,No
434,No
435,No
436,No
437,No
438,No
439,No
440,Yes
441,No
442,Yes
443,Yes
444,No
445,Yes
446,Yes
447,No
448,Yes
449,No
450,No
451,No
452,No
453,No
454,No
455,No
456,No
457,Yes
458,No
459,No
460,No
461,No
462,No
463,No
464,No
465,Yes
466,Yes
467,Yes
468,No
469,No
470,Yes
471,Yes
472,No
473,No
474,No
475,No
476,Yes
477,No
478,Yes
479,No
480,No
481,No
482,No
483,Yes
484,No
485,No
486,No
487,Yes
488,No
489,No
490,Yes
491,No
492,Yes
493,Yes
494,No
495,No
496,Yes
497,Yes
498,No
499,No
500,No
501,No
502,No
503,Yes
504,No
505,No
506,Yes
507,No
508,No
509,No
510,Yes
511,No
512,No
513,No
514,No
515,No
516,No
517,Yes
518,No
519,No
520,No
521,No
522,No
523,No
524,No
525,No
526,No
527,Yes
528,Yes
529,No
530,No
531,No
532,No
533,Yes
534,Yes
535,No
536,Yes
537,No
538,No
539,No
540,Yes
541,Yes
542,No
543,Yes
544,No
545,No
546,Yes
547,Yes
548,No
549,Yes
550,No
551,No
552,No
553,No
554,No
555,No
556,No
557,No
558,Yes
559,No
560,No
561,No
562,No
563,Yes
564,No
565,No
566,Yes
567,Yes
568,No
569,Yes
570,No
571,No
572,No
573,Yes
574,No
575,Yes
576,No
577,No
578,No
579,Yes
580,No
581,Yes
582,No
583,No
584,Yes
585,Yes
586,No
587,No
588,Yes
589,No
590,No
591,No
592,No
593,No
594,No
595,Yes
596,No
597,Yes
598,Yes
599,No
600,Yes
601,Yes
602,No
603,No
604,No
605,Yes
606,No
607,No
608,No
609,No
610,No
611,No
612,No
613,No
614,No
615,Yes
616,No
617,No
618,No
619,Yes
620,No
621,Yes
622,Yes
623,No
624,Yes
625,No
626,No
627,No
628,No
629,Yes
630,No
631,Yes
632,No
633,No
634,No
635,No
636,No
637,No
638,Yes
639,No
640,No
641,No
642,No
643,No
644,No
645,No
646,Yes
647,No
648,No
649,Yes
650,No
651,No
652,No
653,No
654,No
655,No
656,No
657,No
658,No
659,No
660,No
661,No
662,No
663,No
664,No
665,No
666,Yes
667,No
668,Yes
669,No
670,No
671,No
672,No
673,No
674,No
675,No
676,No
677,Yes
678,No
679,No
680,No
681,No
682,No
683,Yes
684,No
685,No
686,No
687,Yes
688,No
689,No
690,Yes
691,Yes
692,No
693,Yes
694,Yes
695,No
696,No
697,No
698,No
699,No
700,Yes
701,No
702,Yes
703,No
704,Yes
705,Yes
706,No
707,Yes
708,Yes
709,No
710,No
711,No
712,No
713,No
714,No
715,No
716,No
717,Yes
718,Yes
719,No
720,No
721,No
722,No
723,Yes
724,No
725,Yes
726,No
727,No
728,No
729,No
730,No
731,No
732,No
733,Yes
734,No
735,No
736,No
737,No
738,No
739,No
740,No
741,No
742,Yes
743,No
744,No
745,No
746,No
747,No
748,No
749,No
750,No
751,No
752,No
753,No
754,Yes
755,Yes
756,No
757,No
758,No
759,No
760,No
761,Yes
762,Yes
763,No
764,No
765,No
766,Yes
767,No
768,No
769,Yes
770,No
771,No
772,Yes
773,No
774,Yes
775,No
776,No
777,Yes
778,Yes
779,No
780,No
781,Yes
782,Yes
783,No
784,Yes
785,No
786,No
787,No
788,Yes
789,Yes
790,Yes
791,Yes
792,No
793,Yes
794,No
795,No
796,Yes
797,No
798,No
799,No
800,No
801,Yes
802,Yes
803,No
804,No
805,No
806,No
807,No
808,No
809,No
810,No
811,No
812,No
813,No
814,No
815,No
816,No
817,No
818,Yes
819,No
820,No
821,Yes
822,No
823,Yes
824,Yes
825,No
826,No
827,Yes
828,Yes
829,No
830,No
831,No
832,No
833,No
834,No
835,No
836,No
837,No
838,No
839,Yes
840,No
841,Yes
842,No
843,No
844,No
845,Yes
846,No
847,Yes
848,Yes
849,No
850,No
851,No
852,No
853,No
854,Yes
855,No
856,No
857,No
858,No
859,No
860,No
861,Yes
862,No
863,No
864,No
865,No
866,No
867,No
868,No
869,No
870,No
871,Yes
872,No
873,Yes
874,No
875,No
876,No
877,Yes
878,Yes
879,No
880,No
881,No
882,No
883,No
884,No
885,No
886,No
887,No
888,No
889,Yes
890,Yes
891,No
892,No
893,Yes
894,Yes
895,No
896,No
897,Yes
898,No
899,No
900,No
901,Yes
902,No
903,Yes
904,No
905,Yes
906,No
907,No
908,Yes
909,Yes
910,No
911,Yes
912,No
913,Yes
914,No
915,No
916,No
917,Yes
918,No
919,No
920,No
921,No
922,No
923,No
924,No
925,Yes
926,No
927,No
928,No
929,No
930,No
931,Yes
932,No
933,No
934,No
935,No
936,No
937,No
938,No
939,No
940,Yes
941,Yes
942,Yes
943,No
944,No
945,No
946,Yes
947,No
948,Yes
949,Yes
950,No
951,No
952,Yes
953,Yes
954,No
955,No
956,No
957,Yes
958,No
959,No
960,No
961,No
962,No
963,No
964,No
965,No
966,Yes
967,No
968,No
969,Yes
970,No
971,Yes
972,No
973,No
974,No
975,No
976,Yes
977,Yes
978,No
979,Yes
980,Yes
981,No
982,No
983,No
984,Yes
985,No
986,No
987,No
988,No
989,No
990,No
991,No
992,No
993,No
994,No
995,No
996,No
997,No
998,Yes
999,Yes
1000,No
1001,Yes
1002,No
1003,Yes
1004,No
1005,No
1006,Yes
1007,Yes
1008,No
1009,No
1010,No
1011,Yes
1012,No
1013,No
1014,Yes
1015,No
1016,No
1017,No
1018,No
1019,No
1020,No
1021,Yes
1022,No
1023,Yes
1024,Yes
1025,No
1026,No
1027,Yes
1028,No
1029,No
1030,No
1031,No
1032,No
1033,No
1034,No
1035,No
1036,No
1037,No
1038,No
1039,Yes
1040,No
1041,No
1042,No
1043,No
1044,No
1045,No
1046,Yes
1047,No
1048,No
1049,Yes
1050,No
1051,No
1052,No
1053,No
1054,No
1055,No
1056,No
1057,Yes
1058,No
1059,No
1060,Yes
1061,Yes
1062,Yes
1063,No
1064,No
1065,No
1066,No
1067,No
1068,No
1069,Yes
1070,No
1071,Yes
1072,No
1073,No
1074,Yes
1075,Yes
1076,No
1077,Yes
1078,Yes
1079,Yes
1080,No
1081,No
1082,No
1083,No
1084,Yes
1085,No
1086,No
1087,No
1088,No
1089,No
1090,Yes
1091,No
1092,No
1093,Yes
1094,No
1095,No
1096,No
1097,No
1098,No
1099,No
1100,No
1101,No
1102,Yes
1103,No
1104,Yes
1105,No
1106,No
1107,Yes
1108,No
1109,Yes
1110,No
1111,No
1112,Yes
1113,No
1114,No
1115,No
1116,No
1117,No
1118,Yes
1119,No
1120,No
1121,No
1122,Yes
1123,Yes
1124,No
1125,Yes
1126,No
1127,Yes
1128,No
1129,No
1130,No
1131,No
1132,No
1133,Yes
1134,Yes
1135,No
1136,Yes
1137,Yes
1138,No
1139,No
1140,Yes
1141,No
1142,No
1143,No
1144,Yes
1145,No
1146,No
1147,No
1148,Yes
1149,No
1150,No
1151,No
1152,No
1153,No
1154,Yes
1155,No
1156,No
1157,Yes
1158,No
1159,No
1160,No
1161,Yes
1162,Yes
1163,No
1164,No
1165,No
1166,No
1167,No
1168,No
1169,Yes
1170,No
1171,No
1172,No
1173,Yes
1174,Yes
1175,No
1176,Yes
1177,No
1178,Yes
1179,No
1180,No
1181,No
1182,No
1183,No
1184,No
1185,No
1186,Yes
1187,No
1188,No
1189,No
1190,Yes
1191,No
1192,No
1193,No
1194,No
1195,No
1196,Yes
1197,No
1198,No
1199,No
1200,No
1201,No
1202,No
1203,No
1204,No
1205,No
1206,No
1207,No
1208,Yes
1209,No
1210,Yes
1211,No
1212,No
1213,Yes
1214,Yes
1215,No
1216,No
1217,No
1218,No
1219,No
1220,No
1221,No
1222,Yes
1223,Yes
1224,No
1225,Yes
1226,Yes
1227,No
1228,No
1229,Yes
1230,Yes
1231,No
1232,Yes
1233,No
1234,No
1235,No
1236,No
1237,No
1238,No
1239,No
1240,No
1241,No
1242,No
1243,Yes
1244,No
1245,No
1246,No
1247,No
1248,No
1249,Yes
1250,Yes
1251,No
1252,No
1253,No
1254,Yes
1255,No
1256,No
1257,No
1258,No
1259,No
1260,No
1261,No
1262,No
1263,Yes
1264,Yes
1265,No
1266,Yes
1267,No
1268,No
1269,No
1270,No
1271,No
1272,No
1273,No
1274,No
1275,No
1276,No
1277,No
1278,No
1279,No
1280,No
1281,No
1282,No
1283,Yes
1284,Yes
1285,Yes
1286,Yes
1287,No
1288,Yes
1289,No
1290,No
1291,Yes
1292,No
1293,No
1294,Yes
1295,No
1296,Yes
1297,Yes
1298,No
1299,Yes
1300,No
1301,No
1302,No
1303,No
1304,No
1305,No
1306,No
1307,No
1308,No
1309,No
1310,No
1311,No
1312,Yes
1313,No
1314,No
1315,No
1316,No
1317,No
1318,Yes
1319,No
1320,No
1321,Yes
1322,No
1323,No
1324,No
1325,No
1326,No
1327,Yes
1328,Yes
1329,No
1330,Yes
1331,No
1332,No
1333,Yes
1334,No
1335,Yes
1336,Yes
1337,No
1338,Yes
1339,No
1340,No
1341,Yes
1342,Yes
1343,Yes
1344,Yes
1345,No
1346,No
1347,No
1348,No
1349,No
1350,No
1351,No
1352,Yes
1353,Yes
1354,No
1355,No
1356,No
1357,No
1358,No
1359,No
1360,Yes
1361,Yes
1362,No
1363,Yes
1364,No
1365,No
1366,No
1367,No
1368,No
1369,No
1370,No
1371,No
1372,Yes
1373,No
1374,Yes
1375,No
1376,No
1377,Yes
1378,No
1379,No
1380,No
1381,No
1382,Yes
1383,Yes
1384,No
1385,Yes
1386,No
1387,No
1388,No
1389,No
1390,Yes
1391,Yes
1392,Yes
1393,No
1394,Yes
1395,Yes
1396,No
1397,No
1398,Yes
1399,No
1400,Yes
1401,Yes
1402,No
1403,No
1404,No
1405,No
1406,No
1407,No
1408,Yes
1409,No
1410,No
1411,No
1412,Yes
1413,No
1414,No
1415,No
1416,No
1417,Yes
1418,No
1419,No
1420,Yes
1421,Yes
1422,No
1423,No
1424,No
1425,Yes
1426,Yes
1427,No
1428,No
1429,Yes
1430,No
1431,No
1432,No
1433,No
1434,No
1435,No
1436,No
1437,No
1438,Yes
1439,No
1440,No
1441,No
1442,Yes
1443,No
1444,No
1445,No
1446,No
1447,No
1448,Yes
1449,No
1450,No
1451,No
1452,No
1453,No
1454,Yes
1455,No
1456,Yes
1457,No
1458,No
1459,No
1460,No
1461,No
1462,Yes
1463,No
1464,Yes
1465,No
1466,No
1467,No
1468,No
1469,No
1470,No
1471,Yes
1472,No
1473,No
1474,Yes
1475,No
1476,Yes
1477,Yes
1478,Yes
1479,No
1480,No
1481,No
1482,No
1483,Yes
1484,Yes
1485,No
1486,No
1487,Yes
1488,No
1489,No
1490,No
1491,No
1492,No
1493,No
1494,No
1495,No
1496,Yes
1497,No
1498,Yes
1499,No
1500,No
1501,No
1502,No
1503,Yes
1504,No
1505,No
1506,Yes
1507,No
1508,Yes
1509,No
1510,Yes
1511,No
1512,No
1513,No
1514,Yes
1515,No
1516,No
1517,No
1518,No
1519,No
1520,No
1521,Yes
1522,No
1523,No
1524,No
1525,No
1526,No
1527,No
1528,No
1529,No
1530,Yes
1531,No
1532,Yes
1533,No
1534,Yes
1535,Yes
1536,No
1537,No
1538,No
1539,No
1540,No
1541,No
1542,No
1543,No
1544,No
1545,Yes
1546,No
1547,Yes
1548,No
1549,No
1550,No
1551,Yes
1552,Yes
1553,Yes
1554,No
1555,Yes
1556,No
1557,No
1558,No
1559,No
1560,No
1561,Yes
1562,No
1563,No
1564,Yes
1565,No
1566,No
1567,No
1568,No
1569,No
1570,Yes
1571,No
1572,No
1573,Yes
1574,No
1575,No
1576,No
1577,No
1578,No
1579,Yes
1580,Yes
1581,No
1582,No
1583,No
1584,No
1585,No
1586,No
1587,No
1588,No
1589,No
1590,No
1591,No
1592,No
1593,No
1594,No
1595,Yes
1596,No
1597,No
1598,Yes
1599,Yes
1600,Yes
1601,No
1602,No
1603,Yes
1604,No
1605,No
1606,No
1607,Yes
1608,No
1609,No
1610,No
1611,No
1612,Yes
1613,No
1614,No
1615,Yes
1616,No
1617,No
1618,Yes
1619,No
1620,No
1621,No
1622,Yes
1623,No
1624,No
1625,Yes
1626,No
1627,Yes
1628,No
1629,No
1630,Yes
1631,No
1632,Yes
1633,No
1634,No
1635,No
1636,No
1637,No
1638,Yes
1639,No
1640,No
1641,No
1642,No
1643,No
1644,No
1645,No
1646,No
1647,No
1648,No
1649,No
1650,Yes
1651,No
1652,Yes
1653,No
1654,No
1655,Yes
1656,No
1657,No
1658,Yes
1659,No
1660,No
1661,No
1662,No
1663,No
1664,No
1665,No
1666,Yes
1667,No
1668,No
1669,Yes
1670,No
1671,No
1672,Yes
1673,No
1674,No
1675,Yes
1676,No
1677,No
1678,Yes
1679,Yes
1680,No
1681,Yes
1682,No
1683,No
1684,No
1685,Yes
1686,No
1687,No
1688,No
1689,No
1690,No
1691,No
1692,No
1693,No
1694,Yes
1695,Yes
1696,No
1697,No
1698,No
1699,Yes
1700,No
1701,No
1702,No
1703,No
1704,Yes
1705,No
1706,Yes
1707,No
1708,No
1709,Yes
1710,Yes
1711,No
1712,No
1713,No
1714,No
1715,No
1716,Yes
1717,No
1718,No
1719,No
1720,No
1721,No
1722,No
1723,Yes
1724,No
1725,Yes
1726,No
1727,No
1728,No
1729,Yes
1730,Yes
1731,Yes
1732,No
1733,Yes
1734,No
1735,No
1736,No
1737,No
1738,Yes
1739,No
1740,No
1741,Yes
1742,Yes
1743,No
1744,No
1745,Yes
1746,Yes
1747,No
1748,Yes
1749,No
1750,No
1751,No
1752,Yes
1753,No
1754,No
1755,No
1756,Yes
1757,Yes
1758,Yes
1759,No
1760,No
1761,No
1762,No
1763,No
1764,No
1765,No
1766,No
1767,Yes
1768,Yes
1769,Yes
1770,No
1771,No
1772,No
1773,No
1774,No
1775,No
1776,No
1777,No
1778,Yes
1779,No
1780,No
1781,Yes
1782,No
1783,No
1784,Yes
1785,No
1786,No
1787,No
1788,No
1789,No
1790,No
1791,No
1792,No
1793,No
1794,No
1795,Yes
1796,Yes
1797,No
1798,No
1799,No
1800,No
1801,No
1802,No
1803,No
1804,No
1805,No
1806,Yes
1807,No
1808,Yes
1809,Yes
1810,No
1811,No
1812,No
1813,No
1814,Yes
1815,No
1816,No
1817,No
1818,No
1819,No
1820,No
1821,Yes
1822,Yes
1823,No
1824,No
1825,No
1826,Yes
1827,No
1828,No
1829,No
1830,No
1831,Yes
1832,No
1833,No
1834,No
1835,No
1836,Yes
1837,No
1838,No
1839,No
1840,No
1841,Yes
1842,No
1843,No
1844,No
1845,No
1846,No
1847,No
1848,Yes
1849,Yes
1850,No
1851,No
1852,Yes
1853,No
1854,No
1855,No
1856,No
1857,No
1858,No
1859,No
1860,No
1861,No
1862,No
1863,Yes
1864,No
1865,No
1866,No
1867,Yes
1868,No
1869,No
1870,No
1871,No
1872,No
1873,No
1874,No
1875,No
1876,No
1877,No
1878,No
1879,Yes
1880,No
1881,No
1882,No
1883,Yes
1884,No
1885,No
1886,No
1887,No
1888,No
1889,No
1890,No
1891,No
1892,Yes
1893,Yes
1894,No
1895,No
1896,No
1897,Yes
1898,No
1899,No
1900,No
1901,No
1902,Yes
1903,No
1904,No
1905,No
1906,No
1907,Yes
1908,No
1909,Yes
1910,No
1911,Yes
1912,No
1913,No
1914,No
1915,No
1916,No
1917,No
1918,No
1919,No
1920,No
1921,No
1922,No
1923,Yes
1924,No
1925,No
1926,Yes
1927,No
1928,No
1929,No
1930,No
1931,No
1932,Yes
1933,No
1934,No
1935,No
1936,No
1937,No
1938,No
1939,No
1940,No
1941,No
1942,No
1943,No
1944,No
1945,No
1946,Yes
1947,No
1948,No
1949,No
1950,No
1951,No
1952,No
1953,No
1954,No
1955,No
1956,No
1957,Yes
1958,No
1959,Yes
1960,Yes
1961,No
1962,Yes
1963,No
1964,No
1965,Yes
1966,No
1967,No
1968,No
1969,Yes
1970,No
1971,Yes
1972,Yes
1973,No
1974,No
1975,No
1976,No
1977,No
1978,No
1979,No
1980,No
1981,No
1982,No
1983,No
1984,No
1985,No
1986,Yes
1987,No
1988,No
1989,No
1990,No
1991,Yes
1992,Yes
1993,Yes
1994,No
1995,No
1996,No
1997,No
1998,Yes
1999,No
2000,No
2001,No
2002,No
2003,No
2004,Yes
2005,No
2006,Yes
2007,No
2008,No
2009,Yes
2010,No
2011,Yes
2012,No
2013,Yes
2014,No
2015,No
2016,No
2017,Yes
2018,No
2019,Yes
2020,No
2021,No
2022,Yes
2023,Yes
2024,No
2025,No
2026,Yes
2027,No
2028,Yes
2029,No
2030,No
2031,No
2032,No
2033,No
2034,No
2035,No
2036,No
2037,No
2038,No
2039,No
2040,Yes
2041,No
2042,No
2043,No
2044,No
2045,No
2046,No
2047,No
2048,No
2049,No
2050,No
2051,No
2052,Yes
2053,No
2054,Yes
2055,Yes
2056,Yes
2057,No
2058,Yes
2059,No
2060,No
2061,Yes
2062,No
2063,Yes
2064,No
2065,Yes
2066,No
2067,Yes
2068,No
2069,No
2070,Yes
2071,No
2072,No
2073,No
2074,No
2075,No
2076,No
2077,Yes
2078,No
2079,Yes
2080,No
2081,No
2082,Yes
2083,No
2084,Yes
2085,Yes
2086,Yes
2087,No
2088,No
2089,No
2090,No
2091,No
2092,No
2093,No
2094,Yes
2095,No
2096,No
2097,Yes
2098,No
2099,Yes
2100,No
2101,No
2102,No
2103,Yes
2104,No
2105,No
2106,No
2107,No
2108,No
2109,No
2110,Yes
2111,No
2112,Yes
2113,No
2114,No
2115,No
2116,Yes
2117,Yes
2118,Yes
2119,No
2120,No
2121,No
2122,Yes
2123,No
2124,No
2125,Yes
2126,No
2127,Yes
2128,Yes
2129,No
2130,No
2131,No
2132,No
2133,Yes
2134,No
2135,No
2136,No
2137,Yes
2138,No
2139,No
2140,Yes
2141,Yes
2142,Yes
2143,No
2144,No
2145,Yes
2146,No
2147,No
2148,No
2149,No
2150,No
2151,Yes
2152,No
2153,No
2154,No
2155,No
2156,No
2157,No
2158,No
2159,No
2160,No
2161,No
2162,No
2163,No
2164,No
2165,No
2166,Yes
2167,No
2168,Yes
2169,No
2170,No
2171,No
2172,No
2173,Yes
2174,Yes
2175,No
2176,No
2177,No
2178,No
2179,Yes
2180,No
2181,No
2182,No
2183,Yes
2184,No
2185,No
2186,Yes
2187,No
2188,No
2189,Yes
2190,Yes
2191,No
2192,Yes
2193,No
2194,No
2195,No
2196,No
2197,No
2198,No
2199,Yes
2200,No
2201,No
2202,Yes
2203,No
2204,No
2205,No
2206,Yes
2207,No
2208,No
2209,No
2210,No
2211,No
2212,Yes
2213,No
2214,No
2215,No
2216,No
2217,No
2218,No
2219,No
2220,No
2221,Yes
2222,No
2223,No
2224,Yes
2225,Yes
2226,No
2227,No
2228,No
2229,No
2230,Yes
2231,Yes
2232,No
2233,No
2234,No
2235,No
2236,No
2237,No
2238,No
2239,No
2240,No
2241,Yes
2242,No
2243,No
2244,Yes
2245,No
2246,Yes
2247,Yes
2248,No
2249,No
2250,No
2251,Yes
2252,Yes
2253,Yes
2254,No
2255,No
2256,No
2257,No
2258,No
2259,No
2260,No
2261,No
2262,No
2263,No
2264,No
2265,Yes
2266,No
2267,No
2268,No
2269,No
2270,No
2271,Yes
2272,No
2273,Yes
2274,No
2275,No
2276,No
2277,No
2278,No
2279,Yes
2280,Yes
2281,No
2282,No
2283,No
2284,No
2285,No
2286,No
2287,No
2288,No
2289,No
2290,Yes
2291,No
2292,Yes
2293,No
2294,No
2295,Yes
2296,No
2297,Yes
2298,Yes
2299,Yes
2300,Yes
2301,No
2302,No
2303,No
2304,No
2305,Yes
2306,No
2307,Yes
2308,No
2309,Yes
2310,No
2311,No
2312,Yes
2313,Yes
2314,No
2315,No
2316,No
2317,No
2318,Yes
2319,No
2320,No
2321,No
2322,No
2323,No
2324,No
2325,No
2326,Yes
2327,No
2328,Yes
2329,Yes
2330,No
2331,No
2332,No
2333,No
2334,No
2335,No
2336,No
2337,No
2338,No
2339,No
2340,No
2341,No
2342,No
2343,Yes
2344,No
2345,Yes
2346,No
2347,No
2348,Yes
2349,No
2350,Yes
2351,No
2352,No
2353,No
2354,No
2355,No
2356,Yes
2357,No
2358,Yes
2359,No
2360,No
2361,Yes
2362,No
2363,No
2364,No
2365,Yes
2366,No
2367,No
2368,No
2369,No
2370,No
2371,No
2372,No
2373,No
2374,Yes
2375,No
2376,Yes
2377,Yes
2378,No
2379,No
2380,Yes
2381,No
2382,Yes
2383,No
2384,No
2385,No
2386,No
2387,Yes
2388,No
2389,No
2390,No
2391,No
2392,No
2393,Yes
2394,Yes
2395,No
2396,No
2397,Yes
2398,Yes
2399,No
2400,No
2401,No
2402,Yes
2403,No
2404,No
2405,Yes
2406,No
2407,No
2408,No
2409,Yes
2410,No
2411,Yes
2412,No
2413,No
2414,No
2415,Yes
2416,No
2417,No
2418,No
2419,No
2420,Yes
2421,Yes
2422,No
2423,Yes
2424,Yes
2425,No
2426,No
2427,No
2428,No
2429,Yes
2430,No
2431,No
2432,No
2433,No
2434,No
2435,No
2436,No
2437,No
2438,No
2439,No
2440,No
2441,Yes
2442,No
2443,No
2444,No
2445,No
2446,No
2447,No
2448,No
2449,No
2450,No
2451,No
2452,No
2453,Yes
2454,No
2455,No
2456,Yes
2457,No
2458,No
2459,No
2460,Yes
2461,No
2462,No
2463,No
2464,No
2465,No
2466,Yes
2467,No
2468,Yes
2469,Yes
2470,Yes
2471,Yes
2472,No
2473,No
2474,No
2475,No
2476,No
2477,No
2478,Yes
2479,No
2480,Yes
2481,No
2482,No
2483,No
2484,No
2485,No
2486,No
2487,No
2488,No
2489,Yes
2490,No
2491,No
2492,Yes
2493,No
2494,Yes
2495,Yes
2496,No
2497,No
2498,Yes
2499,No
2500,Yes
2501,Yes
2502,Yes
2503,Yes
2504,No
2505,No
2506,No
2507,Yes
2508,No
2509,No
2510,Yes
2511,No
2512,Yes
2513,No
2514,No
2515,Yes
2516,No
2517,No
2518,No
2519,No
2520,No
2521,No
2522,Yes
2523,No
2524,Yes
2525,No
2526,Yes
2527,No
2528,Yes
2529,Yes
2530,No
2531,No
2532,No
2533,No
2534,Yes
2535,Yes
2536,No
2537,No
2538,No
2539,No
2540,Yes
2541,Yes
2542,No
2543,No
2544,Yes
2545,No
2546,No
2547,No
2548,No
2549,No
2550,No
2551,No
2552,Yes
2553,Yes
2554,No
2555,Yes
2556,No
2557,No
2558,No
2559,No
2560,Yes
2561,Yes
2562,No
2563,Yes
2564,Yes
2565,No
2566,No
2567,Yes
2568,No
2569,No
2570,No
2571,No
2572,No
2573,Yes
2574,No
2575,Yes
2576,No
2577,No
2578,No
2579,No
2580,No
2581,No
2582,Yes
2583,Yes
2584,Yes
2585,No
2586,No
2587,Yes
2588,No
2589,No
2590,No
2591,No
2592,Yes
2593,No
2594,No
2595,Yes
2596,No
2597,Yes
2598,Yes
2599,No
2600,Yes
2601,No
2602,Yes
2603,Yes
2604,No
2605,No
2606,No
2607,No
2608,No
2609,No
2610,No
2611,No
2612,No
2613,No
2614,No
2615,Yes
2616,No
2617,Yes
2618,Yes
2619,Yes
2620,Yes
2621,No
2622,No
2623,Yes
2624,No
2625,No
2626,Yes
2627,No
2628,No
2629,No
2630,Yes
2631,Yes
2632,No
2633,Yes
2634,No
2635,No
2636,No
2637,No
2638,No
2639,No
2640,No
2641,Yes
2642,No
2643,No
2644,No
2645,No
2646,No
2647,No
2648,No
2649,No
2650,Yes
2651,Yes
2652,No
2653,No
2654,No
2655,No
2656,Yes
2657,No
2658,No
2659,No
2660,Yes
2661,No
2662,No
2663,Yes
2664,No
2665,Yes
2666,Yes
2667,No
2668,Yes
2669,Yes
2670,No
2671,Yes
2672,No
2673,No
2674,No
2675,No
2676,No
2677,No
2678,No
2679,Yes
2680,No
2681,No
2682,No
2683,Yes
2684,Yes
2685,No
2686,Yes
2687,No
2688,No
2689,No
2690,No
2691,No
2692,Yes
2693,Yes
2694,No
2695,Yes
2696,No
2697,No
2698,No
2699,No
2700,No
2701,No
2702,No
2703,No
2704,No
2705,No
2706,Yes
2707,No
2708,No
2709,No
2710,Yes
2711,Yes
2712,No
2713,No
2714,Yes
2715,Yes
2716,No
2717,No
2718,No
2719,No
2720,No
2721,No
2722,No
2723,No
2724,No
2725,No
2726,Yes
2727,Yes
2728,No
2729,No
2730,No
2731,No
2732,No
2733,No
2734,No
2735,No
2736,No
2737,No
2738,No
2739,No
2740,No
2741,No
2742,Yes
2743,No
2744,No
2745,No
2746,No
2747,No
2748,No
2749,No
2750,Yes
2751,No
2752,Yes
2753,No
2754,No
2755,No
2756,Yes
2757,No
2758,No
2759,Yes
2760,No
2761,Yes
2762,Yes
2763,No
2764,No
2765,No
2766,Yes
2767,No
2768,Yes
2769,No
2770,No
2771,Yes
2772,No
2773,No
2774,No
2775,Yes
2776,No
2777,No
2778,No
2779,Yes
2780,No
2781,No
2782,No
2783,No
2784,No
2785,No
2786,Yes
2787,No
2788,No
2789,Yes
2790,No
2791,No
2792,No
2793,No
2794,No
2795,No
2796,No
2797,No
2798,No
2799,No
2800,No
2801,No
2802,Yes
2803,Yes
2804,No
2805,No
2806,Yes
2807,Yes
2808,No
2809,No
2810,No
2811,No
2812,No
2813,No
2814,Yes
2815,No
2816,No
2817,No
2818,No
2819,No
2820,No
2821,Yes
2822,No
2823,No
2824,No
2825,No
2826,No
2827,No
2828,No
2829,No
2830,No
2831,Yes
2832,No
2833,No
2834,No
2835,No
2836,No
2837,No
2838,No
2839,No
2840,No
2841,No
2842,No
2843,No
2844,No
2845,Yes
2846,No
2847,No
2848,No
2849,No
2850,Yes
2851,No
2852,No
2853,Yes
2854,No
2855,No
2856,Yes
2857,No
2858,Yes
2859,No
2860,No
2861,No
2862,No
2863,No
2864,Yes
2865,Yes
2866,No
2867,No
2868,Yes
2869,No
2870,No
2871,No
2872,No
2873,No
2874,No
2875,No
2876,Yes
2877,No
2878,Yes
2879,No
2880,Yes
2881,Yes
2882,No
2883,No
2884,No
2885,No
2886,No
2887,No
2888,No
2889,No
2890,No
2891,No
2892,Yes
2893,Yes
2894,No
2895,No
2896,No
2897,No
2898,No
2899,No
2900,No
2901,Yes
2902,No
2903,Yes
2904,No
2905,Yes
2906,Yes
2907,Yes
2908,No
2909,Yes
2910,No
2911,No
2912,No
2913,No
2914,No
2915,No
2916,No
2917,No
2918,No
2919,Yes
2920,No
2921,No
2922,No
2923,Yes
2924,No
2925,No
2926,No
2927,No
2928,No
2929,No
2930,Yes
2931,No
2932,No
2933,Yes
2934,No
2935,Yes
2936,No
2937,Yes
2938,No
2939,No
2940,No
2941,No
2942,No
2943,No
2944,No
2945,No
2946,No
2947,No
2948,No
2949,No
2950,No
2951,No
2952,No
2953,No
2954,Yes
2955,No
2956,No
2957,No
2958,No
2959,Yes
2960,No
2961,No
2962,No
2963,No
2964,Yes
2965,No
2966,No
2967,No
2968,No
2969,No
2970,No
2971,No
2972,No
2973,No
2974,No
2975,Yes
2976,No
2977,Yes
2978,No
2979,No
2980,No
2981,No
2982,No
2983,No
2984,No
2985,No
2986,No
2987,No
2988,No
2989,No
2990,No
2991,No
2992,No
2993,No
2994,No
2995,No
2996,Yes
2997,No
2998,No
2999,No
3000,No
3001,No
3002,No
3003,No
3004,No
3005,Yes
3006,No
3007,No
3008,Yes
3009,No
3010,No
3011,No
3012,No
3013,Yes
3014,No
3015,Yes
3016,No
3017,Yes
3018,No
3019,No
3020,No
3021,No
3022,No
3023,No
3024,Yes
3025,No
3026,No
3027,No
3028,No
3029,No
3030,No
3031,No
3032,No
3033,No
3034,No
3035,Yes
3036,Yes
3037,No
3038,Yes
3039,Yes
3040,No
3041,Yes
3042,No
3043,No
3044,No
3045,No
3046,No
3047,Yes
3048,No
3049,No
3050,No
3051,Yes
3052,No
3053,Yes
3054,No
3055,No
3056,No
3057,No
3058,No
3059,No
3060,Yes
3061,No
3062,Yes
3063,No
3064,No
3065,No
3066,No
3067,No
3068,Yes
3069,No
3070,Yes
3071,Yes
3072,No
3073,No
3074,No
3075,No
3076,No
3077,No
3078,Yes
3079,No
3080,No
3081,No
3082,Yes
3083,Yes
3084,No
3085,No
3086,Yes
3087,No
3088,No
3089,Yes
3090,No
3091,No
3092,No
3093,No
3094,No
3095,No
3096,No
3097,No
3098,No
3099,No
3100,No
3101,No
3102,No
3103,No
3104,Yes
3105,No
3106,No
3107,No
3108,Yes
3109,No
3110,Yes
3111,No
3112,No
3113,No
3114,No
3115,No
3116,Yes
3117,Yes
3118,Yes
3119,No
3120,Yes
3121,Yes
3122,No
3123,No
3124,No
3125,Yes
3126,No
3127,No
3128,No
3129,Yes
3130,No
3131,Yes
3132,Yes
3133,No
3134,Yes
3135,No
3136,Yes
3137,No
3138,Yes
3139,Yes
3140,No
3141,No
3142,Yes
3143,Yes
3144,No
3145,No
3146,No
3147,No
3148,No
3149,No
3150,No
3151,No
3152,No
3153,Yes
3154,Yes
3155,No
3156,Yes
3157,No
3158,No
3159,Yes
3160,No
3161,No
3162,Yes
3163,No
3164,Yes
3165,No
3166,Yes
3167,Yes
3168,No
3169,No
3170,No
3171,Yes
3172,No
3173,No
3174,No
3175,No
3176,No
3177,No
3178,Yes
3179,Yes
3180,No
3181,No
3182,No
3183,No
3184,No
3185,Yes
3186,No
3187,No
3188,Yes
3189,No
3190,No
3191,Yes
3192,No
3193,No
3194,Yes
3195,No
3196,No
3197,No
3198,No
3199,Yes
3200,No
3201,No
3202,No
3203,Yes
3204,Yes
3205,No
3206,No
3207,No
3208,No
3209,No
3210,No
3211,No
3212,No
3213,No
3214,No
3215,Yes
3216,No
3217,No
3218,No
3219,No
3220,No
3221,Yes
3222,No
3223,No
3224,Yes
3225,No
3226,No
3227,No
3228,No
3229,No
3230,Yes
3231,No
3232,No
3233,Yes
3234,No
3235,No
3236,No
3237,No
3238,No
3239,No
3240,No
3241,No
3242,No
3243,No
3244,No
3245,No
3246,No
3247,Yes
3248,Yes
3249,Yes
3250,No
3251,No
3252,No
3253,No
3254,No
3255,No
3256,No
3257,No
3258,Yes
3259,No
3260,No
3261,No
3262,No
3263,No
3264,No
3265,Yes
3266,No
3267,No
3268,No
3269,No
3270,Yes
3271,No
3272,No
3273,No
3274,Yes
3275,Yes
3276,Yes
3277,No
3278,No
3279,Yes
3280,No
3281,No
3282,No
3283,No
3284,Yes
3285,No
3286,No
3287,Yes
3288,No
3289,No
3290,Yes
3291,No
3292,No
3293,No
3294,Yes
3295,No
3296,No
3297,No
3298,No
3299,Yes
3300,No
3301,Yes
3302,No
3303,No
3304,No
3305,No
3306,No
3307,Yes
3308,Yes
3309,No
3310,No
3311,No
3312,Yes
3313,Yes
3314,No
3315,No
3316,No
3317,No
3318,No
3319,Yes
3320,No
3321,No
3322,No
3323,No
3324,No
3325,No
3326,No
3327,No
3328,No
3329,No
3330,Yes
3331,No
3332,Yes
3333,No
3334,No
3335,No
3336,No
3337,No
3338,No
3339,Yes
3340,No
3341,No
3342,No
3343,Yes
3344,Yes
3345,No
3346,Yes
3347,No
3348,No
3349,No
3350,No
3351,No
3352,No
3353,Yes
3354,No
3355,No
3356,No
3357,No
3358,Yes
3359,No
3360,No
3361,No
3362,No
3363,Yes
3364,No
3365,No
3366,No
3367,Yes
3368,No
3369,No
3370,No
3371,Yes
3372,Yes
3373,No
3374,No
3375,No
3376,Yes
3377,No
3378,No
3379,No
3380,No
3381,No
3382,No
3383,Yes
3384,Yes
3385,Yes
3386,Yes
3387,No
3388,Yes
3389,Yes
3390,No
3391,Yes
3392,No
3393,No
3394,No
3395,Yes
3396,Yes
3397,Yes
3398,No
3399,No
3400,No
3401,No
3402,No
3403,Yes
3404,No
3405,No
3406,No
3407,No
3408,No
3409,No
3410,No
3411,No
3412,No
3413,No
3414,No
3415,No
3416,No
3417,No
3418,No
3419,No
3420,No
3421,No
3422,No
3423,Yes
3424,Yes
3425,Yes
3426,No
3427,No
3428,No
3429,No
3430,No
3431,No
3432,No
3433,No
3434,No
3435,No
3436,Yes
3437,Yes
3438,No
3439,Yes
3440,No
3441,No
3442,No
3443,No
3444,No
3445,No
3446,Yes
3447,No
3448,No
3449,Yes
3450,Yes
3451,No
3452,No
3453,No
3454,No
3455,No
3456,No
3457,No
3458,No
3459,Yes
3460,No
3461,No
3462,No
3463,No
3464,Yes
3465,No
3466,No
3467,Yes
3468,No
3469,No
3470,Yes
3471,No
3472,Yes
3473,No
3474,Yes
3475,Yes
3476,No
3477,Yes
3478,No
3479,Yes
3480,Yes
3481,No
3482,Yes
3483,No
3484,Yes
3485,No
3486,Yes
3487,No
3488,Yes
3489,No
3490,No
3491,Yes
3492,No
3493,No
3494,No
3495,Yes
3496,No
3497,No
3498,No
3499,Yes
3500,Yes
3501,No
3502,Yes
3503,No
3504,Yes
3505,No
3506,No
3507,No
3508,No
3509,No
3510,No
3511,Yes
3512,No
3513,No
3514,Yes
3515,No
3516,No
3517,No
3518,Yes
3519,No
3520,No
3521,Yes
3522,No
3523,No
3524,No
3525,No
3526,No
3527,Yes
3528,No
3529,Yes
3530,No
3531,No
3532,Yes
3533,No
3534,Yes
3535,No
3536,No
3537,No
3538,No
3539,No
3540,No
3541,No
3542,No
3543,No
3544,Yes
3545,No
3546,No
3547,No
3548,Yes
3549,Yes
3550,No
3551,Yes
3552,Yes
3553,Yes
3554,No
3555,No
3556,No
3557,No
3558,No
3559,No
3560,No
3561,No
3562,Yes
3563,No
3564,No
3565,Yes
3566,No
3567,Yes
3568,No
3569,Yes
3570,No
3571,No
3572,No
3573,No
3574,No
3575,No
3576,No
3577,No
3578,No
3579,No
3580,No
3581,No
3582,No
3583,No
3584,No
3585,No
3586,Yes
3587,No
3588,No
3589,Yes
3590,No
3591,Yes
3592,No
3593,No
3594,No
3595,Yes
3596,Yes
3597,No
3598,No
3599,No
3600,Yes
3601,No
3602,Yes
3603,No
3604,No
3605,No
3606,No
3607,Yes
3608,No
3609,No
3610,Yes
3611,Yes
3612,Yes
3613,Yes
3614,Yes
3615,No
3616,No
3617,No
3618,No
3619,No
3620,No
3621,No
3622,No
3623,No
3624,No
3625,Yes
3626,No
3627,Yes
3628,No
3629,Yes
3630,No
3631,No
3632,No
3633,Yes
3634,Yes
3635,No
3636,No
3637,No
3638,Yes
3639,No
3640,Yes
3641,No
3642,Yes
3643,No
3644,Yes
3645,No
3646,Yes
3647,No
3648,No
3649,No
3650,No
3651,No
3652,Yes
3653,No
3654,Yes
3655,Yes
3656,No
3657,No
3658,Yes
3659,No
3660,Yes
3661,No
3662,No
3663,No
3664,No
3665,No
3666,No
3667,No
3668,No
3669,Yes
3670,No
3671,No
3672,Yes
3673,No
3674,Yes
3675,No
3676,Yes
3677,No
3678,No
3679,No
3680,No
3681,No
3682,No
3683,No
3684,No
3685,Yes
3686,Yes
3687,Yes
3688,No
3689,No
3690,No
3691,Yes
3692,No
3693,Yes
3694,Yes
3695,No
3696,Yes
3697,No
3698,No
3699,Yes
3700,No
3701,No
3702,No
3703,No
3704,No
3705,Yes
3706,No
3707,Yes
3708,No
3709,No
3710,No
3711,No
3712,No
3713,Yes
3714,No
3715,No
3716,Yes
3717,No
3718,No
3719,No
3720,No
3721,Yes
3722,Yes
3723,Yes
3724,No
3725,No
3726,Yes
3727,No
3728,No
3729,No
3730,No
3731,Yes
3732,No
3733,No
3734,Yes
3735,No
3736,No
3737,No
3738,No
3739,No
3740,No
3741,No
3742,No
3743,No
3744,Yes
3745,No
3746,No
3747,No
3748,No
3749,No
3750,No
3751,Yes
3752,Yes
3753,No
3754,No
3755,No
3756,No
3757,No
3758,No
3759,Yes
3760,No
3761,No
3762,No
3763,No
3764,No
3765,No
3766,No
3767,No
3768,No
3769,No
3770,No
3771,No
3772,No
3773,No
3774,Yes
3775,No
3776,No
3777,No
3778,Yes
3779,No
3780,No
3781,No
3782,No
3783,No
3784,No
3785,Yes
3786,No
3787,Yes
3788,No
3789,No
3790,Yes
3791,No
3792,No
3793,No
3794,Yes
3795,Yes
3796,No
3797,Yes
3798,No
3799,Yes
3800,No
3801,Yes
3802,Yes
3803,No
3804,No
3805,No
3806,No
3807,Yes
3808,No
3809,No
3810,Yes
3811,No
3812,No
3813,No
3814,No
3815,No
3816,No
3817,No
3818,No
3819,No
3820,No
3821,No
3822,No
3823,No
3824,No
3825,Yes
3826,No
3827,Yes
3828,No
3829,Yes
3830,Yes
3831,Yes
3832,No
3833,Yes
3834,Yes
3835,No
3836,No
3837,Yes
3838,Yes
3839,No
3840,No
3841,No
3842,No
3843,No
3844,Yes
3845,Yes
3846,No
3847,No
3848,Yes
3849,No
3850,No
3851,No
3852,Yes
3853,No
3854,No
3855,No
3856,Yes
3857,No
3858,No
3859,No
3860,No
3861,No
3862,No
3863,No
3864,Yes
3865,No
3866,Yes
3867,Yes
3868,No
3869,No
3870,No
3871,Yes
3872,No
3873,Yes
3874,No
3875,No
3876,Yes
3877,No
3878,No
3879,Yes
3880,No
3881,Yes
3882,Yes
3883,No
3884,No
3885,Yes
3886,No
3887,Yes
3888,No
3889,No
3890,No
3891,No
3892,No
3893,Yes
3894,No
3895,No
3896,Yes
3897,No
3898,No
3899,No
3900,No
3901,No
3902,Yes
3903,No
3904,No
3905,No
3906,No
3907,Yes
3908,No
3909,No
3910,No
3911,Yes
3912,No
3913,No
3914,Yes
3915,Yes
3916,No
3917,No
3918,Yes
3919,No
3920,No
3921,Yes
3922,Yes
3923,No
3924,No
3925,Yes
3926,No
3927,No
3928,Yes
3929,No
3930,No
3931,No
3932,No
3933,No
3934,Yes
3935,No
3936,No
3937,No
3938,Yes
3939,No
3940,No
3941,No
3942,Yes
3943,Yes
3944,Yes
3945,No
3946,Yes
3947,Yes
3948,No
3949,No
3950,No
3951,No
3952,Yes
3953,Yes
3954,No
3955,No
3956,No
3957,No
3958,No
3959,No
3960,Yes
3961,No
3962,Yes
3963,Yes
3964,No
3965,Yes
3966,No
3967,No
3968,Yes
3969,No
3970,No
3971,No
3972,Yes
3973,No
3974,No
3975,No
3976,No
3977,No
3978,No
3979,No
3980,No
3981,No
3982,No
3983,No
3984,No
3985,No
3986,Yes
3987,No
3988,Yes
3989,No
3990,No
3991,No
3992,No
3993,No
3994,No
3995,No
3996,No
3997,No
3998,No
3999,Yes
4000,No
4001,No
4002,No
4003,No
4004,No
4005,No
4006,Yes
4007,No
4008,No
4009,No
4010,No
4011,No
4012,Yes
4013,Yes
4014,No
4015,No
4016,Yes
4017,No
4018,No
4019,No
4020,No
4021,No
4022,Yes
4023,No
4024,No
4025,No
4026,No
4027,Yes
4028,No
4029,No
4030,Yes
4031,No
4032,No
4033,No
4034,No
4035,No
4036,No
4037,No
4038,No
4039,No
4040,No
4041,No
4042,No
4043,Yes
4044,No
4045,Yes
4046,Yes
4047,No
4048,No
4049,No
4050,No
4051,No
4052,Yes
4053,Yes
4054,No
4055,No
4056,No
4057,Yes
4058,No
4059,No
4060,No
4061,No
4062,Yes
4063,Yes
4064,Yes
4065,No
4066,No
4067,No
4068,Yes
4069,No
4070,No
4071,No
4072,No
4073,Yes
4074,No
4075,No
4076,No
4077,Yes
4078,No
4079,Yes
4080,No
4081,No
4082,No
4083,No
4084,No
4085,No
4086,Yes
4087,No
4088,Yes
4089,No
4090,No
4091,No
4092,Yes
4093,Yes
4094,Yes
4095,No
4096,No
4097,No
4098,No
4099,Yes
4100,No
4101,No
4102,Yes
4103,No
4104,No
4105,No
4106,No
4107,No
4108,No
4109,No
4110,Yes
4111,No
4112,Yes
4113,Yes
4114,Yes
4115,No
4116,No
4117,No
4118,No
4119,No
4120,No
4121,No
4122,Yes
4123,No
4124,No
4125,No
4126,No
4127,No
4128,Yes
4129,No
4130,No
4131,No
4132,No
4133,No
4134,Yes
4135,No
4136,No
4137,No
4138,No
4139,No
4140,No
4141,No
4142,No
4143,Yes
4144,Yes
4145,No
4146,No
4147,No
4148,Yes
4149,Yes
4150,Yes
4151,Yes
4152,Yes
4153,No
4154,No
4155,No
4156,No
4157,No
4158,No
4159,No
4160,Yes
4161,No
4162,No
4163,Yes
4164,No
4165,No
4166,Yes
4167,No
4168,No
4169,No
4170,No
4171,Yes
4172,No
4173,Yes
4174,No
4175,Yes
4176,No
4177,No
4178,Yes
4179,Yes
4180,No
4181,No
4182,No
4183,No
4184,No
4185,No
4186,No
4187,No
4188,No
4189,No
4190,No
4191,No
4192,Yes
4193,No
4194,Yes
4195,No
4196,No
4197,No
4198,Yes
4199,No
4200,No
4201,No
4202,No
4203,No
4204,No
4205,No
4206,No
4207,No
4208,No
4209,No
4210,No
4211,Yes
4212,Yes
4213,No
4214,Yes
4215,No
4216,No
4217,No
4218,No
4219,No
4220,No
4221,Yes
4222,No
4223,No
4224,Yes
4225,No
4226,No
4227,Yes
4228,No
4229,No
4230,No
4231,Yes
4232,Yes
4233,No
4234,Yes
4235,No
4236,Yes
4237,No
4238,No
4239,No
4240,No
4241,No
4242,No
4243,No
4244,No
4245,No
4246,No
4247,Yes
4248,No
4249,Yes
4250,No
4251,No
4252,Yes
4253,Yes
4254,No
4255,No
4256,No
4257,No
4258,No
4259,No
4260,No
4261,No
4262,No
4263,No
4264,No
4265,Yes
4266,No
4267,No
4268,Yes
4269,No
4270,No
4271,Yes
4272,No
4273,No
4274,Yes
4275,No
4276,Yes
4277,No
4278,No
4279,No
4280,No
4281,Yes
4282,Yes
4283,No
4284,No
4285,No
4286,Yes
4287,Yes
4288,No
4289,No
4290,No
4291,Yes
4292,No
4293,No
4294,No
4295,No
4296,No
4297,No
4298,No
4299,No
4300,No
4301,No
4302,No
4303,No
4304,Yes
4305,No
4306,Yes
4307,Yes
4308,Yes
4309,No
4310,No
4311,Yes
4312,No
4313,No
4314,No
4315,Yes
4316,Yes
4317,No
4318,Yes
4319,No
4320,No
4321,No
4322,No
4323,Yes
4324,No
4325,Yes
4326,No
4327,No
4328,No
4329,Yes
4330,No
4331,No
4332,No
4333,No
4334,No
4335,No
4336,No
4337,No
4338,No
4339,Yes
4340,No
4341,No
4342,No
4343,No
4344,Yes
4345,No
4346,No
4347,No
4348,Yes
4349,No
4350,No
4351,No
4352,No
4353,No
4354,No
4355,Yes
4356,No
4357,Yes
4358,No
4359,No
4360,Yes
4361,No
4362,Yes
4363,No
4364,Yes
4365,No
4366,No
4367,No
4368,Yes
4369,No
4370,No
4371,No
4372,No
4373,Yes
4374,Yes
4375,No
4376,Yes
4377,No
4378,No
4379,No
4380,Yes
4381,No
4382,No
4383,No
4384,No
4385,No
4386,Yes
4387,No
4388,No
4389,No
4390,No
4391,No
4392,Yes
4393,No
4394,No
4395,No
4396,No
4397,No
4398,No
4399,No
4400,Yes
4401,No
4402,No
4403,Yes
4404,No
4405,No
4406,No
4407,No
4408,Yes
4409,No
4410,Yes
4411,No
4412,Yes
4413,No
4414,No
4415,No
4416,No
4417,Yes
4418,No
4419,No
4420,No
4421,No
4422,No
4423,Yes
4424,No
4425,Yes
4426,No
4427,No
4428,Yes
4429,No
4430,No
4431,No
4432,No
4433,Yes
4434,No
4435,No
4436,No
4437,No
4438,No
4439,No
4440,No
4441,No
4442,No
4443,No
4444,Yes
4445,No
4446,Yes
4447,No
4448,No
4449,No
4450,Yes
4451,No
4452,No
4453,No
4454,No
4455,No
4456,No
4457,No
4458,No
4459,No
4460,No
4461,No
4462,No
4463,No
4464,No
4465,No
4466,No
4467,Yes
4468,No
4469,Yes
4470,No
4471,No
4472,Yes
4473,No
4474,Yes
4475,Yes
4476,No
4477,No
4478,Yes
4479,No
4480,No
4481,No
4482,No
4483,No
4484,No
4485,No
4486,Yes
4487,No
4488,No
4489,No
4490,No
4491,No
4492,No
4493,No
4494,Yes
4495,No
4496,No
4497,No
4498,No
4499,Yes
4500,No
4501,No
4502,Yes
4503,No
4504,Yes
4505,No
4506,Yes
4507,No
4508,No
4509,Yes
4510,No
4511,No
4512,No
4513,No
4514,No
4515,No
4516,No
4517,No
4518,No
4519,No
4520,No
4521,Yes
4522,No
4523,Yes
4524,Yes
4525,No
4526,Yes
4527,No
4528,Yes
4529,No
4530,No
4531,No
4532,No
4533,No
4534,No
4535,No
4536,No
4537,Yes
4538,No
4539,No
4540,No
4541,No
4542,No
4543,No
4544,No
4545,No
4546,Yes
4547,No
4548,No
4549,No
4550,Yes
4551,No
4552,No
4553,No
4554,No
4555,No
4556,No
4557,Yes
4558,No
4559,No
4560,No
4561,No
4562,No
4563,Yes
4564,Yes
4565,No
4566,No
4567,Yes
4568,No
4569,No
4570,No
4571,No
4572,No
4573,No
4574,Yes
4575,Yes
4576,No
4577,Yes
4578,No
4579,Yes
4580,Yes
4581,No
4582,Yes
4583,No
4584,No
4585,No
4586,No
4587,Yes
4588,No
4589,No
4590,No
4591,Yes
4592,Yes
4593,No
4594,No
4595,Yes
4596,No
4597,No
4598,No
4599,Yes
4600,No
4601,No
4602,Yes
4603,No
4604,No
4605,Yes
4606,No
4607,No
4608,No
4609,No
4610,No
4611,Yes
4612,Yes
4613,Yes
4614,No
4615,Yes
4616,No
4617,Yes
4618,Yes
4619,Yes
4620,No
4621,No
4622,No
4623,No
4624,Yes
4625,Yes
4626,No
4627,No
4628,No
4629,No
4630,No
4631,No
4632,No
4633,Yes
4634,Yes
4635,No
4636,Yes
4637,No
4638,No
4639,No
4640,No
4641,No
4642,Yes
4643,Yes
4644,Yes
4645,No
4646,No
4647,No
4648,No
4649,No
4650,Yes
4651,Yes
4652,No
4653,No
4654,No
4655,No
4656,No
4657,No
4658,No
4659,Yes
4660,No
4661,No
4662,No
4663,Yes
4664,No
4665,Yes
4666,Yes
4667,Yes
4668,Yes
4669,No
4670,No
4671,No
4672,No
4673,Yes
4674,Yes
4675,No
4676,No
4677,No
4678,No
4679,No
4680,No
4681,No
4682,No
4683,No
4684,Yes
4685,Yes
4686,No
4687,No
4688,No
4689,No
4690,No
4691,Yes
4692,No
4693,Yes
4694,No
4695,No
4696,No
4697,No
4698,No
4699,No
4700,Yes
4701,No
4702,Yes
4703,No
4704,No
4705,No
4706,Yes
4707,Yes
4708,Yes
4709,No
4710,No
4711,No
4712,No
4713,No
4714,Yes
4715,No
4716,No
4717,Yes
4718,No
4719,No
4720,Yes
4721,No
4722,No
4723,No
4724,Yes
4725,No
4726,Yes
4727,Yes
4728,No
4729,No
4730,Yes
4731,No
4732,No
4733,Yes
4734,No
4735,Yes
4736,Yes
4737,No
4738,No
4739,No
4740,Yes
4741,No
4742,Yes
4743,No
4744,No
4745,No
4746,No
4747,No
4748,No
4749,No
4750,Yes
4751,No
4752,No
4753,No
4754,No
4755,Yes
4756,Yes
4757,No
4758,No
4759,No
4760,No
4761,Yes
4762,No
4763,No
4764,Yes
4765,No
4766,No
4767,No
4768,No
4769,Yes
4770,Yes
4771,No
4772,No
4773,Yes
4774,No
4775,No
4776,Yes
4777,No
4778,No
4779,Yes
4780,No
4781,No
4782,Yes
4783,No
4784,No
4785,Yes
4786,No
4787,No
4788,No
4789,No
4790,No
4791,No
4792,No
4793,No
4794,No
4795,No
4796,No
4797,Yes
4798,Yes
4799,No
4800,Yes
4801,No
4802,No
4803,No
4804,No
4805,No
4806,Yes
4807,Yes
4808,No
4809,No
4810,Yes
4811,No
4812,No
4813,No
4814,Yes
4815,No
4816,Yes
4817,No
4818,No
4819,No
4820,No
4821,No
4822,No
4823,Yes
4824,No
4825,No
4826,No
4827,No
4828,No
4829,No
4830,No
4831,No
4832,No
4833,No
4834,No
4835,No
4836,No
4837,No
4838,No
4839,Yes
4840,No
4841,Yes
4842,No
4843,Yes
4844,No
4845,No
4846,Yes
4847,Yes
4848,Yes
4849,No
4850,No
4851,No
4852,No
4853,No
4854,No
4855,Yes
4856,No
4857,No
4858,Yes
4859,No
4860,No
4861,No
4862,No
4863,Yes
4864,Yes
4865,No
4866,No
4867,No
4868,No
4869,Yes
4870,Yes
4871,No
4872,No
4873,No
4874,No
4875,Yes
4876,No
4877,No
4878,Yes
4879,No
4880,No
4881,No
4882,No
4883,No
4884,No
4885,No
4886,No
4887,Yes
4888,No
4889,No
4890,No
4891,No
4892,Yes
4893,No
4894,No
4895,No
4896,No
4897,Yes
4898,No
4899,No
4900,No
4901,Yes
4902,No
4903,No
4904,Yes
4905,No
4906,No
4907,No
4908,No
4909,Yes
4910,No
4911,Yes
4912,No
4913,No
4914,No
4915,No
4916,Yes
4917,No
4918,No
4919,No
4920,No
4921,Yes
4922,Yes
4923,No
4924,No
4925,Yes
4926,No
4927,Yes
4928,Yes
4929,No
4930,No
4931,No
4932,No
4933,Yes
4934,No
4935,No
4936,Yes
4937,No
4938,No
4939,No
4940,No
4941,No
4942,No
4943,Yes
4944,No
4945,No
4946,No
4947,Yes
4948,No
4949,No
4950,No
4951,No
4952,No
4953,No
4954,No
4955,No
4956,No
4957,No
4958,No
4959,Yes
4960,No
4961,No
4962,No
4963,Yes
4964,Yes
4965,No
4966,Yes
4967,No
4968,Yes
4969,No
4970,No
4971,No
4972,Yes
4973,Yes
4974,No
4975,No
4976,No
4977,No
4978,No
4979,No
4980,Yes
4981,No
4982,No
4983,No
4984,No
4985,No
4986,No
4987,No
4988,No
4989,No
4990,No
4991,Yes
4992,No
4993,No
4994,No
4995,No
4996,No
4997,No
4998,No
4999,No
5000,No
5001,No
5002,Yes
5003,No
5004,No
5005,No
5006,No
5007,No
5008,Yes
5009,Yes
5010,No
5011,Yes
5012,No
5013,Yes
5014,No
5015,No
5016,Yes
5017,No
5018,No
5019,Yes
5020,No
5021,No
5022,Yes
5023,No
5024,Yes
5025,Yes
5026,No
5027,No
5028,Yes
5029,Yes
5030,No
5031,Yes
5032,No
5033,No
5034,No
5035,No
5036,No
5037,No
5038,Yes
5039,No
5040,Yes
5041,No
5042,No
5043,Yes
5044,Yes
5045,No
5046,Yes
5047,No
5048,No
5049,Yes
5050,Yes
5051,No
5052,Yes
5053,No
5054,No
5055,No
5056,No
5057,No
5058,Yes
5059,Yes
5060,No
5061,No
5062,No
5063,No
5064,No
5065,No
5066,Yes
5067,No
5068,No
5069,No
5070,No
5071,No
5072,No
5073,Yes
5074,No
5075,No
5076,No
5077,Yes
5078,Yes
5079,No
5080,No
5081,No
5082,No
5083,No
5084,Yes
5085,Yes
5086,No
5087,Yes
5088,No
5089,No
5090,No
5091,No
5092,No
5093,Yes
5094,Yes
5095,No
5096,No
5097,No
5098,No
5099,No
5100,No
5101,No
5102,Yes
5103,Yes
5104,No
5105,No
5106,No
5107,Yes
5108,Yes
5109,Yes
5110,No
5111,No
5112,No
5113,No
5114,Yes
5115,No
5116,No
5117,Yes
5118,No
5119,No
5120,Yes
5121,No
5122,Yes
5123,No
5124,No
5125,No
5126,Yes
5127,No
5128,No
5129,No
5130,No
5131,No
5132,Yes
5133,Yes
5134,No
5135,No
5136,No
5137,No
5138,No
5139,No
5140,No
5141,No
5142,No
5143,No
5144,Yes
5145,No
5146,No
5147,No
5148,No
5149,Yes
5150,No
5151,No
5152,Yes
5153,No
5154,Yes
5155,No
5156,No
5157,Yes
5158,No
5159,No
5160,No
5161,No
5162,No
5163,No
5164,No
5165,Yes
5166,No
5167,No
5168,No
5169,Yes
5170,No
5171,Yes
5172,No
5173,No
5174,Yes
5175,No
5176,No
5177,No
5178,No
5179,No
5180,Yes
5181,Yes
5182,Yes
5183,No
5184,No
5185,No
5186,Yes
5187,No
5188,Yes
5189,Yes
5190,No
5191,Yes
5192,No
5193,Yes
5194,No
5195,No
5196,Yes
5197,No
5198,No
5199,No
5200,No
5201,No
5202,Yes
5203,No
5204,No
5205,No
5206,No
5207,No
5208,Yes
5209,Yes
5210,No
5211,No
5212,No
5213,No
5214,No
5215,No
5216,No
5217,Yes
5218,No
5219,No
5220,Yes
5221,No
5222,No
5223,No
5224,Yes
5225,No
5226,Yes
5227,No
5228,No
5229,Yes
5230,No
5231,No
5232,No
5233,Yes
5234,No
5235,No
5236,No
5237,Yes
5238,Yes
5239,Yes
5240,No
5241,No
5242,No
5243,No
5244,No
5245,No
5246,Yes
5247,No
5248,No
5249,No
5250,Yes
5251,No
5252,No
5253,No
5254,No
5255,No
5256,No
5257,No
5258,No
5259,No
5260,No
5261,No
5262,No
5263,Yes
5264,No
5265,No
5266,No
5267,No
5268,No
5269,No
5270,No
5271,No
5272,Yes
5273,No
5274,No
5275,No
5276,No
5277,No
5278,Yes
5279,Yes
5280,Yes
5281,No
5282,No
5283,No
5284,Yes
5285,No
5286,No
5287,No
5288,Yes
5289,Yes
5290,No
5291,No
5292,Yes
5293,No
5294,No
5295,No
5296,No
5297,No
5298,No
5299,Yes
5300,Yes
5301,No
5302,No
5303,No
5304,No
5305,No
5306,No
5307,No
5308,No
5309,Yes
5310,No
5311,Yes
5312,No
5313,Yes
5314,No
5315,No
5316,No
5317,Yes
5318,No
5319,No
5320,No
5321,No
5322,Yes
5323,No
5324,No
5325,No
5326,No
5327,Yes
5328,Yes
5329,No
5330,No
5331,No
5332,No
5333,No
5334,Yes
5335,No
5336,No
5337,No
5338,Yes
5339,No
5340,No
5341,Yes
5342,No
5343,No
5344,No
5345,Yes
5346,No
5347,No
5348,Yes
5349,No
5350,Yes
5351,No
5352,No
5353,No
5354,No
5355,No
5356,No
5357,Yes
5358,No
5359,No
5360,No
5361,No
5362,No
5363,No
5364,No
5365,No
5366,No
5367,No
5368,No
5369,No
5370,No
5371,No
5372,Yes
5373,No
5374,No
5375,Yes
5376,No
5377,No
5378,No
5379,No
5380,No
5381,No
5382,No
5383,No
5384,Yes
5385,No
5386,No
5387,No
5388,Yes
5389,No
5390,No
5391,No
5392,No
5393,Yes
5394,Yes
5395,No
5396,No
5397,No
5398,No
5399,No
5400,No
5401,No
5402,No
5403,No
5404,No
5405,Yes
5406,No
5407,No
5408,Yes
5409,No
5410,No
5411,No
5412,No
5413,No
5414,No
5415,Yes
5416,Yes
5417,No
5418,No
5419,No
5420,Yes
5421,No
5422,Yes
5423,Yes
5424,No
5425,No
5426,No
5427,No
5428,No
5429,Yes
5430,No
5431,No
5432,No
5433,No
5434,No
5435,No
5436,No
5437,No
5438,Yes
5439,No
5440,No
5441,No
5442,No
5443,No
5444,Yes
5445,No
5446,No
5447,No
5448,No
5449,No
5450,No
5451,No
5452,No
5453,Yes
5454,No
5455,No
5456,Yes
5457,No
5458,No
5459,No
5460,No
5461,No
5462,No
5463,Yes
5464,Yes
5465,No
5466,No
5467,No
5468,Yes
5469,Yes
5470,No
5471,No
5472,No
5473,Yes
5474,No
5475,No
5476,No
5477,No
5478,No
5479,No
5480,No
5481,No
5482,No
5483,Yes
5484,No
5485,No
5486,Yes
5487,Yes
5488,Yes
5489,No
5490,No
5491,Yes
5492,No
5493,No
5494,No
5495,No
5496,No
5497,Yes
5498,No
5499,No
5500,No
5501,No
5502,Yes
5503,Yes
5504,No
5505,No
5506,No
5507,No
5508,No
5509,No
5510,Yes
5511,No
5512,Yes
5513,No
5514,No
5515,No
5516,No
5517,No
5518,Yes
5519,No
5520,Yes
5521,Yes
5522,Yes
5523,Yes
5524,Yes
5525,Yes
5526,No
5527,No
5528,No
5529,Yes
5530,No
5531,No
5532,No
5533,No
5534,No
5535,No
5536,Yes
5537,No
5538,Yes
5539,Yes
5540,No
5541,No
5542,No
5543,No
5544,No
5545,No
5546,No
5547,Yes
5548,No
5549,Yes
5550,Yes
5551,No
5552,No
5553,No
5554,No
5555,Yes
5556,Yes
5557,Yes
5558,Yes
5559,No
5560,No
5561,No
5562,Yes
5563,No
5564,No
5565,No
5566,No
5567,Yes
5568,No
5569,Yes
5570,No
5571,No
5572,No
5573,Yes
5574,Yes
5575,No
5576,No
5577,Yes
5578,No
5579,Yes
5580,No
5581,No
5582,No
5583,No
5584,No
5585,No
5586,Yes
5587,Yes
5588,Yes
5589,No
5590,No
5591,No
5592,Yes
5593,No
5594,No
5595,No
5596,Yes
5597,No
5598,No
5599,No
5600,Yes
5601,No
5602,No
5603,No
5604,No
5605,No
5606,No
5607,No
5608,No
5609,Yes
5610,No
5611,No
5612,No
5613,No
5614,No
5615,No
5616,Yes
5617,No
5618,No
5619,No
5620,No
5621,No
5622,Yes
5623,No
5624,No
5625,No
5626,Yes
5627,No
5628,No
5629,No
5630,No
5631,No
5632,No
5633,No
5634,Yes
5635,No
5636,No
5637,Yes
5638,Yes
5639,No
5640,No
5641,No
5642,No
5643,Yes
5644,No
5645,Yes
5646,No
5647,No
5648,Yes
5649,No
5650,No
5651,Yes
5652,No
5653,No
5654,No
5655,No
5656,No
5657,No
5658,Yes
5659,No
5660,No
5661,Yes
5662,No
5663,No
5664,No
5665,No
5666,No
5667,No
5668,No
5669,Yes
5670,No
5671,No
5672,Yes
5673,No
5674,No
5675,Yes
5676,No
5677,No
5678,No
5679,No
5680,Yes
5681,No
5682,No
5683,No
5684,No
5685,No
5686,No
5687,No
5688,No
5689,No
5690,No
5691,No
5692,No
5693,No
5694,Yes
5695,No
5696,No
5697,No
5698,No
5699,No
5700,No
5701,No
5702,Yes
5703,Yes
5704,Yes
5705,No
5706,No
5707,Yes
5708,No
5709,No
5710,No
5711,No
5712,Yes
5713,No
5714,No
5715,No
5716,No
5717,Yes
5718,No
5719,Yes
5720,No
5721,Yes
5722,No
5723,Yes
5724,No
5725,No
5726,No
5727,Yes
5728,No
5729,Yes
5730,Yes
5731,No
5732,Yes
5733,No
5734,No
5735,Yes
5736,Yes
5737,No
5738,No
5739,No
5740,No
5741,No
5742,No
5743,No
5744,Yes
5745,No
5746,No
5747,Yes
5748,No
5749,No
5750,No
5751,Yes
5752,No
5753,No
5754,No
5755,No
5756,No
5757,No
5758,No
5759,Yes
5760,No
5761,No
5762,No
5763,No
5764,No
5765,No
5766,Yes
5767,No
5768,No
5769,No
5770,No
5771,No
5772,No
5773,No
5774,No
5775,No
5776,Yes
5777,No
5778,No
5779,Yes
5780,Yes
5781,No
5782,Yes
5783,Yes
5784,No
5785,No
5786,No
5787,No
5788,No
5789,No
5790,No
5791,No
5792,No
5793,No
5794,No
5795,Yes
5796,No
5797,No
5798,No
5799,No
5800,No
5801,Yes
5802,No
5803,No
5804,Yes
5805,Yes
5806,Yes
5807,No
5808,Yes
5809,No
5810,No
5811,No
5812,No
5813,No
5814,No
5815,No
5816,No
5817,No
5818,Yes
5819,No
5820,No
5821,Yes
5822,No
5823,No
5824,No
5825,No
5826,Yes
5827,No
5828,No
5829,No
5830,No
5831,No
5832,No
5833,No
5834,No
5835,No
5836,No
5837,No
5838,Yes
5839,No
5840,No
5841,No
5842,No
5843,No
5844,No
5845,No
5846,No
5847,Yes
5848,No
5849,No
5850,No
5851,No
5852,No
5853,No
5854,Yes
5855,No
5856,Yes
5857,No
5858,No
5859,No
5860,No
5861,No
5862,Yes
5863,No
5864,Yes
5865,No
5866,No
5867,No
5868,No
5869,No
5870,Yes
5871,Yes
5872,Yes
5873,No
5874,No
5875,No
5876,No
5877,Yes
5878,No
5879,No
5880,No
5881,No
5882,No
5883,Yes
5884,Yes
5885,Yes
5886,No
5887,No
5888,No
5889,No
5890,No
5891,Yes
5892,Yes
5893,No
5894,No
5895,No
5896,No
5897,No
5898,No
5899,No
5900,No
5901,No
5902,No
5903,No
5904,No
5905,No
5906,No
5907,No
5908,Yes
5909,No
5910,No
5911,No
5912,No
5913,No
5914,No
5915,No
5916,Yes
5917,Yes
5918,Yes
5919,Yes
5920,Yes
5921,No
5922,No
5923,No
5924,No
5925,No
5926,No
5927,No
5928,No
5929,No
5930,No
5931,No
5932,No
5933,Yes
5934,No
5935,No
5936,No
5937,No
5938,No
5939,No
5940,No
5941,Yes
5942,Yes
5943,Yes
5944,Yes
5945,No
5946,No
5947,Yes
5948,Yes
5949,No
5950,Yes
5951,Yes
5952,No
5953,Yes
5954,No
5955,No
5956,No
5957,No
5958,Yes
5959,Yes
5960,Yes
5961,Yes
5962,No
5963,No
5964,No
5965,No
5966,No
5967,No
5968,Yes
5969,No
5970,No
5971,Yes
5972,No
5973,No
5974,No
5975,Yes
5976,No
5977,No
5978,No
5979,No
5980,No
5981,No
5982,No
5983,No
5984,Yes
5985,Yes
5986,No
5987,No
5988,No
5989,Yes
5990,No
5991,No
5992,No
5993,Yes
5994,Yes
5995,No
5996,No
5997,No
5998,No
5999,No
6000,No
6001,Yes
6002,Yes
6003,No
6004,No
6005,No
6006,No
6007,No
6008,No
6009,Yes
6010,No
6011,No
6012,No
6013,No
6014,No
6015,No
6016,No
6017,Yes
6018,No
6019,Yes
6020,No
6021,No
6022,No
6023,No
6024,Yes
6025,Yes
6026,Yes
6027,No
6028,Yes
6029,No
6030,No
6031,No
6032,Yes
6033,No
6034,No
6035,No
6036,No
6037,No
6038,No
6039,No
6040,No
6041,Yes
6042,Yes
6043,No
6044,No
6045,No
6046,No
6047,No
6048,Yes
6049,No
6050,Yes
6051,No
6052,No
6053,Yes
6054,No
6055,No
6056,No
6057,No
6058,Yes
6059,No
6060,Yes
6061,No
6062,Yes
6063,Yes
6064,No
6065,No
6066,No
6067,No
6068,No
6069,No
6070,Yes
6071,No
6072,No
6073,No
6074,No
6075,No
6076,No
6077,No
6078,No
6079,No
6080,No
6081,No
6082,No
6083,No
6084,No
6085,No
6086,No
6087,No
6088,No
6089,No
6090,No
6091,Yes
6092,Yes
6093,No
6094,Yes
6095,No
6096,No
6097,No
6098,No
6099,No
6100,No
6101,No
6102,No
6103,No
6104,No
6105,No
6106,No
6107,No
6108,No
6109,Yes
6110,No
6111,No
6112,Yes
6113,No
6114,Yes
6115,Yes
6116,No
6117,No
6118,No
6119,No
6120,No
6121,Yes
6122,No
6123,No
6124,Yes
6125,No
6126,No
6127,No
6128,No
6129,Yes
6130,No
6131,No
6132,No
6133,No
6134,No
6135,No
6136,No
6137,No
6138,No
6139,No
6140,No
6141,No
6142,Yes
6143,Yes
6144,Yes
6145,No
6146,No
6147,No
6148,No
6149,No
6150,No
6151,Yes
6152,No
6153,No
6154,No
6155,No
6156,No
6157,No
6158,No
6159,No
6160,Yes
6161,No
6162,Yes
6163,No
6164,No
6165,Yes
6166,No
6167,No
6168,No
6169,No
6170,No
6171,No
6172,Yes
6173,No
6174,No
6175,Yes
6176,No
6177,Yes
6178,No
6179,Yes
6180,No
6181,Yes
6182,No
6183,No
6184,No
6185,Yes
6186,Yes
6187,No
6188,No
6189,No
6190,No
6191,No
6192,No
6193,No
6194,No
6195,No
6196,No
6197,No
6198,No
6199,No
6200,No
6201,Yes
6202,No
6203,No
6204,Yes
6205,No
6206,Yes
6207,No
6208,No
6209,Yes
6210,No
6211,Yes
6212,No
6213,No
6214,No
6215,No
6216,Yes
6217,No
6218,No
6219,No
6220,No
6221,Yes
6222,No
6223,No
6224,No
6225,No
6226,Yes
6227,No
6228,No
6229,No
6230,No
6231,No
6232,No
6233,No
6234,No
6235,No
6236,No
6237,No
6238,No
6239,No
6240,No
6241,No
6242,Yes
6243,No
6244,No
6245,No
6246,Yes
6247,No
6248,No
6249,Yes
6250,Yes
6251,No
6252,No
6253,No
6254,No
6255,Yes
6256,No
6257,No
6258,Yes
6259,No
6260,Yes
6261,No
6262,No
6263,No
6264,No
6265,No
6266,No
6267,No
6268,Yes
6269,No
6270,Yes
6271,No
6272,No
6273,No
6274,Yes
6275,Yes
6276,No
6277,No
6278,No
6279,No
6280,Yes
6281,No
6282,Yes
6283,No
6284,No
6285,Yes
6286,No
6287,No
6288,No
6289,No
6290,Yes
6291,No
6292,No
6293,No
6294,No
6295,Yes
6296,No
6297,No
6298,No
6299,No
6300,No
6301,Yes
6302,Yes
6303,Yes
6304,No
6305,Yes
6306,No
6307,No
6308,Yes
6309,Yes
6310,No
6311,No
6312,No
6313,No
6314,No
6315,No
6316,No
6317,Yes
6318,No
6319,No
6320,No
6321,No
6322,No
6323,No
6324,No
6325,Yes
6326,Yes
6327,No
6328,No
6329,No
6330,No
6331,Yes
6332,No
6333,No
6334,Yes
6335,No
6336,No
6337,No
6338,No
6339,No
6340,No
6341,No
6342,Yes
6343,No
6344,No
6345,No
6346,No
6347,No
6348,No
6349,No
6350,No
6351,No
6352,No
6353,No
6354,No
6355,No
6356,No
6357,Yes
6358,No
6359,No
6360,No
6361,Yes
6362,Yes
6363,No
6364,No
6365,No
6366,Yes
6367,No
6368,Yes
6369,No
6370,No
6371,No
6372,No
6373,No
6374,No
6375,Yes
6376,No
6377,No
6378,No
6379,No
6380,No
6381,No
6382,No
6383,No
6384,Yes
6385,Yes
6386,Yes
6387,No
6388,No
6389,No
6390,No
6391,No
6392,No
6393,Yes
6394,No
6395,Yes
6396,No
6397,No
6398,No
6399,No
6400,No
6401,No
6402,No
6403,Yes
6404,Yes
6405,No
6406,No
6407,No
6408,No
6409,No
6410,No
6411,No
6412,Yes
6413,No
6414,No
6415,No
6416,No
6417,No
6418,Yes
6419,No
6420,No
6421,Yes
6422,No
6423,No
6424,No
6425,No
6426,No
6427,No
6428,No
6429,No
6430,No
6431,No
6432,No
6433,No
6434,No
6435,No
6436,No
6437,No
6438,No
6439,Yes
6440,Yes
6441,No
6442,No
6443,Yes
6444,No
6445,No
6446,No
6447,No
6448,No
6449,No
6450,Yes
6451,No
6452,No
6453,No
6454,No
6455,No
6456,No
6457,No
6458,No
6459,No
6460,No
6461,Yes
6462,No
6463,No
6464,No
6465,Yes
6466,No
6467,Yes
6468,No
6469,No
6470,No
6471,Yes
6472,No
6473,No
6474,Yes
6475,No
6476,No
6477,No
6478,Yes
6479,Yes
6480,Yes
6481,No
6482,No
6483,Yes
6484,No
6485,No
6486,No
6487,No
6488,No
6489,No
6490,No
6491,Yes
6492,No
6493,Yes
6494,No
6495,No
6496,No
6497,No
6498,No
6499,No
6500,Yes
6501,No
6502,Yes
6503,No
6504,Yes
6505,No
6506,No
6507,No
6508,No
6509,No
6510,Yes
6511,No
6512,No
6513,No
6514,No
6515,Yes
6516,No
6517,Yes
6518,No
6519,Yes
6520,Yes
6521,Yes
6522,No
6523,No
6524,No
6525,Yes
6526,No
6527,Yes
6528,No
6529,No
6530,Yes
6531,Yes
6532,No
6533,No
6534,Yes
6535,Yes
6536,No
6537,No
6538,No
6539,No
6540,Yes
6541,Yes
6542,No
6543,Yes
6544,No
6545,No
6546,No
6547,No
6548,No
6549,No
6550,Yes
6551,No
6552,No
6553,Yes
6554,Yes
6555,No
6556,No
6557,No
6558,No
6559,No
6560,No
6561,No
6562,No
6563,Yes
6564,Yes
6565,No
6566,No
6567,No
6568,No
6569,No
6570,Yes
6571,No
6572,No
6573,No
6574,Yes
6575,Yes
6576,No
6577,No
6578,No
6579,No
6580,Yes
6581,No
6582,No
6583,No
6584,No
6585,No
6586,No
6587,Yes
6588,No
6589,No
6590,Yes
6591,No
6592,No
6593,No
6594,No
6595,Yes
6596,Yes
6597,No
6598,Yes
6599,No
6600,No
6601,No
6602,No
6603,No
6604,No
6605,No
6606,No
6607,Yes
6608,No
6609,Yes
6610,No
6611,No
6612,No
6613,Yes
6614,Yes
6615,No
6616,Yes
6617,No
6618,No
6619,No
6620,No
6621,Yes
6622,No
6623,No
6624,No
6625,No
6626,No
6627,No
6628,Yes
6629,Yes
6630,No
6631,No
6632,Yes
6633,No
6634,Yes
6635,Yes
6636,No
6637,Yes
6638,No
6639,No
6640,No
6641,Yes
6642,No
6643,No
6644,No
6645,No
6646,No
6647,No
6648,Yes
6649,No
6650,No
6651,No
6652,No
6653,No
6654,No
6655,No
6656,No
6657,Yes
6658,No
6659,No
6660,No
6661,No
6662,No
6663,Yes
6664,No
6665,Yes
6666,Yes
6667,No
6668,Yes
6669,No
6670,No
6671,Yes
6672,No
6673,No
6674,No
6675,No
6676,No
6677,No
6678,No
6679,No
6680,No
6681,No
6682,No
6683,No
6684,Yes
6685,Yes
6686,No
6687,No
6688,No
6689,Yes
6690,No
6691,No
6692,No
6693,No
6694,No
6695,No
6696,No
6697,No
6698,No
6699,No
6700,No
6701,No
6702,Yes
6703,No
6704,No
6705,Yes
6706,No
6707,Yes
6708,Yes
6709,Yes
6710,Yes
6711,Yes
6712,Yes
6713,No
6714,No
6715,No
6716,Yes
6717,No
6718,No
6719,No
6720,Yes
6721,Yes
6722,No
6723,Yes
6724,No
6725,Yes
6726,No
6727,Yes
6728,Yes
6729,No
6730,No
6731,Yes
6732,No
6733,No
6734,Yes
6735,Yes
6736,Yes
6737,No
6738,No
6739,No
6740,No
6741,Yes
6742,Yes
6743,No
6744,No
6745,No
6746,No
6747,Yes
6748,Yes
6749,No
6750,Yes
6751,No
6752,No
6753,Yes
6754,No
6755,No
6756,Yes
6757,Yes
6758,No
6759,No
6760,No
6761,No
6762,No
6763,Yes
6764,No
6765,No
6766,No
6767,No
6768,No
6769,No
6770,No
6771,No
6772,No
6773,Yes
6774,Yes
6775,No
6776,Yes
6777,No
6778,No
6779,Yes
6780,Yes
6781,No
6782,Yes
6783,No
6784,No
6785,Yes
6786,No
6787,No
6788,No
6789,No
6790,No
6791,No
6792,No
6793,No
6794,No
6795,Yes
6796,No
6797,No
6798,No
6799,Yes
6800,Yes
6801,Yes
6802,No
6803,No
6804,No
6805,Yes
6806,No
6807,No
6808,No
6809,No
6810,Yes
6811,Yes
6812,No
6813,No
6814,No
6815,Yes
6816,Yes
6817,No
6818,No
6819,Yes
6820,No
6821,Yes
6822,No
6823,No
6824,No
6825,No
6826,No
6827,No
6828,No
6829,Yes
6830,Yes
6831,No
6832,No
6833,No
6834,No
6835,No
6836,No
6837,Yes
6838,No
6839,No
6840,Yes
6841,No
6842,No
6843,Yes
6844,Yes
6845,Yes
6846,Yes
6847,No
6848,No
6849,No
6850,Yes
6851,No
6852,No
6853,No
6854,No
6855,No
6856,Yes
6857,No
6858,No
6859,No
6860,Yes
6861,Yes
6862,No
6863,No
6864,No
6865,Yes
6866,No
6867,No
6868,No
6869,No
6870,Yes
6871,No
6872,Yes
6873,No
6874,No
6875,No
6876,No
6877,Yes
6878,No
6879,No
6880,Yes
6881,No
6882,Yes
6883,No
6884,No
6885,No
6886,No
6887,No
6888,Yes
6889,Yes
6890,No
6891,No
6892,No
6893,No
6894,No
6895,No
6896,No
6897,Yes
6898,Yes
6899,No
6900,No
6901,No
6902,No
6903,No
6904,Yes
6905,Yes
6906,Yes
6907,Yes
6908,No
6909,No
6910,No
6911,Yes
6912,No
6913,Yes
6914,Yes
6915,No
6916,Yes
6917,No
6918,No
6919,Yes
6920,No
6921,No
6922,No
6923,Yes
6924,Yes
6925,No
6926,No
6927,No
6928,No
6929,No
6930,No
6931,No
6932,No
6933,No
6934,Yes
6935,No
6936,No
6937,No
6938,No
6939,No
6940,No
6941,No
6942,Yes
6943,No
6944,Yes
6945,No
6946,No
6947,No
6948,No
6949,No
6950,No
6951,No
6952,No
6953,No
6954,No
6955,No
6956,No
6957,No
6958,No
6959,Yes
6960,No
6961,Yes
6962,No
6963,No
6964,No
6965,Yes
6966,No
6967,No
6968,Yes
6969,Yes
6970,No
6971,No
6972,No
6973,Yes
6974,No
6975,Yes
6976,Yes
6977,No
6978,No
6979,Yes
6980,No
6981,Yes
6982,Yes
6983,Yes
6984,Yes
6985,Yes
6986,No
6987,No
6988,No
6989,No
6990,No
6991,No
6992,No
6993,No
6994,No
6995,No
6996,No
6997,No
6998,Yes
6999,No
7000,No
7001,No
7002,No
7003,No
7004,No
7005,No
7006,No
7007,Yes
7008,No
7009,Yes
7010,No
7011,No
7012,Yes
7013,Yes
7014,No
7015,Yes
7016,No
7017,No
7018,No
7019,No
7020,No
7021,Yes
7022,No
7023,No
7024,No
7025,No
7026,No
7027,No
7028,No
7029,Yes
7030,No
7031,No
7032,No
7033,Yes
7034,Yes
7035,No
7036,No
7037,Yes
7038,No
7039,No
7040,Yes
7041,Yes
7042,Yes
7043,No
7044,Yes
7045,Yes
7046,No
7047,No
7048,Yes
7049,No
7050,Yes
7051,Yes
7052,No
7053,No
7054,Yes
7055,Yes
7056,No
7057,No
7058,Yes
7059,No
7060,No
7061,No
7062,No
7063,No
7064,No
7065,No
7066,No
7067,No
7068,No
7069,Yes
7070,No
7071,No
7072,Yes
7073,Yes
7074,Yes
7075,Yes
7076,Yes
7077,No
7078,Yes
7079,Yes
7080,No
7081,No
7082,Yes
7083,No
7084,No
7085,No
7086,No
7087,Yes
7088,No
7089,Yes
7090,No
7091,No
7092,Yes
7093,Yes
7094,No
7095,No
7096,No
7097,No
7098,No
7099,No
7100,No
7101,No
7102,Yes
7103,No
7104,Yes
7105,No
7106,No
7107,No
7108,No
7109,No
7110,Yes
7111,No
7112,Yes
7113,No
7114,Yes
7115,No
7116,No
7117,Yes
7118,No
7119,No
7120,No
7121,Yes
7122,No
7123,No
7124,No
7125,No
7126,Yes
7127,No
7128,No
7129,Yes
7130,Yes
7131,Yes
7132,No
7133,No
7134,No
7135,No
7136,No
7137,No
7138,No
7139,Yes
7140,No
7141,No
7142,Yes
7143,Yes
7144,No
7145,No
7146,No
7147,No
7148,No
7149,No
7150,No
7151,Yes
7152,No
7153,Yes
7154,No
7155,No
7156,No
7157,No
7158,Yes
7159,Yes
7160,Yes
7161,No
7162,No
7163,No
7164,No
7165,No
7166,No
7167,Yes
7168,Yes
7169,No
7170,No
7171,No
7172,No
7173,No
7174,No
7175,No
7176,No
7177,Yes
7178,No
7179,Yes
7180,No
7181,No
7182,Yes
7183,Yes
7184,Yes
7185,Yes
7186,No
7187,No
7188,No
7189,No
7190,No
7191,No
7192,No
7193,No
7194,No
7195,No
7196,Yes
7197,No
7198,Yes
7199,Yes
7200,No
7201,No
7202,No
7203,No
7204,Yes
7205,No
7206,No
7207,No
7208,No
7209,No
7210,No
7211,No
7212,Yes
7213,No
7214,Yes
7215,Yes
7216,Yes
7217,No
7218,No
7219,No
7220,No
7221,No
7222,No
7223,No
7224,Yes
7225,No
7226,No
7227,Yes
7228,No
7229,No
7230,No
7231,No
7232,No
7233,No
7234,Yes
7235,Yes
7236,No
7237,No
7238,No
7239,No
7240,No
7241,No
7242,No
7243,Yes
7244,Yes
7245,Yes
7246,No
7247,Yes
7248,Yes
7249,No
7250,No
7251,No
7252,No
7253,Yes
7254,No
7255,No
7256,No
7257,Yes
7258,No
7259,No
7260,No
7261,No
7262,No
7263,Yes
7264,No
7265,No
7266,No
7267,No
7268,No
7269,Yes
7270,No
7271,No
7272,Yes
7273,Yes
7274,Yes
7275,No
7276,No
7277,No
7278,No
7279,No
7280,No
7281,No
7282,No
7283,No
7284,No
7285,Yes
7286,Yes
7287,No
7288,No
7289,No
7290,No
7291,Yes
7292,No
7293,Yes
7294,No
7295,No
7296,No
7297,Yes
7298,No
7299,No
7300,Yes
7301,No
7302,No
7303,No
7304,No
7305,No
7306,Yes
7307,No
7308,Yes
7309,No
7310,No
7311,No
7312,No
7313,No
7314,Yes
7315,No
7316,No
7317,No
7318,No
7319,Yes
7320,Yes
7321,No
7322,Yes
7323,No
7324,No
7325,No
7326,Yes
7327,Yes
7328,No
7329,No
7330,No
7331,No
7332,No
7333,No
7334,No
7335,Yes
7336,No
7337,Yes
7338,No
7339,No
7340,Yes
7341,No
7342,No
7343,No
7344,No
7345,No
7346,No
7347,No
7348,No
7349,No
7350,Yes
7351,Yes
7352,No
7353,Yes
7354,No
7355,No
7356,No
7357,No
7358,No
7359,No
7360,No
7361,No
7362,No
7363,No
7364,No
7365,No
7366,No
7367,Yes
7368,No
7369,No
7370,No
7371,No
7372,Yes
7373,No
7374,No
7375,No
7376,No
7377,No
7378,Yes
7379,No
7380,No
7381,No
7382,No
7383,Yes
7384,Yes
7385,Yes
7386,Yes
7387,No
7388,No
7389,No
7390,No
7391,No
7392,No
7393,No
7394,No
7395,No
7396,No
7397,No
7398,No
7399,Yes
7400,No
7401,No
7402,No
7403,No
7404,No
7405,No
7406,No
7407,No
7408,No
7409,Yes
7410,No
7411,No
7412,No
7413,No
7414,Yes
7415,No
7416,No
7417,No
7418,No
7419,No
7420,Yes
7421,No
7422,No
7423,No
7424,No
7425,No
7426,No
7427,Yes
7428,No
7429,No
7430,No
7431,Yes
7432,No
7433,Yes
7434,No
7435,No
7436,No
7437,No
7438,No
7439,No
7440,No
7441,No
7442,Yes
7443,No
7444,No
7445,Yes
7446,No
7447,Yes
7448,No
7449,Yes
7450,No
7451,Yes
7452,Yes
7453,No
7454,No
7455,Yes
7456,Yes
7457,No
7458,No
7459,No
7460,No
7461,Yes
7462,Yes
7463,Yes
7464,Yes
7465,Yes
7466,No
7467,Yes
7468,No
7469,Yes
7470,No
7471,No
7472,No
7473,No
7474,No
7475,No
7476,No
7477,Yes
7478,No
7479,No
7480,No
7481,No
7482,Yes
7483,No
7484,No
7485,Yes
7486,No
7487,Yes
7488,No
7489,No
7490,Yes
7491,No
7492,No
7493,Yes
7494,No
7495,No
7496,No
7497,No
7498,No
7499,No
7500,No
7501,Yes
7502,No
7503,No
7504,No
7505,No
7506,No
7507,No
7508,No
7509,No
7510,No
7511,No
7512,No
7513,No
7514,No
7515,Yes
7516,No
7517,Yes
7518,No
7519,No
7520,No
7521,No
7522,Yes
7523,Yes
7524,No
7525,No
7526,No
7527,No
7528,No
7529,No
7530,No
7531,No
7532,Yes
7533,No
7534,No
7535,No
7536,No
7537,No
7538,No
7539,No
7540,No
7541,No
7542,No
7543,Yes
7544,No
7545,Yes
7546,Yes
7547,No
7548,No
7549,No
7550,No
7551,No
7552,No
7553,Yes
7554,No
7555,No
7556,Yes
7557,No
7558,Yes
7559,No
7560,Yes
7561,No
7562,No
7563,No
7564,No
7565,No
7566,Yes
7567,No
7568,Yes
7569,No
7570,Yes
7571,No
7572,No
7573,No
7574,No
7575,No
7576,No
7577,Yes
7578,No
7579,No
7580,No
7581,No
7582,No
7583,No
7584,No
7585,No
7586,No
7587,Yes
7588,No
7589,No
7590,No
7591,No
7592,No
7593,No
7594,No
7595,No
7596,No
7597,No
7598,Yes
7599,No
7600,Yes
7601,No
7602,No
7603,No
7604,No
7605,No
7606,No
7607,No
7608,No
7609,Yes
7610,Yes
7611,No
7612,No
7613,No
7614,Yes
7615,No
7616,No
7617,No
7618,No
7619,No
7620,No
7621,No
7622,No
7623,No
7624,No
7625,No
7626,No
7627,No
7628,No
7629,No
7630,No
7631,No
7632,No
7633,No
7634,Yes
7635,No
7636,No
7637,No
7638,No
7639,Yes
7640,No
7641,No
7642,Yes
7643,No
7644,No
7645,No
7646,Yes
7647,No
7648,No
7649,Yes
7650,No
7651,Yes
7652,No
7653,No
7654,Yes
7655,No
7656,No
7657,No
7658,Yes
7659,Yes
7660,No
7661,No
7662,Yes
7663,No
7664,Yes
7665,No
7666,No
7667,No
7668,No
7669,No
7670,No
7671,No
7672,No
7673,No
7674,Yes
7675,No
7676,Yes
7677,No
7678,No
7679,No
7680,No
7681,No
7682,No
7683,No
7684,No
7685,No
7686,Yes
7687,Yes
7688,No
7689,Yes
7690,No
7691,No
7692,Yes
7693,No
7694,Yes
7695,No
7696,No
7697,No
7698,Yes
7699,No
7700,Yes
7701,No
7702,No
7703,No
7704,No
7705,No
7706,No
7707,No
7708,No
7709,No
7710,No
7711,No
7712,No
7713,No
7714,Yes
7715,No
7716,No
7717,No
7718,Yes
7719,Yes
7720,No
7721,No
7722,No
7723,No
7724,No
7725,No
7726,Yes
7727,No
7728,No
7729,No
7730,No
7731,No
7732,No
7733,No
7734,No
7735,No
7736,No
7737,No
7738,No
7739,No
7740,No
7741,No
7742,Yes
7743,No
7744,No
7745,No
7746,Yes
7747,No
7748,No
7749,No
7750,No
7751,No
7752,No
7753,No
7754,No
7755,Yes
7756,Yes
7757,No
7758,No
7759,Yes
7760,No
7761,No
7762,Yes
7763,Yes
7764,No
7765,No
7766,No
7767,No
7768,Yes
7769,No
7770,No
7771,Yes
7772,Yes
7773,No
7774,No
7775,Yes
7776,Yes
7777,Yes
7778,No
7779,Yes
7780,Yes
7781,No
7782,No
7783,No
7784,Yes
7785,No
7786,No
7787,No
7788,Yes
7789,No
7790,No
7791,Yes
7792,No
7793,Yes
7794,Yes
7795,No
7796,Yes
7797,No
7798,No
7799,No
7800,Yes
7801,No
7802,Yes
7803,Yes
7804,No
7805,Yes
7806,No
7807,Yes
7808,No
7809,No
7810,No
7811,No
7812,Yes
7813,Yes
7814,No
7815,Yes
7816,No
7817,No
7818,Yes
7819,No
7820,No
7821,Yes
7822,No
7823,No
7824,Yes
7825,No
7826,Yes
7827,No
7828,No
7829,No
7830,No
7831,No
7832,No
7833,No
7834,No
7835,Yes
7836,Yes
7837,No
7838,No
7839,No
7840,No
7841,No
7842,No
7843,No
7844,No
7845,No
7846,No
7847,Yes
7848,No
7849,No
7850,Yes
7851,No
7852,No
7853,No
7854,Yes
7855,No
7856,No
7857,No
7858,No
7859,No
7860,No
7861,No
7862,Yes
7863,No
7864,No
7865,Yes
7866,Yes
7867,No
7868,No
7869,Yes
7870,Yes
7871,Yes
7872,Yes
7873,Yes
7874,No
7875,No
7876,Yes
7877,No
7878,No
7879,No
7880,No
7881,No
7882,No
7883,No
7884,No
7885,No
7886,Yes
7887,No
7888,No
7889,No
7890,Yes
7891,No
7892,No
7893,No
7894,Yes
7895,No
7896,No
7897,No
7898,No
7899,No
7900,No
7901,No
7902,No
7903,No
7904,No
7905,No
7906,No
7907,No
7908,No
7909,No
7910,Yes
7911,No
7912,No
7913,No
7914,Yes
7915,No
7916,Yes
7917,Yes
7918,Yes
7919,No
7920,No
7921,No
7922,No
7923,Yes
7924,No
7925,No
7926,No
7927,No
7928,No
7929,Yes
7930,No
7931,No
7932,No
7933,No
7934,No
7935,No
7936,Yes
7937,No
7938,Yes
7939,No
7940,No
7941,No
7942,No
7943,No
7944,No
7945,No
7946,No
7947,Yes
7948,No
7949,Yes
7950,No
7951,No
7952,No
7953,Yes
7954,Yes
7955,No
7956,No
7957,Yes
7958,No
7959,No
7960,No
7961,No
7962,No
7963,No
7964,Yes
7965,No
7966,No
7967,No
7968,No
7969,No
7970,No
7971,No
7972,No
7973,Yes
7974,No
7975,No
7976,Yes
7977,No
7978,No
7979,Yes
7980,No
7981,No
7982,No
7983,No
7984,No
7985,No
7986,Yes
7987,Yes
7988,No
7989,No
7990,Yes
7991,No
7992,Yes
7993,No
7994,No
7995,No
7996,No
7997,No
7998,Yes
7999,No
8000,No
8001,No
8002,Yes
8003,No
8004,No
8005,Yes
8006,No
8007,No
8008,No
8009,No
8010,No
8011,Yes
8012,No
8013,Yes
8014,Yes
8015,Yes
8016,Yes
8017,Yes
8018,No
8019,Yes
8020,No
8021,No
8022,No
8023,No
8024,No
8025,No
8026,No
8027,No
8028,No
8029,No
8030,No
8031,Yes
8032,No
8033,No
8034,Yes
8035,No
8036,Yes
8037,Yes
8038,No
8039,No
8040,Yes
8041,No
8042,Yes
8043,No
8044,No
8045,No
8046,No
8047,No
8048,No
8049,Yes
8050,No
8051,No
8052,No
8053,No
8054,No
8055,No
8056,No
8057,No
8058,Yes
8059,No
8060,No
8061,No
8062,No
8063,Yes
8064,No
8065,No
8066,No
8067,Yes
8068,No
8069,No
8070,No
8071,No
8072,No
8073,No
8074,No
8075,No
8076,No
8077,No
8078,No
8079,No
8080,Yes
8081,No
8082,Yes
8083,No
8084,No
8085,No
8086,Yes
8087,No
8088,No
8089,No
8090,Yes
8091,No
8092,No
8093,Yes
8094,Yes
8095,Yes
8096,No
8097,No
8098,No
8099,Yes
8100,No
8101,Yes
8102,No
8103,No
8104,No
8105,No
8106,Yes
8107,No
8108,No
8109,No
8110,Yes
8111,Yes
8112,No
8113,No
8114,Yes
8115,No
8116,No
8117,No
8118,No
8119,No
8120,No
8121,Yes
8122,No
8123,No
8124,No
8125,No
8126,Yes
8127,No
8128,Yes
8129,No
8130,Yes
8131,No
8132,No
8133,No
8134,No
8135,No
8136,No
8137,No
8138,Yes
8139,No
8140,Yes
8141,No
8142,No
8143,No
8144,Yes
8145,Yes
8146,No
8147,No
8148,No
8149,No
8150,No
8151,Yes
8152,No
8153,No
8154,No
8155,Yes
8156,Yes
8157,No
8158,Yes
8159,No
8160,No
8161,No
8162,No
8163,No
8164,No
8165,No
8166,Yes
8167,Yes
8168,No
8169,No
8170,No
8171,Yes
8172,Yes
8173,No
8174,No
8175,No
8176,No
8177,No
8178,No
8179,No
8180,No
8181,Yes
8182,No
8183,No
8184,Yes
8185,Yes
8186,Yes
8187,No
8188,No
8189,Yes
8190,No
8191,No
8192,Yes
8193,No
8194,No
8195,No
8196,No
8197,No
8198,No
8199,No
8200,Yes
8201,No
8202,Yes
8203,No
8204,No
8205,Yes
8206,No
8207,No
8208,Yes
8209,No
8210,No
8211,No
8212,No
8213,Yes
8214,Yes
8215,No
8216,Yes
8217,No
8218,Yes
8219,No
8220,Yes
8221,No
8222,No
8223,No
8224,Yes
8225,No
8226,Yes
8227,Yes
8228,No
8229,No
8230,No
8231,No
8232,Yes
8233,No
8234,No
8235,No
8236,No
8237,No
8238,No
8239,No
8240,No
8241,No
8242,Yes
8243,No
8244,No
8245,No
8246,No
8247,No
8248,No
8249,Yes
8250,No
8251,No
8252,Yes
8253,No
8254,No
8255,Yes
8256,No
8257,No
8258,No
8259,Yes
8260,Yes
8261,Yes
8262,No
8263,Yes
8264,No
8265,No
8266,No
8267,No
8268,No
8269,No
8270,No
8271,No
8272,No
8273,No
8274,No
8275,No
8276,No
8277,Yes
8278,No
8279,No
8280,No
8281,No
8282,No
8283,No
8284,No
8285,No
8286,No
8287,No
8288,No
8289,No
8290,No
8291,No
8292,No
8293,No
8294,No
8295,No
8296,No
8297,No
8298,No
8299,Yes
8300,No
8301,No
8302,No
8303,No
8304,No
8305,No
8306,No
8307,Yes
8308,Yes
8309,Yes
8310,Yes
8311,No
8312,No
8313,No
8314,Yes
8315,No
8316,No
8317,No
8318,No
8319,Yes
8320,Yes
8321,No
8322,No
8323,Yes
8324,No
8325,No
8326,No
8327,Yes
8328,No
8329,Yes
8330,No
8331,No
8332,Yes
8333,No
8334,Yes
8335,No
8336,Yes
8337,No
8338,No
8339,No
8340,No
8341,Yes
8342,No
8343,No
8344,No
8345,No
8346,Yes
8347,No
8348,Yes
8349,No
8350,Yes
8351,No
8352,Yes
8353,Yes
8354,Yes
8355,No
8356,Yes
8357,No
8358,No
8359,No
8360,No
8361,No
8362,No
8363,No
8364,Yes
8365,Yes
8366,No
8367,No
8368,No
8369,No
8370,Yes
8371,No
8372,No
8373,No
8374,No
8375,Yes
8376,Yes
8377,No
8378,No
8379,No
8380,No
8381,Yes
8382,No
8383,Yes
8384,No
8385,No
8386,No
8387,Yes
8388,Yes
8389,No
8390,No
8391,No
8392,No
8393,Yes
8394,No
8395,No
8396,No
8397,No
8398,No
8399,No
8400,No
8401,No
8402,Yes
8403,No
8404,No
8405,No
8406,Yes
8407,No
8408,No
8409,Yes
8410,No
8411,Yes
8412,No
8413,No
8414,No
8415,Yes
8416,No
8417,No
8418,No
8419,Yes
8420,No
8421,Yes
8422,No
8423,No
8424,No
8425,No
8426,No
8427,Yes
8428,No
8429,No
8430,Yes
8431,No
8432,Yes
8433,No
8434,No
8435,No
8436,No
8437,No
8438,No
8439,Yes
8440,No
8441,No
8442,No
8443,No
8444,No
8445,Yes
8446,No
8447,No
8448,No
8449,Yes
8450,Yes
8451,Yes
8452,No
8453,No
8454,No
8455,Yes
8456,No
8457,No
8458,Yes
8459,No
8460,No
8461,Yes
8462,Yes
8463,Yes
8464,No
8465,No
8466,Yes
8467,No
8468,Yes
8469,No
8470,No
8471,Yes
8472,Yes
8473,No
8474,No
8475,Yes
8476,No
8477,Yes
8478,No
8479,No
8480,No
8481,No
8482,No
8483,No
8484,No
8485,No
8486,No
8487,No
8488,Yes
8489,No
8490,No
8491,No
8492,No
8493,No
8494,No
8495,No
8496,No
8497,No
8498,No
8499,Yes
8500,No
8501,Yes
8502,Yes
8503,No
8504,Yes
8505,Yes
8506,Yes
8507,No
8508,No
8509,No
8510,No
8511,No
8512,No
8513,No
8514,Yes
8515,No
8516,Yes
8517,Yes
8518,No
8519,No
8520,Yes
8521,No
8522,Yes
8523,Yes
8524,Yes
8525,No
8526,No
8527,No
8528,No
8529,No
8530,No
8531,No
8532,No
8533,No
8534,No
8535,Yes
8536,Yes
8537,No
8538,No
8539,No
8540,Yes
8541,No
8542,No
8543,No
8544,No
8545,Yes
8546,Yes
8547,Yes
8548,No
8549,Yes
8550,Yes
8551,Yes
8552,No
8553,No
8554,Yes
8555,No
8556,No
8557,No
8558,Yes
8559,Yes
8560,No
8561,Yes
8562,No
8563,No
8564,No
8565,No
8566,No
8567,Yes
8568,Yes
8569,Yes
8570,No
8571,Yes
8572,No
8573,No
8574,No
8575,No
8576,Yes
8577,Yes
8578,No
8579,No
8580,No
8581,No
8582,Yes
8583,No
8584,No
8585,No
8586,Yes
8587,Yes
8588,Yes
8589,No
8590,No
8591,No
8592,No
8593,No
8594,No
8595,No
8596,No
8597,No
8598,No
8599,No
8600,No
8601,No
8602,Yes
8603,Yes
8604,No
8605,Yes
8606,No
8607,No
8608,No
8609,No
8610,No
8611,Yes
8612,No
8613,No
8614,Yes
8615,No
8616,No
8617,No
8618,Yes
8619,Yes
8620,Yes
8621,Yes
8622,No
8623,No
8624,No
8625,Yes
8626,Yes
8627,Yes
8628,No
8629,No
8630,No
8631,No
8632,Yes
8633,Yes
8634,No
8635,No
8636,No
8637,Yes
8638,No
8639,No
8640,Yes
8641,No
8642,No
8643,No
8644,No
8645,No
8646,No
8647,No
8648,Yes
8649,No
8650,Yes
8651,No
8652,No
8653,No
8654,No
8655,No
8656,No
8657,No
8658,No
8659,Yes
8660,Yes
8661,No
8662,No
8663,Yes
8664,No
8665,No
8666,No
8667,No
8668,Yes
8669,No
8670,No
8671,No
8672,Yes
8673,Yes
8674,Yes
8675,No
8676,Yes
8677,No
8678,No
8679,No
8680,No
8681,No
8682,No
8683,No
8684,No
8685,Yes
8686,No
8687,No
8688,Yes
8689,No
8690,Yes
8691,No
8692,No
8693,No
8694,No
8695,No
8696,No
8697,No
8698,Yes
8699,Yes
8700,Yes
8701,Yes
8702,No
8703,No
8704,No
8705,Yes
8706,No
8707,No
8708,No
8709,No
8710,No
8711,Yes
8712,No
8713,No
8714,No
8715,No
8716,No
8717,No
8718,No
8719,No
8720,Yes
8721,No
8722,No
8723,No
8724,No
8725,No
8726,Yes
8727,No
8728,No
8729,No
8730,Yes
8731,No
8732,No
8733,Yes
8734,No
8735,No
8736,No
8737,No
8738,Yes
8739,Yes
8740,Yes
8741,No
8742,Yes
8743,No
8744,No
8745,Yes
8746,No
8747,No
8748,No
8749,No
8750,No
8751,Yes
8752,No
8753,No
8754,No
8755,Yes
8756,No
8757,No
8758,No
8759,No
8760,Yes
8761,No
8762,No
8763,No
8764,No
8765,Yes
8766,No
8767,No
8768,No
8769,No
8770,No
8771,Yes
8772,No
8773,Yes
8774,No
8775,No
8776,Yes
8777,No
8778,No
8779,Yes
8780,No
8781,Yes
8782,No
8783,No
8784,Yes
8785,Yes
8786,No
8787,No
8788,Yes
8789,No
8790,No
8791,No
8792,No
8793,No
8794,No
8795,No
8796,No
8797,No
8798,No
8799,No
8800,Yes
8801,Yes
8802,No
8803,No
8804,Yes
8805,Yes
8806,Yes
8807,No
8808,No
8809,Yes
8810,No
8811,Yes
8812,Yes
8813,Yes
8814,No
8815,No
8816,No
8817,No
8818,No
8819,No
8820,No
8821,No
8822,No
8823,No
8824,No
8825,No
8826,Yes
8827,No
8828,No
8829,Yes
8830,Yes
8831,No
8832,No
8833,No
8834,No
8835,Yes
8836,No
8837,No
8838,No
8839,No
8840,No
8841,Yes
8842,No
8843,Yes
8844,No
8845,No
8846,No
8847,No
8848,No
8849,Yes
8850,Yes
8851,No
8852,Yes
8853,Yes
8854,No
8855,No
8856,No
8857,No
8858,Yes
8859,Yes
8860,No
8861,No
8862,Yes
8863,No
8864,Yes
8865,Yes
8866,Yes
8867,No
8868,No
8869,No
8870,Yes
8871,No
8872,No
8873,No
8874,Yes
8875,No
8876,Yes
8877,Yes
8878,No
8879,No
8880,No
8881,No
8882,No
8883,No
8884,No
8885,No
8886,No
8887,Yes
8888,Yes
8889,No
8890,No
8891,No
8892,No
8893,No
8894,No
8895,No
8896,No
8897,No
8898,Yes
8899,Yes
8900,No
8901,No
8902,No
8903,No
8904,No
8905,Yes
8906,No
8907,No
8908,No
8909,No
8910,No
8911,No
8912,No
8913,Yes
8914,No
8915,Yes
8916,No
8917,No
8918,Yes
8919,No
8920,No
8921,Yes
8922,Yes
8923,No
8924,No
8925,Yes
8926,No
8927,No
8928,No
8929,No
8930,No
8931,Yes
8932,Yes
8933,No
8934,Yes
8935,No
8936,No
8937,No
8938,No
8939,No
8940,No
8941,Yes
8942,Yes
8943,Yes
8944,Yes
8945,No
8946,No
8947,Yes
8948,No
8949,No
8950,Yes
8951,Yes
8952,No
8953,No
8954,Yes
8955,No
8956,Yes
8957,No
8958,No
8959,Yes
8960,Yes
8961,Yes
8962,No
8963,No
8964,No
8965,No
8966,No
8967,No
8968,No
8969,Yes
8970,No
8971,No
8972,No
8973,No
8974,No
8975,No
8976,No
8977,Yes
8978,No
8979,Yes
8980,No
8981,No
8982,No
8983,No
8984,No
8985,Yes
8986,No
8987,No
8988,No
8989,No
8990,No
8991,No
8992,Yes
8993,No
8994,No
8995,Yes
8996,No
8997,Yes
8998,No
8999,No
9000,No
9001,No
9002,No
9003,No
9004,Yes
9005,Yes
9006,Yes
9007,No
9008,No
9009,No
9010,Yes
9011,Yes
9012,No
9013,No
9014,No
9015,Yes
9016,No
9017,No
9018,No
9019,No
9020,Yes
9021,No
9022,No
9023,No
9024,No
9025,Yes
9026,Yes
9027,No
9028,No
9029,No
9030,No
9031,No
9032,Yes
9033,No
9034,Yes
9035,No
9036,No
9037,No
9038,No
9039,Yes
9040,No
9041,Yes
9042,No
9043,No
9044,No
9045,Yes
9046,No
9047,Yes
9048,Yes
9049,No
9050,No
9051,No
9052,No
9053,Yes
9054,No
9055,No
9056,No
9057,Yes
9058,No
9059,No
9060,No
9061,Yes
9062,No
9063,No
9064,No
9065,No
9066,No
9067,No
9068,No
9069,No
9070,No
9071,No
9072,No
9073,No
9074,No
9075,No
9076,No
9077,No
9078,No
9079,No
9080,No
9081,Yes
9082,No
9083,No
9084,No
9085,No
9086,No
9087,No
9088,No
9089,Yes
9090,No
9091,No
9092,No
9093,No
9094,No
9095,Yes
9096,No
9097,No
9098,No
9099,No
9100,Yes
9101,Yes
9102,No
9103,No
9104,Yes
9105,Yes
9106,No
9107,No
9108,Yes
9109,Yes
9110,No
9111,Yes
9112,No
9113,No
9114,No
9115,No
9116,Yes
9117,No
9118,No
9119,Yes
9120,Yes
9121,No
9122,Yes
9123,Yes
9124,No
9125,No
9126,No
9127,Yes
9128,No
9129,No
9130,No
9131,No
9132,No
9133,No
9134,No
9135,No
9136,No
9137,No
9138,No
9139,No
9140,Yes
9141,No
9142,Yes
9143,Yes
9144,Yes
9145,Yes
9146,No
9147,Yes
9148,Yes
9149,No
9150,No
9151,No
9152,No
9153,Yes
9154,No
9155,Yes
9156,No
9157,No
9158,Yes
9159,No
9160,No
9161,No
9162,No
9163,No
9164,Yes
9165,Yes
9166,No
9167,Yes
9168,No
9169,No
9170,Yes
9171,No
9172,Yes
9173,No
9174,No
9175,No
9176,No
9177,No
9178,Yes
9179,No
9180,Yes
9181,Yes
9182,No
9183,No
9184,No
9185,No
9186,Yes
9187,No
9188,No
9189,Yes
9190,No
9191,No
9192,No
9193,No
9194,No
9195,No
9196,No
9197,No
9198,No
9199,Yes
9200,No
9201,No
9202,No
9203,No
9204,No
9205,No
9206,No
9207,No
9208,Yes
9209,Yes
9210,No
9211,No
9212,No
9213,No
9214,Yes
9215,No
9216,Yes
9217,No
9218,Yes
9219,Yes
9220,Yes
9221,No
9222,Yes
9223,Yes
9224,Yes
9225,No
9226,No
9227,No
9228,No
9229,No
9230,No
9231,No
9232,Yes
9233,No
9234,No
9235,No
9236,Yes
9237,Yes
9238,No
9239,No
9240,No
9241,Yes
9242,No
9243,No
9244,No
9245,No
9246,No
9247,No
9248,No
9249,No
9250,No
9251,No
9252,No
9253,Yes
9254,No
9255,No
9256,Yes
9257,No
9258,No
9259,Yes
9260,No
9261,Yes
9262,Yes
9263,No
9264,Yes
9265,No
9266,No
9267,No
9268,No
9269,No
9270,No
9271,Yes
9272,No
9273,No
9274,No
9275,No
9276,No
9277,No
9278,No
9279,Yes
9280,No
9281,Yes
9282,No
9283,Yes
9284,No
9285,No
9286,Yes
9287,No
9288,No
9289,Yes
9290,No
9291,No
9292,No
9293,No
9294,Yes
9295,No
9296,No
9297,No
9298,Yes
9299,No
9300,No
9301,No
9302,No
9303,No
9304,No
9305,No
9306,Yes
9307,No
9308,No
9309,No
9310,No
9311,No
9312,Yes
9313,No
9314,No
9315,No
9316,Yes
9317,No
9318,No
9319,Yes
9320,No
9321,Yes
9322,No
9323,Yes
9324,No
9325,No
9326,Yes
9327,No
9328,No
9329,No
9330,No
9331,No
9332,Yes
9333,Yes
9334,No
9335,No
9336,Yes
9337,No
9338,Yes
9339,Yes
9340,No
9341,No
9342,No
9343,No
9344,No
9345,No
9346,No
9347,No
9348,Yes
9349,No
9350,No
9351,Yes
9352,Yes
9353,No
9354,No
9355,Yes
9356,No
9357,No
9358,No
9359,No
9360,No
9361,No
9362,No
9363,No
9364,No
9365,No
9366,Yes
9367,No
9368,No
9369,No
9370,No
9371,No
9372,Yes
9373,Yes
9374,No
9375,No
9376,No
9377,No
9378,No
9379,No
9380,No
9381,Yes
9382,No
9383,No
9384,No
9385,No
9386,No
9387,No
9388,Yes
9389,No
9390,No
9391,No
9392,No
9393,No
9394,No
9395,No
9396,No
9397,Yes
9398,No
9399,No
9400,No
9401,No
9402,No
9403,No
9404,No
9405,No
9406,No
9407,No
9408,No
9409,No
9410,No
9411,No
9412,No
9413,No
9414,No
9415,No
9416,No
9417,No
9418,No
9419,Yes
9420,No
9421,No
9422,Yes
9423,No
9424,No
9425,No
9426,Yes
9427,No
9428,No
9429,No
9430,No
9431,No
9432,No
9433,No
9434,Yes
9435,No
9436,Yes
9437,Yes
9438,No
9439,No
9440,No
9441,No
9442,No
9443,No
9444,No
9445,No
9446,No
9447,No
9448,No
9449,No
9450,Yes
9451,No
9452,No
9453,No
9454,No
9455,No
9456,No
9457,No
9458,Yes
9459,No
9460,No
9461,No
9462,No
9463,No
9464,No
9465,Yes
9466,Yes
9467,No
9468,No
9469,No
9470,No
9471,Yes
9472,No
9473,No
9474,No
9475,No
9476,No
9477,Yes
9478,No
9479,Yes
9480,No
9481,No
9482,No
9483,No
9484,Yes
9485,No
9486,No
9487,No
9488,Yes
9489,Yes
9490,Yes
9491,No
9492,Yes
9493,Yes
9494,No
9495,No
9496,No
9497,No
9498,No
9499,No
9500,Yes
9501,No
9502,No
9503,No
9504,No
9505,Yes
9506,Yes
9507,No
9508,No
9509,No
9510,Yes
9511,No
9512,No
9513,Yes
9514,Yes
9515,No
9516,No
9517,Yes
9518,Yes
9519,Yes
9520,No
9521,Yes
9522,No
9523,No
9524,No
9525,No
9526,No
9527,No
9528,Yes
9529,No
9530,No
9531,No
9532,No
9533,No
9534,No
9535,No
9536,No
9537,No
9538,No
9539,No
9540,No
9541,No
9542,Yes
9543,Yes
9544,No
9545,No
9546,No
9547,No
9548,No
9549,No
9550,No
9551,No
9552,Yes
9553,No
9554,No
9555,No
9556,No
9557,Yes
9558,No
9559,No
9560,No
9561,No
9562,No
9563,No
9564,No
9565,No
9566,No
9567,No
9568,No
9569,Yes
9570,No
9571,No
9572,Yes
9573,No
9574,Yes
9575,Yes
9576,No
9577,No
9578,No
9579,No
9580,No
9581,No
9582,Yes
9583,No
9584,No
9585,No
9586,No
9587,No
9588,No
9589,No
9590,No
9591,Yes
9592,No
9593,No
9594,No
9595,Yes
9596,Yes
9597,No
9598,No
9599,No
9600,No
9601,Yes
9602,No
9603,No
9604,Yes
9605,No
9606,No
9607,No
9608,No
9609,No
9610,No
9611,No
9612,No
9613,No
9614,No
9615,No
9616,No
9617,Yes
9618,Yes
9619,No
9620,No
9621,No
9622,No
9623,No
9624,No
9625,No
9626,No
9627,No
9628,No
9629,No
9630,No
9631,No
9632,No
9633,No
9634,Yes
9635,No
9636,No
9637,No
9638,No
9639,Yes
9640,Yes
9641,No
9642,No
9643,No
9644,No
9645,Yes
9646,No
9647,No
9648,No
9649,Yes
9650,Yes
9651,No
9652,No
9653,Yes
9654,Yes
9655,No
9656,No
9657,No
9658,Yes
9659,No
9660,No
9661,No
9662,No
9663,Yes
9664,No
9665,No
9666,No
9667,No
9668,No
9669,No
9670,No
9671,No
9672,No
9673,No
9674,Yes
9675,No
9676,No
9677,No
9678,No
9679,No
9680,No
9681,Yes
9682,Yes
9683,Yes
9684,No
9685,No
9686,No
9687,No
9688,Yes
9689,No
9690,No
9691,No
9692,Yes
9693,No
9694,No
9695,No
9696,No
9697,No
9698,No
9699,Yes
9700,No
9701,No
9702,No
9703,No
9704,No
9705,No
9706,No
9707,No
9708,Yes
9709,Yes
9710,No
9711,No
9712,No
9713,No
9714,No
9715,Yes
9716,Yes
9717,No
9718,No
9719,No
9720,Yes
9721,No
9722,No
9723,No
9724,No
9725,No
9726,Yes
9727,Yes
9728,Yes
9729,No
9730,Yes
9731,No
9732,Yes
9733,Yes
9734,No
9735,No
9736,Yes
9737,No
9738,Yes
9739,Yes
9740,No
9741,Yes
9742,No
9743,No
9744,No
9745,Yes
9746,No
9747,No
9748,No
9749,Yes
9750,No
9751,No
9752,Yes
9753,No
9754,No
9755,Yes
9756,No
9757,No
9758,No
9759,No
9760,No
9761,No
9762,Yes
9763,No
9764,No
9765,Yes
9766,No
9767,No
9768,No
9769,No
9770,No
9771,No
9772,Yes
9773,No
9774,No
9775,No
9776,No
9777,No
9778,No
9779,Yes
9780,No
9781,No
9782,No
9783,No
9784,No
9785,No
9786,No
9787,Yes
9788,No
9789,No
9790,No
9791,No
9792,Yes
9793,No
9794,Yes
9795,No
9796,No
9797,No
9798,No
9799,No
9800,No
9801,No
9802,Yes
9803,No
9804,No
9805,No
9806,Yes
9807,No
9808,Yes
9809,No
9810,No
9811,No
9812,Yes
9813,Yes
9814,No
9815,Yes
9816,No
9817,No
9818,No
9819,No
9820,No
9821,Yes
9822,No
9823,No
9824,No
9825,No
9826,No
9827,Yes
9828,No
9829,No
9830,No
9831,No
9832,No
9833,No
9834,Yes
9835,No
9836,No
9837,Yes
9838,No
9839,No
9840,No
9841,No
9842,Yes
9843,No
9844,No
9845,Yes
9846,Yes
9847,Yes
9848,Yes
9849,No
9850,No
9851,No
9852,Yes
9853,No
9854,No
9855,No
9856,No
9857,No
9858,No
9859,No
9860,No
9861,No
9862,No
9863,No
9864,No
9865,No
9866,No
9867,No
9868,Yes
9869,Yes
9870,Yes
9871,No
9872,No
9873,No
9874,No
9875,No
9876,Yes
9877,Yes
9878,No
9879,Yes
9880,No
9881,Yes
9882,No
9883,Yes
9884,No
9885,No
9886,No
9887,No
9888,No
9889,No
9890,No
9891,No
9892,No
9893,Yes
9894,Yes
9895,No
9896,No
9897,No
9898,No
9899,Yes
9900,No
9901,No
9902,No
9903,No
9904,No
9905,Yes
9906,No
9907,No
9908,No
9909,No
9910,Yes
9911,No
9912,No
9913,Yes
9914,Yes
9915,No
9916,No
9917,No
9918,No
9919,Yes
9920,Yes
9921,Yes
9922,No
9923,No
9924,No
9925,No
9926,No
9927,Yes
9928,No
9929,No
9930,No
9931,No
9932,No
9933,Yes
9934,No
9935,No
9936,No
9937,No
9938,Yes
9939,Yes
9940,Yes
9941,Yes
9942,Yes
9943,No
9944,Yes
9945,No
9946,No
9947,No
9948,No
9949,No
9950,No
9951,No
9952,No
9953,No
9954,No
9955,No
9956,No
9957,No
9958,No
9959,No
9960,No
9961,No
9962,No
9963,No
9964,Yes
9965,No
9966,Yes
9967,Yes
9968,No
9969,Yes
9970,No
9971,No
9972,No
9973,No
9974,Yes
9975,No
9976,No
9977,No
9978,No
9979,No
9980,No
9981,Yes
9982,Yes
9983,No
9984,No
9985,No
9986,No
9987,No
9988,No
9989,Yes
9990,Yes
9991,No
9992,No
9993,No
9994,No
9995,No
9996,No
9997,No
9998,No
9999,Yes
10000,Yes
10001,No
10002,No
10003,No
10004,No
10005,No
10006,No
10007,No
10008,Yes
10009,No
10010,No
10011,Yes
10012,No
10013,No
10014,No
10015,No
10016,No
10017,No
10018,No
10019,No
10020,Yes
10021,No
10022,No
10023,No
10024,No
10025,No
10026,Yes
10027,No
10028,Yes
10029,No
10030,No
10031,No
10032,Yes
10033,Yes
10034,No
10035,No
10036,Yes
10037,No
10038,No
10039,No
10040,No
10041,Yes
10042,No
10043,No
10044,No
10045,Yes
10046,No
10047,No
10048,No
10049,No
10050,Yes
10051,No
10052,No
10053,No
10054,No
10055,No
10056,No
10057,No
10058,No
10059,No
10060,No
10061,No
10062,Yes
10063,No
10064,Yes
10065,No
10066,No
10067,No
10068,No
10069,Yes
10070,No
10071,No
10072,No
10073,Yes
10074,Yes
10075,No
10076,No
10077,No
10078,No
10079,No
10080,No
10081,No
10082,No
10083,No
10084,No
10085,No
10086,No
10087,No
10088,No
10089,No
10090,Yes
10091,No
10092,Yes
10093,No
10094,No
10095,No
10096,No
10097,No
10098,Yes
10099,No
10100,No
10101,No
10102,No
10103,Yes
10104,Yes
10105,No
10106,No
10107,No
10108,No
10109,No
10110,Yes
10111,No
10112,No
10113,Yes
10114,No
10115,No
10116,No
10117,No
10118,No
10119,No
10120,Yes
10121,Yes
10122,Yes
10123,No
10124,No
10125,No
10126,Yes
10127,No
10128,No
10129,No
10130,Yes
10131,Yes
10132,No
10133,Yes
10134,No
10135,Yes
10136,Yes
10137,Yes
10138,No
10139,No
10140,No
10141,Yes
10142,Yes
10143,No
10144,No
10145,Yes
10146,No
10147,No
10148,No
10149,No
10150,Yes
10151,No
10152,Yes
10153,Yes
10154,No
10155,Yes
10156,Yes
10157,Yes
10158,No
10159,No
10160,Yes
10161,No
10162,No
10163,Yes
10164,No
10165,No
10166,No
10167,No
10168,No
10169,No
10170,No
10171,No
10172,No
10173,No
10174,No
10175,No
10176,No
10177,Yes
10178,No
10179,Yes
10180,No
10181,No
10182,No
10183,No
10184,Yes
10185,No
10186,No
10187,No
10188,Yes
10189,Yes
10190,No
10191,No
10192,No
10193,No
10194,No
10195,No
10196,No
10197,No
10198,No
10199,No
10200,Yes
10201,No
10202,No
10203,No
10204,Yes
10205,No
10206,No
10207,No
10208,No
10209,No
10210,Yes
10211,Yes
10212,No
10213,Yes
10214,No
10215,No
10216,No
10217,No
10218,No
10219,No
10220,No
10221,No
10222,No
10223,No
10224,No
10225,Yes
10226,No
10227,No
10228,No
10229,No
10230,No
10231,Yes
10232,No
10233,Yes
10234,No
10235,No
10236,No
10237,No
10238,Yes
10239,Yes
10240,Yes
10241,No
10242,Yes
10243,No
10244,No
10245,No
10246,No
10247,No
10248,No
10249,Yes
10250,Yes
10251,No
10252,No
10253,No
10254,Yes
10255,No
10256,No
10257,No
10258,No
10259,No
10260,No
10261,No
10262,No
10263,No
10264,Yes
10265,No
10266,No
10267,No
10268,Yes
10269,No
10270,Yes
10271,No
10272,No
10273,Yes
10274,Yes
10275,No
10276,No
10277,No
10278,No
10279,No
10280,No
10281,Yes
10282,No
10283,Yes
10284,Yes
10285,Yes
10286,No
10287,No
10288,No
10289,Yes
10290,Yes
10291,No
10292,No
10293,Yes
10294,No
10295,No
10296,No
10297,No
10298,No
10299,Yes
10300,No
10301,No
10302,No
10303,No
10304,No
10305,No
10306,No
10307,No
10308,No
10309,No
10310,No
10311,No
10312,No
10313,No
10314,No
10315,No
10316,Yes
10317,No
10318,No
10319,No
10320,Yes
10321,Yes
10322,No
10323,No
10324,No
10325,Yes
10326,No
10327,No
10328,No
10329,No
10330,No
10331,No
10332,No
10333,Yes
10334,No
10335,Yes
10336,Yes
10337,No
10338,No
10339,No
10340,Yes
10341,Yes
10342,No
10343,No
10344,Yes
10345,No
10346,No
10347,No
10348,No
10349,Yes
10350,No
10351,Yes
10352,Yes
10353,Yes
10354,Yes
10355,Yes
10356,No
10357,No
10358,Yes
10359,Yes
10360,No
10361,No
10362,No
10363,No
10364,No
10365,Yes
10366,No
10367,No
10368,No
10369,No
10370,No
10371,No
10372,No
10373,Yes
10374,Yes
10375,Yes
10376,No
10377,No
10378,Yes
10379,No
10380,No
10381,No
10382,No
10383,No
10384,No
10385,No
10386,No
10387,No
10388,Yes
10389,No
10390,No
10391,No
10392,No
10393,No
10394,No
10395,No
10396,No
10397,No
10398,No
10399,No
10400,No
10401,No
10402,Yes
10403,No
10404,No
10405,No
10406,Yes
10407,No
10408,No
10409,No
10410,No
10411,No
10412,Yes
10413,Yes
10414,No
10415,Yes
10416,No
10417,No
10418,No
10419,No
10420,No
10421,No
10422,Yes
10423,No
10424,No
10425,No
10426,Yes
10427,Yes
10428,No
10429,No
10430,No
10431,Yes
10432,Yes
10433,No
10434,No
10435,No
10436,No
10437,No
10438,No
10439,Yes
10440,No
10441,No
10442,Yes
10443,No
10444,No
10445,No
10446,No
10447,No
10448,No
10449,No
10450,No
10451,No
10452,Yes
10453,No
10454,Yes
10455,No
10456,No
10457,No
10458,No
10459,No
10460,No
10461,No
10462,Yes
10463,No
10464,Yes
10465,Yes
10466,No
10467,No
10468,No
10469,No
10470,Yes
10471,No
10472,No
10473,No
10474,Yes
10475,Yes
10476,No
10477,No
10478,Yes
10479,No
10480,No
10481,No
10482,Yes
10483,Yes
10484,No
10485,No
10486,Yes
10487,Yes
10488,No
10489,No
10490,No
10491,No
10492,No
10493,Yes
10494,Yes
10495,No
10496,No
10497,No
10498,No
10499,No
10500,No
10501,No
10502,Yes
10503,No
10504,No
10505,Yes
10506,No
10507,No
10508,No
10509,Yes
10510,No
10511,No
10512,No
10513,Yes
10514,No
10515,Yes
10516,Yes
10517,No
10518,No
10519,No
10520,Yes
10521,No
10522,No
10523,No
10524,Yes
10525,No
10526,No
10527,No
10528,No
10529,No
10530,No
10531,No
10532,Yes
10533,No
10534,No
10535,No
10536,No
10537,No
10538,No
10539,No
10540,Yes
10541,Yes
10542,No
10543,Yes
10544,No
10545,No
10546,No
10547,No
10548,Yes
10549,No
10550,No
10551,No
10552,No
10553,No
10554,No
10555,Yes
10556,No
10557,No
10558,No
10559,No
10560,No
10561,No
10562,No
10563,No
10564,No
10565,No
10566,No
10567,No
10568,Yes
10569,Yes
10570,No
10571,No
10572,Yes
10573,No
10574,No
10575,No
10576,No
10577,Yes
10578,No
10579,Yes
10580,Yes
10581,No
10582,No
10583,No
10584,No
10585,No
10586,No
10587,Yes
10588,No
10589,No
10590,No
10591,No
10592,No
10593,No
10594,Yes
10595,No
10596,No
10597,No
10598,No
10599,Yes
10600,No
10601,Yes
10602,Yes
10603,Yes
10604,No
10605,Yes
10606,Yes
10607,No
10608,No
10609,No
10610,No
10611,No
10612,No
10613,Yes
10614,No
10615,No
10616,Yes
10617,Yes
10618,Yes
10619,No
10620,No
10621,No
10622,No
10623,No
10624,Yes
10625,Yes
10626,No
10627,Yes
10628,No
10629,No
10630,No
10631,Yes
10632,No
10633,Yes
10634,Yes
10635,No
10636,Yes
10637,Yes
10638,Yes
10639,No
10640,Yes
10641,No
10642,No
10643,Yes
10644,Yes
10645,No
10646,No
10647,Yes
10648,Yes
10649,No
10650,No
10651,No
10652,No
10653,No
10654,No
10655,No
10656,No
10657,No
10658,No
10659,Yes
10660,No
10661,Yes
10662,No
10663,No
10664,No
10665,Yes
10666,No
10667,Yes
10668,No
10669,No
10670,No
10671,Yes
10672,No
10673,No
10674,No
10675,No
10676,No
10677,No
10678,Yes
10679,No
10680,No
10681,No
10682,No
10683,No
10684,No
10685,No
10686,Yes
10687,No
10688,Yes
10689,No
10690,No
10691,No
10692,No
10693,No
10694,No
10695,Yes
10696,No
10697,No
10698,Yes
10699,No
10700,No
10701,No
10702,Yes
10703,No
10704,Yes
10705,No
10706,No
10707,No
10708,No
10709,Yes
10710,No
10711,No
10712,No
10713,No
10714,No
10715,Yes
10716,No
10717,No
10718,No
10719,Yes
10720,Yes
10721,No
10722,Yes
10723,No
10724,No
10725,No
10726,Yes
10727,No
10728,No
10729,No
10730,No
10731,Yes
10732,No
10733,No
10734,No
10735,No
10736,Yes
10737,Yes
10738,No
10739,No
10740,No
10741,Yes
10742,No
10743,No
10744,Yes
10745,No
10746,No
10747,No
10748,No
10749,No
10750,No
10751,Yes
10752,No
10753,No
10754,No
10755,Yes
10756,No
10757,No
10758,Yes
10759,No
10760,Yes
10761,No
10762,Yes
10763,No
10764,No
10765,Yes
10766,No
10767,No
10768,No
10769,No
10770,No
10771,No
10772,Yes
10773,Yes
10774,Yes
10775,Yes
10776,Yes
10777,No
10778,Yes
10779,No
10780,Yes
10781,No
10782,Yes
10783,Yes
10784,No
10785,No
10786,No
10787,No
10788,Yes
10789,No
10790,No
10791,No
10792,No
10793,No
10794,No
10795,No
10796,No
10797,No
10798,No
10799,Yes
10800,Yes
10801,No
10802,No
10803,No
10804,No
10805,No
10806,No
10807,No
10808,Yes
10809,No
10810,No
10811,No
10812,No
10813,Yes
10814,No
10815,No
10816,No
10817,Yes
10818,Yes
10819,Yes
10820,No
10821,No
10822,No
10823,Yes
10824,Yes
10825,No
10826,No
10827,No
10828,Yes
10829,Yes
10830,Yes
10831,No
10832,No
10833,No
10834,No
10835,No
10836,No
10837,No
10838,Yes
10839,No
10840,Yes
10841,Yes
10842,No
10843,No
10844,No
10845,Yes
10846,Yes
10847,No
10848,No
10849,No
10850,No
10851,No
10852,No
10853,No
10854,No
10855,Yes
10856,No
10857,No
10858,No
10859,No
10860,No
10861,No
10862,No
10863,Yes
10864,No
10865,No
10866,Yes
10867,No
10868,No
10869,No
10870,No
10871,No
10872,No
10873,Yes
10874,Yes
10875,No
10876,No
10877,No
10878,No
10879,No
10880,No
10881,Yes
10882,Yes
10883,Yes
10884,No
10885,No
10886,Yes
10887,Yes
10888,No
10889,No
10890,No
10891,Yes
10892,No
10893,No
10894,No
10895,No
10896,No
10897,No
10898,No
10899,No
10900,No
10901,Yes
10902,Yes
10903,No
10904,No
10905,No
10906,No
10907,No
10908,No
10909,No
10910,No
10911,No
10912,No
10913,Yes
10914,Yes
10915,No
10916,No
10917,Yes
10918,Yes
10919,No
10920,No
10921,No
10922,Yes
10923,No
10924,No
10925,No
10926,No
10927,Yes
10928,No
10929,No
10930,No
10931,No
10932,No
10933,Yes
10934,Yes
10935,No
10936,No
10937,No
10938,Yes
10939,Yes
10940,No
10941,No
10942,Yes
10943,No
10944,Yes
10945,No
10946,Yes
10947,No
10948,No
10949,No
10950,Yes
10951,Yes
10952,No
10953,No
10954,Yes
10955,No
10956,No
10957,Yes
10958,No
10959,Yes
10960,No
10961,Yes
10962,No
10963,Yes
10964,Yes
10965,No
10966,No
10967,No
10968,Yes
10969,No
10970,No
10971,Yes
10972,Yes
10973,No
10974,No
10975,No
10976,No
10977,No
10978,No
10979,No
10980,No
10981,Yes
10982,No
10983,No
10984,No
10985,No
10986,No
10987,Yes
10988,Yes
10989,No
10990,No
10991,No
10992,Yes
10993,No
10994,No
10995,Yes
10996,No
10997,Yes
10998,No
10999,No
11000,Yes
11001,No
11002,No
11003,No
11004,No
11005,Yes
11006,No
11007,No
11008,No
11009,No
11010,No
11011,No
11012,No
11013,No
11014,No
11015,No
11016,No
11017,No
11018,No
11019,Yes
11020,No
11021,Yes
11022,No
11023,No
11024,No
11025,No
11026,No
11027,No
11028,No
11029,No
11030,Yes
11031,Yes
11032,No
11033,No
11034,No
11035,Yes
11036,Yes
11037,No
11038,No
11039,Yes
11040,No
11041,Yes
11042,No
11043,No
11044,No
11045,No
11046,Yes
11047,No
11048,Yes
11049,No
11050,Yes
11051,No
11052,Yes
11053,No
11054,No
11055,No
11056,No
11057,No
11058,Yes
11059,No
11060,No
11061,No
11062,No
11063,Yes
11064,No
11065,No
11066,No
11067,Yes
11068,No
11069,No
11070,No
11071,No
11072,Yes
11073,Yes
11074,No
11075,No
11076,Yes
11077,No
11078,No
11079,No
11080,No
11081,No
11082,No
11083,No
11084,No
11085,No
11086,No
11087,No
11088,No
11089,Yes
11090,No
11091,No
11092,No
11093,No
11094,No
11095,No
11096,No
11097,Yes
11098,Yes
11099,Yes
11100,No
11101,No
11102,Yes
11103,No
11104,Yes
11105,No
11106,Yes
11107,No
11108,No
11109,No
11110,No
11111,Yes
11112,No
11113,No
11114,No
11115,No
11116,Yes
11117,Yes
11118,Yes
11119,No
11120,Yes
11121,No
11122,No
11123,Yes
11124,No
11125,No
11126,No
11127,No
11128,No
11129,No
11130,No
11131,No
11132,Yes
11133,No
11134,No
11135,No
11136,No
11137,No
11138,No
11139,No
11140,No
11141,No
11142,No
11143,Yes
11144,No
11145,No
11146,Yes
11147,Yes
11148,Yes
11149,Yes
11150,No
11151,No
11152,No
11153,No
11154,No
11155,No
11156,Yes
11157,No
11158,No
11159,No
11160,Yes
11161,No
11162,No
11163,No
11164,Yes
11165,No
11166,No
11167,Yes
11168,No
11169,No
11170,Yes
11171,Yes
11172,No
11173,No
11174,No
11175,No
11176,No
11177,No
11178,Yes
11179,No
11180,Yes
11181,Yes
11182,No
11183,Yes
11184,No
11185,No
11186,No
11187,No
11188,No
11189,No
11190,No
11191,No
11192,No
11193,No
11194,No
11195,Yes
11196,Yes
11197,No
11198,Yes
11199,No
11200,No
11201,No
11202,Yes
11203,No
11204,No
11205,No
11206,No
11207,No
11208,No
11209,No
11210,No
11211,No
11212,No
11213,No
11214,Yes
11215,Yes
11216,No
11217,Yes
11218,No
11219,No
11220,No
11221,Yes
11222,No
11223,No
11224,Yes
11225,Yes
11226,No
11227,No
11228,No
11229,No
11230,Yes
11231,Yes
11232,Yes
11233,No
11234,No
11235,No
11236,No
11237,No
11238,No
11239,No
11240,Yes
11241,No
11242,No
11243,No
11244,No
11245,No
11246,No
11247,Yes
11248,No
11249,No
11250,No
11251,No
11252,Yes
11253,Yes
11254,No
11255,No
11256,Yes
11257,No
11258,No
11259,Yes
11260,No
11261,Yes
11262,No
11263,Yes
11264,No
11265,No
11266,No
11267,No
11268,No
11269,Yes
11270,No
11271,No
11272,No
11273,No
11274,No
11275,No
11276,No
11277,Yes
11278,Yes
11279,Yes
11280,No
11281,No
11282,No
11283,Yes
11284,No
11285,No
11286,No
11287,Yes
11288,Yes
11289,Yes
11290,No
11291,No
11292,Yes
11293,No
11294,No
11295,No
11296,No
11297,Yes
11298,No
11299,Yes
11300,Yes
11301,No
11302,Yes
11303,No
11304,No
11305,No
11306,Yes
11307,No
11308,No
11309,Yes
11310,Yes
11311,No
11312,Yes
11313,No
11314,No
11315,No
11316,No
11317,No
11318,No
11319,Yes
11320,No
11321,No
11322,No
11323,No
11324,No
11325,No
11326,No
11327,No
11328,No
11329,Yes
11330,No
11331,No
11332,No
11333,Yes
11334,No
11335,No
11336,No
11337,No
11338,No
11339,No
11340,Yes
11341,Yes
11342,Yes
11343,No
11344,No
11345,No
11346,No
11347,No
11348,No
11349,Yes
11350,Yes
11351,No
11352,No
11353,No
11354,Yes
11355,Yes
11356,No
11357,No
11358,No
11359,No
11360,No
11361,No
11362,No
11363,No
11364,Yes
11365,No
11366,No
11367,No
11368,No
11369,No
11370,Yes
11371,Yes
11372,No
11373,Yes
11374,Yes
11375,Yes
11376,No
11377,Yes
11378,Yes
11379,Yes
11380,Yes
11381,No
11382,No
11383,No
11384,No
11385,Yes
11386,Yes
11387,Yes
11388,No
11389,No
11390,No
11391,No
11392,No
11393,No
11394,No
11395,No
11396,No
11397,Yes
11398,No
11399,No
11400,No
11401,No
11402,No
11403,No
11404,No
11405,No
11406,No
11407,No
11408,Yes
11409,Yes
11410,No
11411,No
11412,No
11413,Yes
11414,Yes
11415,No
11416,Yes
11417,No
11418,No
11419,No
11420,Yes
11421,No
11422,Yes
11423,No
11424,No
11425,No
11426,No
11427,No
11428,No
11429,No
11430,No
11431,No
11432,No
11433,No
11434,Yes
11435,No
11436,No
11437,No
11438,No
11439,No
11440,No
11441,No
11442,Yes
11443,No
11444,Yes
11445,No
11446,No
11447,No
11448,Yes
11449,No
11450,No
11451,No
11452,No
11453,No
11454,No
11455,No
11456,No
11457,No
11458,No
11459,Yes
11460,Yes
11461,No
11462,No
11463,No
11464,No
11465,No
11466,No
11467,Yes
11468,Yes
11469,No
11470,No
11471,No
11472,Yes
11473,No
11474,No
11475,Yes
11476,Yes
11477,No
11478,No
11479,Yes
11480,No
11481,No
11482,Yes
11483,No
11484,No
11485,No
11486,No
11487,No
11488,No
11489,No
11490,No
11491,No
11492,No
11493,No
11494,No
11495,No
11496,No
11497,No
11498,No
11499,No
11500,No
11501,No
11502,No
11503,No
11504,Yes
11505,No
11506,No
11507,No
11508,No
11509,No
11510,No
11511,No
11512,No
11513,No
11514,Yes
11515,Yes
11516,No
11517,Yes
11518,No
11519,Yes
11520,No
11521,Yes
11522,No
11523,No
11524,Yes
11525,No
11526,No
11527,No
11528,No
11529,Yes
11530,No
11531,Yes
11532,No
11533,No
11534,Yes
11535,Yes
11536,Yes
11537,No
11538,No
11539,No
11540,Yes
11541,No
11542,No
11543,No
11544,No
11545,No
11546,No
11547,No
11548,No
11549,No
11550,No
11551,No
11552,No
11553,No
11554,Yes
11555,No
11556,No
11557,No
11558,No
11559,No
11560,No
11561,Yes
11562,No
11563,No
11564,No
11565,Yes
11566,No
11567,No
11568,No
11569,Yes
11570,No
11571,No
11572,No
11573,Yes
11574,Yes
11575,No
11576,No
11577,Yes
11578,No
11579,No
11580,No
11581,No
11582,No
11583,No
11584,Yes
11585,No
11586,No
11587,No
11588,No
11589,No
11590,No
11591,No
11592,Yes
11593,No
11594,No
11595,No
11596,No
11597,No
11598,Yes
11599,No
11600,No
11601,No
11602,No
11603,Yes
11604,No
11605,No
11606,No
11607,Yes
11608,No
11609,No
11610,No
11611,No
11612,No
11613,Yes
11614,No
11615,Yes
11616,Yes
11617,Yes
11618,Yes
11619,Yes
11620,No
11621,Yes
11622,No
11623,No
11624,No
11625,Yes
11626,No
11627,Yes
11628,Yes
11629,No
11630,No
11631,No
11632,No
11633,No
11634,No
11635,No
11636,No
11637,No
11638,No
11639,No
11640,No
11641,Yes
11642,Yes
11643,No
11644,No
11645,No
11646,No
11647,Yes
11648,No
11649,No
11650,No
11651,No
11652,No
11653,Yes
11654,No
11655,No
11656,No
11657,Yes
11658,No
11659,No
11660,No
11661,No
11662,No
11663,No
11664,No
11665,No
11666,Yes
11667,Yes
11668,No
11669,Yes
11670,No
11671,No
11672,Yes
11673,Yes
11674,No
11675,Yes
11676,No
11677,Yes
11678,Yes
11679,No
11680,No
11681,No
11682,Yes
11683,No
11684,Yes
11685,No
11686,No
11687,No
11688,No
11689,No
11690,No
11691,No
11692,No
11693,No
11694,No
11695,No
11696,No
11697,No
11698,No
11699,No
11700,No
11701,No
11702,No
11703,No
11704,No
11705,No
11706,No
11707,No
11708,Yes
11709,Yes
11710,Yes
11711,No
11712,No
11713,No
11714,No
11715,No
11716,No
11717,No
11718,No
11719,No
11720,Yes
11721,No
11722,No
11723,No
11724,No
11725,No
11726,No
11727,Yes
11728,Yes
11729,No
11730,No
11731,No
11732,No
11733,Yes
11734,No
11735,No
11736,Yes
11737,No
11738,No
11739,No
11740,No
11741,No
11742,No
11743,No
11744,No
11745,No
11746,No
11747,No
11748,No
11749,No
11750,No
11751,Yes
11752,No
11753,Yes
11754,Yes
11755,No
11756,No
11757,No
11758,No
11759,No
11760,No
11761,No
11762,No
11763,No
11764,Yes
11765,Yes
11766,Yes
11767,No
11768,Yes
11769,Yes
11770,No
11771,No
11772,No
11773,No
11774,No
11775,No
11776,Yes
11777,Yes
11778,No
11779,No
11780,Yes
11781,No
11782,No
11783,Yes
11784,No
11785,No
11786,No
11787,No
11788,Yes
11789,Yes
11790,No
11791,Yes
11792,No
11793,Yes
11794,No
11795,No
11796,No
11797,No
11798,No
11799,No
11800,No
11801,No
11802,Yes
11803,No
11804,No
11805,Yes
11806,Yes
11807,No
11808,No
11809,No
11810,No
11811,No
11812,No
11813,No
11814,No
11815,No
11816,Yes
11817,No
11818,No
11819,No
11820,Yes
11821,No
11822,Yes
11823,No
11824,Yes
11825,No
11826,Yes
11827,Yes
11828,No
11829,No
11830,Yes
11831,No
11832,Yes
11833,Yes
11834,Yes
11835,No
11836,No
11837,No
11838,No
11839,No
11840,No
11841,No
11842,No
11843,No
11844,Yes
11845,No
11846,Yes
11847,Yes
11848,No
11849,Yes
11850,No
11851,No
11852,No
11853,No
11854,No
11855,No
11856,Yes
11857,No
11858,No
11859,No
11860,No
11861,Yes
11862,No
11863,Yes
11864,No
11865,No
11866,No
11867,No
11868,No
11869,No
11870,Yes
11871,No
11872,Yes
11873,No
11874,No
11875,Yes
11876,No
11877,No
11878,Yes
11879,No
11880,No
11881,Yes
11882,No
11883,Yes
11884,Yes
11885,No
11886,No
11887,Yes
11888,No
11889,No
11890,Yes
11891,No
11892,No
11893,No
11894,No
11895,No
11896,No
11897,No
11898,No
11899,No
11900,No
11901,Yes
11902,No
11903,Yes
11904,No
11905,No
11906,No
11907,No
11908,Yes
11909,Yes
11910,No
11911,No
11912,Yes
11913,No
11914,Yes
11915,No
11916,No
11917,Yes
11918,No
11919,No
11920,No
11921,No
11922,No
11923,No
11924,No
11925,No
11926,No
11927,No
11928,Yes
11929,No
11930,Yes
11931,No
11932,No
11933,Yes
11934,No
11935,No
11936,Yes
11937,Yes
11938,Yes
11939,No
11940,Yes
11941,No
11942,No
11943,No
11944,No
11945,No
11946,Yes
11947,No
11948,No
11949,No
11950,No
11951,Yes
11952,No
11953,No
11954,No
11955,No
11956,Yes
11957,No
11958,No
11959,No
11960,No
11961,Yes
11962,No
11963,Yes
11964,No
11965,No
11966,No
11967,Yes
11968,No
11969,No
11970,Yes
11971,No
11972,No
11973,No
11974,No
11975,No
11976,No
11977,No
11978,No
11979,Yes
11980,Yes
11981,No
11982,Yes
11983,No
11984,Yes
11985,Yes
11986,No
11987,No
11988,No
11989,No
11990,Yes
11991,No
11992,No
11993,Yes
11994,Yes
11995,No
11996,No
11997,Yes
11998,No
11999,No
12000,Yes
12001,Yes
12002,Yes
12003,No
12004,No
12005,Yes
12006,Yes
12007,Yes
12008,No
12009,No
12010,No
12011,No
12012,Yes
12013,No
12014,No
12015,No
12016,No
12017,No
12018,Yes
12019,No
12020,No
12021,No
12022,Yes
12023,No
12024,Yes
12025,No
12026,Yes
12027,No
12028,No
12029,No
12030,Yes
12031,Yes
12032,No
12033,No
12034,No
12035,Yes
12036,Yes
12037,No
12038,No
12039,No
12040,No
12041,No
12042,No
12043,No
12044,No
12045,Yes
12046,Yes
12047,No
12048,No
12049,No
12050,Yes
12051,Yes
12052,Yes
12053,No
12054,Yes
12055,No
12056,No
12057,Yes
12058,Yes
12059,Yes
12060,Yes
12061,No
12062,No
12063,No
12064,No
12065,Yes
12066,No
12067,No
12068,No
12069,No
12070,No
12071,Yes
12072,Yes
12073,No
12074,Yes
12075,No
12076,No
12077,No
12078,No
12079,Yes
12080,Yes
12081,No
12082,Yes
12083,No
12084,No
12085,Yes
12086,No
12087,No
12088,No
12089,Yes
12090,Yes
12091,Yes
12092,Yes
12093,Yes
12094,No
12095,No
12096,No
12097,No
12098,No
12099,No
12100,No
12101,No
12102,No
12103,No
12104,Yes
12105,Yes
12106,Yes
12107,No
12108,No
12109,No
12110,Yes
12111,No
12112,No
12113,No
12114,No
12115,No
12116,Yes
12117,Yes
12118,No
12119,No
12120,No
12121,Yes
12122,Yes
12123,No
12124,No
12125,No
12126,No
12127,No
12128,Yes
12129,No
12130,Yes
12131,No
12132,Yes
12133,No
12134,No
12135,Yes
12136,No
12137,No
12138,Yes
12139,Yes
12140,Yes
12141,No
12142,Yes
12143,Yes
12144,Yes
12145,No
12146,Yes
12147,No
12148,No
12149,Yes
12150,No
12151,No
12152,No
12153,No
12154,Yes
12155,No
12156,No
12157,No
12158,No
12159,No
12160,No
12161,No
12162,No
12163,No
12164,Yes
12165,No
12166,No
12167,Yes
12168,No
12169,No
12170,No
12171,Yes
12172,No
12173,Yes
12174,No
12175,Yes
12176,No
12177,Yes
12178,Yes
12179,Yes
12180,No
12181,Yes
12182,No
12183,Yes
12184,No
12185,Yes
12186,No
12187,No
12188,No
12189,No
12190,No
12191,Yes
12192,No
12193,No
12194,No
12195,Yes
12196,No
12197,No
12198,No
12199,No
12200,No
12201,Yes
12202,Yes
12203,No
12204,No
12205,No
12206,No
12207,No
12208,No
12209,Yes
12210,No
12211,No
12212,Yes
12213,No
12214,No
12215,Yes
12216,Yes
12217,Yes
12218,No
12219,No
12220,No
12221,Yes
12222,No
12223,No
12224,No
12225,Yes
12226,Yes
12227,No
12228,No
12229,No
12230,No
12231,No
12232,No
12233,No
12234,No
12235,Yes
12236,No
12237,No
12238,Yes
12239,No
12240,No
12241,No
12242,No
12243,No
12244,No
12245,No
12246,No
12247,No
12248,No
12249,No
12250,Yes
12251,No
12252,No
12253,Yes
12254,No
12255,No
12256,No
12257,No
12258,No
12259,No
12260,Yes
12261,Yes
12262,Yes
12263,No
12264,Yes
12265,Yes
12266,Yes
12267,No
12268,No
12269,No
12270,No
12271,No
12272,No
12273,No
12274,No
12275,No
12276,Yes
12277,No
12278,Yes
12279,Yes
12280,No
12281,No
12282,No
12283,No
12284,No
12285,No
12286,No
12287,No
12288,No
12289,No
12290,No
12291,No
12292,No
12293,No
12294,No
12295,Yes
12296,No
12297,No
12298,No
12299,Yes
12300,No
12301,No
12302,No
12303,No
12304,No
12305,No
12306,No
12307,No
12308,No
12309,No
12310,No
12311,No
12312,No
12313,No
12314,No
12315,No
12316,Yes
12317,No
12318,No
12319,No
12320,No
12321,No
12322,Yes
12323,No
12324,Yes
12325,Yes
12326,No
12327,No
12328,No
12329,Yes
12330,No
12331,No
12332,No
12333,No
12334,Yes
12335,No
12336,No
12337,No
12338,Yes
12339,No
12340,No
12341,No
12342,No
12343,No
12344,No
12345,No
12346,No
12347,No
12348,No
12349,Yes
12350,Yes
12351,No
12352,No
12353,No
12354,No
12355,No
12356,No
12357,No
12358,No
12359,No
12360,Yes
12361,No
12362,Yes
12363,No
12364,No
12365,No
12366,No
12367,No
12368,No
12369,No
12370,No
12371,No
12372,No
12373,No
12374,Yes
12375,Yes
12376,No
12377,Yes
12378,No
12379,No
12380,Yes
12381,Yes
12382,Yes
12383,No
12384,No
12385,No
12386,Yes
12387,No
12388,No
12389,Yes
12390,Yes
12391,No
12392,No
12393,No
12394,No
12395,No
12396,Yes
12397,No
12398,No
12399,No
12400,No
12401,No
12402,Yes
12403,No
12404,No
12405,No
12406,No
12407,No
12408,No
12409,Yes
12410,Yes
12411,Yes
12412,No
12413,No
12414,No
12415,No
12416,Yes
12417,No
12418,No
12419,No
12420,No
12421,No
12422,No
12423,No
12424,Yes
12425,No
12426,No
12427,Yes
12428,No
12429,No
12430,No
12431,No
12432,No
12433,Yes
12434,Yes
12435,Yes
12436,Yes
12437,No
12438,No
12439,No
12440,No
12441,No
12442,No
12443,Yes
12444,No
12445,Yes
12446,No
12447,No
12448,Yes
12449,No
12450,Yes
12451,No
12452,No
12453,No
12454,No
12455,No
12456,No
12457,No
12458,Yes
12459,No
12460,No
12461,Yes
12462,No
12463,Yes
12464,No
12465,No
12466,No
12467,No
12468,Yes
12469,No
12470,No
12471,No
12472,No
12473,Yes
12474,Yes
12475,No
12476,No
12477,Yes
12478,No
12479,No
12480,Yes
12481,No
12482,No
12483,Yes
12484,Yes
12485,No
12486,Yes
12487,No
12488,No
12489,No
12490,No
12491,Yes
12492,Yes
12493,Yes
12494,No
12495,No
12496,Yes
12497,No
12498,No
12499,Yes
12500,Yes
12501,Yes
12502,No
12503,No
12504,Yes
12505,No
12506,No
12507,No
12508,Yes
12509,No
12510,No
12511,No
12512,No
12513,No
12514,No
12515,No
12516,No
12517,Yes
12518,No
12519,Yes
12520,Yes
12521,No
12522,Yes
12523,No
12524,Yes
12525,No
12526,Yes
12527,No
12528,No
12529,No
12530,No
12531,Yes
12532,No
12533,Yes
12534,Yes
12535,No
12536,No
12537,Yes
12538,Yes
12539,No
12540,No
12541,No
12542,No
12543,Yes
12544,Yes
12545,No
12546,No
12547,Yes
12548,No
12549,No
12550,Yes
12551,Yes
12552,No
12553,Yes
12554,Yes
12555,No
12556,No
12557,Yes
12558,No
12559,No
12560,Yes
12561,No
12562,No
12563,No
12564,No
12565,No
12566,Yes
12567,No
12568,No
12569,No
12570,Yes
12571,Yes
12572,No
12573,No
12574,No
12575,Yes
12576,No
12577,Yes
12578,Yes
12579,No
12580,No
12581,Yes
12582,No
12583,Yes
12584,Yes
12585,Yes
12586,No
12587,No
12588,Yes
12589,No
12590,No
12591,No
12592,Yes
12593,Yes
12594,No
12595,No
12596,Yes
12597,No
12598,No
12599,Yes
12600,No
12601,No
12602,No
12603,No
12604,No
12605,No
12606,No
12607,Yes
12608,Yes
12609,No
12610,No
12611,Yes
12612,No
12613,No
12614,No
12615,Yes
12616,No
12617,No
12618,No
12619,No
12620,Yes
12621,No
12622,No
12623,No
12624,No
12625,Yes
12626,No
12627,No
12628,No
12629,No
12630,No
12631,No
12632,No
12633,No
12634,No
12635,No
12636,No
12637,No
12638,No
12639,No
12640,Yes
12641,No
12642,No
12643,No
12644,No
12645,Yes
12646,No
12647,Yes
12648,No
12649,No
12650,Yes
12651,Yes
12652,No
12653,Yes
12654,No
12655,No
12656,Yes
12657,No
12658,No
12659,No
12660,Yes
12661,No
12662,No
12663,No
12664,No
12665,No
12666,No
12667,No
12668,Yes
12669,No
12670,No
12671,No
12672,No
12673,No
12674,Yes
12675,No
12676,No
12677,Yes
12678,No
12679,Yes
12680,No
12681,No
12682,No
12683,No
12684,No
12685,No
12686,No
12687,No
12688,No
12689,No
12690,No
12691,Yes
12692,No
12693,No
12694,No
12695,No
12696,No
12697,No
12698,No
12699,No
12700,No
12701,Yes
12702,No
12703,Yes
12704,No
12705,Yes
12706,No
12707,No
12708,Yes
12709,Yes
12710,Yes
12711,No
12712,No
12713,No
12714,No
12715,Yes
12716,No
12717,No
12718,No
12719,No
12720,Yes
12721,Yes
12722,No
12723,No
12724,No
12725,Yes
12726,Yes
12727,No
12728,No
12729,No
12730,No
12731,No
12732,Yes
12733,No
12734,No
12735,Yes
12736,No
12737,No
12738,No
12739,Yes
12740,Yes
12741,No
12742,No
12743,No
12744,No
12745,Yes
12746,Yes
12747,No
12748,No
12749,Yes
12750,No
12751,No
12752,Yes
12753,No
12754,No
12755,Yes
12756,No
12757,No
12758,No
12759,Yes
12760,No
12761,No
12762,No
12763,No
12764,Yes
12765,No
12766,No
12767,No
12768,No
12769,No
12770,Yes
12771,No
12772,No
12773,No
12774,No
12775,No
12776,No
12777,Yes
12778,No
12779,No
12780,Yes
12781,No
12782,No
12783,Yes
12784,Yes
12785,No
12786,No
12787,No
12788,No
12789,No
12790,Yes
12791,No
12792,No
12793,No
12794,No
12795,No
12796,Yes
12797,Yes
12798,No
12799,No
12800,No
12801,Yes
12802,Yes
12803,No
12804,No
12805,Yes
12806,Yes
12807,No
12808,No
12809,No
12810,No
12811,No
12812,No
12813,No
12814,No
12815,No
12816,No
12817,No
12818,No
12819,No
12820,No
12821,Yes
12822,Yes
12823,Yes
12824,No
12825,No
12826,No
12827,No
12828,No
12829,No
12830,No
12831,No
12832,No
12833,No
12834,No
12835,No
12836,Yes
12837,No
12838,No
12839,No
12840,Yes
12841,No
12842,No
12843,No
12844,No
12845,No
12846,No
12847,Yes
12848,No
12849,Yes
12850,No
12851,No
12852,No
12853,No
12854,Yes
12855,Yes
12856,No
12857,No
12858,Yes
12859,No
12860,Yes
12861,No
12862,No
12863,No
12864,No
12865,Yes
12866,No
12867,No
12868,No
12869,No
12870,No
12871,Yes
12872,Yes
12873,No
12874,No
12875,Yes
12876,No
12877,Yes
12878,Yes
12879,No
12880,No
12881,Yes
12882,No
12883,No
12884,No
12885,No
12886,No
12887,Yes
12888,No
12889,No
12890,No
12891,Yes
12892,No
12893,No
12894,No
12895,Yes
12896,No
12897,No
12898,No
12899,Yes
12900,No
12901,No
12902,No
12903,No
12904,Yes
12905,No
12906,No
12907,No
12908,No
12909,No
12910,No
12911,Yes
12912,Yes
12913,No
12914,No
12915,No
12916,No
12917,Yes
12918,No
12919,No
12920,No
12921,No
12922,No
12923,No
12924,No
12925,No
12926,No
12927,No
12928,No
12929,Yes
12930,Yes
12931,No
12932,No
12933,Yes
12934,No
12935,No
12936,No
12937,Yes
12938,No
12939,No
12940,No
12941,No
12942,No
12943,Yes
12944,No
12945,Yes
12946,Yes
12947,No
12948,No
12949,No
12950,Yes
12951,Yes
12952,No
12953,No
12954,No
12955,No
12956,No
12957,No
12958,No
12959,Yes
12960,No
12961,No
12962,No
12963,No
12964,Yes
12965,No
12966,Yes
12967,Yes
12968,Yes
12969,Yes
12970,Yes
12971,No
12972,No
12973,No
12974,No
12975,No
12976,No
12977,No
12978,No
12979,No
12980,No
12981,No
12982,Yes
12983,No
12984,No
12985,No
12986,No
12987,No
12988,No
12989,Yes
12990,No
12991,No
12992,No
12993,Yes
12994,No
12995,No
12996,No
12997,No
12998,No
12999,No
13000,No
13001,Yes
13002,Yes
13003,No
13004,No
13005,Yes
13006,No
13007,No
13008,No
13009,No
13010,Yes
13011,No
13012,No
13013,No
13014,No
13015,No
13016,Yes
13017,No
13018,Yes
13019,Yes
13020,No
13021,No
13022,No
13023,No
13024,No
13025,No
13026,No
13027,Yes
13028,No
13029,Yes
13030,No
13031,No
13032,No
13033,No
13034,No
13035,No
13036,No
13037,No
13038,No
13039,No
13040,Yes
13041,Yes
13042,Yes
13043,No
13044,No
13045,Yes
13046,No
13047,No
13048,No
13049,No
13050,No
13051,Yes
13052,Yes
13053,No
13054,No
13055,No
13056,Yes
13057,No
13058,Yes
13059,Yes
13060,No
13061,No
13062,No
13063,Yes
13064,No
13065,Yes
13066,No
13067,No
13068,Yes
13069,No
13070,Yes
13071,No
13072,No
13073,No
13074,No
13075,No
13076,No
13077,No
13078,No
13079,No
13080,No
13081,No
13082,Yes
13083,No
13084,No
13085,Yes
13086,No
13087,Yes
13088,Yes
13089,Yes
13090,No
13091,No
13092,No
13093,Yes
13094,No
13095,Yes
13096,Yes
13097,No
13098,No
13099,No
13100,Yes
13101,No
13102,No
13103,Yes
13104,No
13105,No
13106,Yes
13107,No
13108,No
13109,No
13110,No
13111,No
13112,No
13113,Yes
13114,Yes
13115,No
13116,No
13117,Yes
13118,No
13119,No
13120,Yes
13121,No
13122,Yes
13123,No
13124,No
13125,No
13126,Yes
13127,No
13128,No
13129,Yes
13130,Yes
13131,No
13132,No
13133,No
13134,No
13135,No
13136,No
13137,No
13138,No
13139,No
13140,No
13141,No
13142,No
13143,No
13144,No
13145,Yes
13146,No
13147,No
13148,No
13149,No
13150,No
13151,No
13152,Yes
13153,No
13154,Yes
13155,No
13156,No
13157,No
13158,Yes
13159,No
13160,No
13161,Yes
13162,No
13163,No
13164,No
13165,No
13166,No
13167,No
13168,No
13169,Yes
13170,No
13171,No
13172,No
13173,Yes
13174,Yes
13175,No
13176,Yes
13177,No
13178,Yes
13179,Yes
13180,No
13181,No
13182,No
13183,Yes
13184,Yes
13185,No
13186,Yes
13187,No
13188,No
13189,No
13190,Yes
13191,No
13192,No
13193,No
13194,No
13195,No
13196,No
13197,No
13198,No
13199,No
13200,No
13201,No
13202,No
13203,Yes
13204,No
13205,No
13206,No
13207,No
13208,No
13209,No
13210,No
13211,Yes
13212,No
13213,No
13214,No
13215,No
13216,No
13217,No
13218,Yes
13219,Yes
13220,Yes
13221,Yes
13222,Yes
13223,Yes
13224,No
13225,No
13226,Yes
13227,No
13228,Yes
13229,Yes
13230,Yes
13231,Yes
13232,No
13233,No
13234,No
13235,Yes
13236,No
13237,No
13238,No
13239,No
13240,No
13241,Yes
13242,No
13243,Yes
13244,No
13245,No
13246,No
13247,Yes
13248,No
13249,No
13250,No
13251,Yes
13252,No
13253,No
13254,No
13255,Yes
13256,No
13257,No
13258,No
13259,Yes
13260,No
13261,No
13262,No
13263,No
13264,No
13265,No
13266,No
13267,No
13268,No
13269,No
13270,No
13271,Yes
13272,No
13273,No
13274,Yes
13275,No
13276,No
13277,No
13278,No
13279,Yes
13280,No
13281,No
13282,No
13283,No
13284,No
13285,Yes
13286,Yes
13287,No
13288,No
13289,No
13290,Yes
13291,No
13292,Yes
13293,No
13294,No
13295,No
13296,Yes
13297,Yes
13298,No
13299,No
13300,No
13301,No
13302,No
13303,No
13304,Yes
13305,No
13306,Yes
13307,No
13308,No
13309,No
13310,Yes
13311,No
13312,Yes
13313,Yes
13314,No
13315,No
13316,Yes
13317,No
13318,No
13319,No
13320,No
13321,Yes
13322,Yes
13323,No
13324,No
13325,No
13326,No
13327,No
13328,No
13329,Yes
13330,No
13331,Yes
13332,No
13333,No
13334,No
13335,No
13336,No
13337,No
13338,Yes
13339,Yes
13340,No
13341,No
13342,No
13343,No
13344,Yes
13345,Yes
13346,Yes
13347,Yes
13348,No
13349,No
13350,No
13351,No
13352,No
13353,No
13354,Yes
13355,Yes
13356,No
13357,Yes
13358,Yes
13359,Yes
13360,No
13361,No
13362,No
13363,No
13364,No
13365,No
13366,No
13367,Yes
13368,Yes
13369,No
13370,Yes
13371,Yes
13372,No
13373,No
13374,Yes
13375,Yes
13376,No
13377,No
13378,Yes
13379,No
13380,No
13381,No
13382,No
13383,No
13384,No
13385,Yes
13386,No
13387,Yes
13388,No
13389,No
13390,No
13391,No
13392,No
13393,No
13394,No
13395,No
13396,No
13397,Yes
13398,No
13399,No
13400,Yes
13401,Yes
13402,No
13403,No
13404,Yes
13405,Yes
13406,No
13407,Yes
13408,No
13409,Yes
13410,No
13411,No
13412,No
13413,No
13414,No
13415,No
13416,Yes
13417,Yes
13418,No
13419,Yes
13420,No
13421,No
13422,No
13423,Yes
13424,Yes
13425,Yes
13426,Yes
13427,No
13428,Yes
13429,No
13430,No
13431,No
13432,No
13433,No
13434,No
13435,Yes
13436,No
13437,No
13438,No
13439,No
13440,No
13441,Yes
13442,Yes
13443,No
13444,No
13445,Yes
13446,No
13447,No
13448,No
13449,No
13450,No
13451,No
13452,Yes
13453,Yes
13454,Yes
13455,No
13456,No
13457,Yes
13458,No
13459,Yes
13460,No
13461,No
13462,No
13463,Yes
13464,No
13465,No
13466,No
13467,Yes
13468,No
13469,No
13470,No
13471,No
13472,No
13473,No
13474,No
13475,No
13476,No
13477,No
13478,No
13479,No
13480,No
13481,Yes
13482,No
13483,No
13484,No
13485,No
13486,No
13487,No
13488,No
13489,No
13490,No
13491,Yes
13492,No
13493,No
13494,No
13495,No
13496,No
13497,Yes
13498,No
13499,No
13500,No
13501,Yes
13502,No
13503,No
13504,No
13505,No
13506,No
13507,No
13508,No
13509,No
13510,Yes
13511,Yes
13512,Yes
13513,Yes
13514,No
13515,No
13516,No
13517,Yes
13518,No
13519,No
13520,Yes
13521,Yes
13522,Yes
13523,No
13524,Yes
13525,No
13526,Yes
13527,No
13528,No
13529,No
13530,No
13531,Yes
13532,No
13533,No
13534,No
13535,No
13536,No
13537,Yes
13538,No
13539,No
13540,No
13541,Yes
13542,No
13543,No
13544,Yes
13545,No
13546,No
13547,No
13548,No
13549,No
13550,No
13551,No
13552,No
13553,No
13554,No
13555,No
13556,No
13557,Yes
13558,No
13559,No
13560,No
13561,No
13562,Yes
13563,Yes
13564,Yes
13565,No
13566,Yes
13567,No
13568,No
13569,No
13570,No
13571,No
13572,No
13573,No
13574,Yes
13575,No
13576,Yes
13577,No
13578,Yes
13579,No
13580,No
13581,Yes
13582,No
13583,Yes
13584,Yes
13585,No
13586,No
13587,No
13588,No
13589,Yes
13590,No
13591,Yes
13592,No
13593,No
13594,No
13595,No
13596,No
13597,No
13598,No
13599,Yes
13600,Yes
13601,No
13602,Yes
13603,No
13604,No
13605,No
13606,No
13607,No
13608,No
13609,Yes
13610,No
13611,No
13612,No
13613,No
13614,No
13615,Yes
13616,No
13617,No
13618,No
13619,No
13620,No
13621,No
13622,No
13623,Yes
13624,No
13625,No
13626,No
13627,No
13628,No
13629,No
13630,Yes
13631,No
13632,No
13633,Yes
13634,No
13635,Yes
13636,Yes
13637,No
13638,No
13639,Yes
13640,No
13641,No
13642,No
13643,Yes
13644,No
13645,No
13646,No
13647,No
13648,Yes
13649,No
13650,No
13651,Yes
13652,No
13653,No
13654,No
13655,No
13656,No
13657,Yes
13658,No
13659,No
13660,No
13661,No
13662,No
13663,No
13664,No
13665,No
13666,Yes
13667,No
13668,No
13669,Yes
13670,No
13671,No
13672,Yes
13673,No
13674,Yes
13675,Yes
13676,Yes
13677,Yes
13678,No
13679,No
13680,Yes
13681,Yes
13682,No
13683,No
13684,Yes
13685,Yes
13686,No
13687,No
13688,No
13689,No
13690,Yes
13691,Yes
13692,No
13693,No
13694,Yes
13695,No
13696,No
13697,No
13698,No
13699,No
13700,No
13701,No
13702,No
13703,No
13704,Yes
13705,No
13706,No
13707,No
13708,No
13709,No
13710,No
13711,No
13712,No
13713,No
13714,No
13715,No
13716,Yes
13717,No
13718,Yes
13719,Yes
13720,No
13721,No
13722,No
13723,Yes
13724,Yes
13725,Yes
13726,Yes
13727,No
13728,No
13729,No
13730,No
13731,No
13732,Yes
13733,Yes
13734,No
13735,Yes
13736,No
13737,No
13738,No
13739,No
13740,No
13741,No
13742,No
13743,No
13744,Yes
13745,Yes
13746,Yes
13747,No
13748,No
13749,Yes
13750,No
13751,Yes
13752,No
13753,Yes
13754,Yes
13755,No
13756,No
13757,Yes
13758,Yes
13759,No
13760,Yes
13761,No
13762,No
13763,No
13764,No
13765,Yes
13766,No
13767,No
13768,No
13769,No
13770,No
13771,Yes
13772,No
13773,No
13774,No
13775,No
13776,No
13777,No
13778,No
13779,No
13780,Yes
13781,Yes
13782,No
13783,No
13784,No
13785,No
13786,No
13787,No
13788,Yes
13789,Yes
13790,No
13791,Yes
13792,No
13793,No
13794,Yes
13795,No
13796,Yes
13797,Yes
13798,No
13799,No
13800,No
13801,No
13802,No
13803,Yes
13804,Yes
13805,Yes
13806,Yes
13807,Yes
13808,No
13809,No
13810,Yes
13811,No
13812,Yes
13813,No
13814,No
13815,No
13816,No
13817,No
13818,No
13819,No
13820,No
13821,No
13822,Yes
13823,Yes
13824,No
13825,Yes
13826,No
13827,No
13828,No
13829,No
13830,No
13831,No
13832,No
13833,No
13834,No
13835,No
13836,No
13837,No
13838,No
13839,No
13840,No
13841,No
13842,No
13843,Yes
13844,No
13845,No
13846,No
13847,No
13848,No
13849,No
13850,No
13851,Yes
13852,Yes
13853,No
13854,Yes
13855,No
13856,No
13857,No
13858,No
13859,No
13860,Yes
13861,No
13862,No
13863,Yes
13864,No
13865,Yes
13866,Yes
13867,No
13868,No
13869,No
13870,Yes
13871,No
13872,No
13873,Yes
13874,Yes
13875,No
13876,No
13877,No
13878,Yes
13879,No
13880,No
13881,No
13882,No
13883,No
13884,No
13885,No
13886,Yes
13887,Yes
13888,No
13889,Yes
13890,No
13891,No
13892,No
13893,Yes
13894,No
13895,No
13896,No
13897,Yes
13898,No
13899,No
13900,No
13901,No
13902,Yes
13903,No
13904,No
13905,No
13906,No
13907,No
13908,No
13909,Yes
13910,Yes
13911,No
13912,No
13913,No
13914,No
13915,No
13916,No
13917,No
13918,No
13919,Yes
13920,No
13921,No
13922,Yes
13923,No
13924,No
13925,No
13926,No
13927,Yes
13928,No
13929,No
13930,No
13931,Yes
13932,No
13933,Yes
13934,No
13935,No
13936,No
13937,No
13938,No
13939,No
13940,No
13941,Yes
13942,No
13943,No
13944,No
13945,No
13946,Yes
13947,No
13948,No
13949,No
13950,No
13951,Yes
13952,Yes
13953,Yes
13954,No
13955,No
13956,No
13957,No
13958,No
13959,Yes
13960,No
13961,Yes
13962,No
13963,No
13964,No
13965,Yes
13966,No
13967,No
13968,Yes
13969,No
13970,No
13971,No
13972,Yes
13973,No
13974,Yes
13975,No
13976,Yes
13977,Yes
13978,Yes
13979,Yes
13980,Yes
13981,Yes
13982,Yes
13983,No
13984,No
13985,Yes
13986,No
13987,Yes
13988,No
13989,No
13990,No
13991,No
13992,No
13993,Yes
13994,No
13995,No
13996,No
13997,No
13998,No
13999,No
14000,No
14001,No
14002,No
14003,No
14004,No
14005,Yes
14006,No
14007,No
14008,Yes
14009,No
14010,No
14011,No
14012,Yes
14013,Yes
14014,No
14015,Yes
14016,No
14017,Yes
14018,Yes
14019,No
14020,No
14021,No
14022,Yes
14023,No
14024,No
14025,Yes
14026,Yes
14027,No
14028,No
14029,No
14030,No
14031,No
14032,No
14033,No
14034,No
14035,Yes
14036,Yes
14037,Yes
14038,Yes
14039,No
14040,No
14041,No
14042,No
14043,No
14044,No
14045,No
14046,No
14047,Yes
14048,No
14049,Yes
14050,No
14051,No
14052,No
14053,Yes
14054,No
14055,No
14056,No
14057,No
14058,No
14059,No
14060,No
14061,No
14062,No
14063,Yes
14064,Yes
14065,No
14066,No
14067,No
14068,No
14069,No
14070,No
14071,No
14072,No
14073,No
14074,No
14075,No
14076,No
14077,No
14078,No
14079,No
14080,Yes
14081,Yes
14082,No
14083,Yes
14084,No
14085,No
14086,No
14087,No
14088,No
14089,No
14090,No
14091,No
14092,Yes
14093,No
14094,No
14095,Yes
14096,No
14097,No
14098,No
14099,No
14100,No
14101,Yes
14102,Yes
14103,No
14104,No
14105,Yes
14106,Yes
14107,Yes
14108,No
14109,Yes
14110,No
14111,Yes
14112,No
14113,No
14114,Yes
14115,No
14116,No
14117,No
14118,No
14119,No
14120,Yes
14121,No
14122,Yes
14123,Yes
14124,No
14125,Yes
14126,No
14127,No
14128,Yes
14129,No
14130,Yes
14131,No
14132,Yes
14133,No
14134,Yes
14135,No
14136,No
14137,No
14138,No
14139,No
14140,No
14141,Yes
14142,Yes
14143,No
14144,No
14145,No
14146,No
14147,No
14148,No
14149,No
14150,Yes
14151,No
14152,Yes
14153,No
14154,No
14155,No
14156,Yes
14157,No
14158,Yes
14159,No
14160,Yes
14161,Yes
14162,No
14163,No
14164,No
14165,No
14166,No
14167,No
14168,No
14169,No
14170,Yes
14171,No
14172,No
14173,No
14174,No
14175,Yes
14176,No
14177,No
14178,Yes
14179,No
14180,Yes
14181,No
14182,Yes
14183,No
14184,No
14185,No
14186,Yes
14187,No
14188,No
14189,No
14190,No
14191,Yes
14192,No
14193,Yes
14194,No
14195,No
14196,No
14197,Yes
14198,Yes
14199,No
14200,No
14201,No
14202,No
14203,Yes
14204,No
14205,No
14206,Yes
14207,No
14208,No
14209,No
14210,No
14211,Yes
14212,No
14213,Yes
14214,No
14215,No
14216,No
14217,No
14218,Yes
14219,No
14220,No
14221,No
14222,Yes
14223,No
14224,Yes
14225,No
14226,No
14227,Yes
14228,No
14229,Yes
14230,Yes
14231,Yes
14232,No
14233,No
14234,No
14235,No
14236,No
14237,Yes
14238,No
14239,No
14240,No
14241,Yes
14242,No
14243,No
14244,No
14245,Yes
14246,No
14247,No
14248,No
14249,No
14250,No
14251,No
14252,No
14253,Yes
14254,No
14255,No
14256,No
14257,No
14258,No
14259,No
14260,No
14261,No
14262,No
14263,Yes
14264,No
14265,No
14266,No
14267,No
14268,No
14269,No
14270,No
14271,Yes
14272,No
14273,No
14274,No
14275,No
14276,No
14277,Yes
14278,No
14279,No
14280,Yes
14281,No
14282,Yes
14283,No
14284,No
14285,No
14286,Yes
14287,Yes
14288,No
14289,No
14290,No
14291,No
14292,No
14293,No
14294,No
14295,No
14296,No
14297,No
14298,No
14299,No
14300,Yes
14301,No
14302,Yes
14303,No
14304,No
14305,No
14306,No
14307,No
14308,Yes
14309,No
14310,No
14311,Yes
14312,No
14313,No
14314,No
14315,Yes
14316,Yes
14317,No
14318,No
14319,No
14320,Yes
14321,No
14322,No
14323,Yes
14324,Yes
14325,No
14326,No
14327,No
14328,No
14329,No
14330,No
14331,Yes
14332,No
14333,No
14334,No
14335,Yes
14336,Yes
14337,No
14338,No
14339,No
14340,No
14341,No
14342,No
14343,No
14344,Yes
14345,No
14346,No
14347,Yes
14348,No
14349,Yes
14350,No
14351,No
14352,No
14353,Yes
14354,No
14355,No
14356,No
14357,Yes
14358,No
14359,No
14360,Yes
14361,No
14362,Yes
14363,Yes
14364,No
14365,No
14366,No
14367,No
14368,Yes
14369,No
14370,No
14371,Yes
14372,Yes
14373,No
14374,No
14375,No
14376,No
14377,Yes
14378,No
14379,Yes
14380,No
14381,No
14382,No
14383,No
14384,No
14385,No
14386,No
14387,No
14388,Yes
14389,Yes
14390,No
14391,Yes
14392,No
14393,No
14394,No
14395,No
14396,No
14397,No
14398,Yes
14399,No
14400,No
14401,No
14402,No
14403,No
14404,No
14405,Yes
14406,No
14407,No
14408,No
14409,No
14410,Yes
14411,Yes
14412,Yes
14413,Yes
14414,No
14415,Yes
14416,No
14417,No
14418,No
14419,No
14420,No
14421,No
14422,No
14423,No
14424,No
14425,Yes
14426,No
14427,No
14428,No
14429,No
14430,No
14431,No
14432,No
14433,No
14434,No
14435,Yes
14436,Yes
14437,No
14438,Yes
14439,Yes
14440,No
14441,No
14442,No
14443,No
14444,No
14445,No
14446,Yes
14447,Yes
14448,No
14449,No
14450,No
14451,No
14452,Yes
14453,Yes
14454,No
14455,No
14456,Yes
14457,No
14458,No
14459,Yes
14460,No
14461,Yes
14462,No
14463,No
14464,No
14465,No
14466,No
14467,Yes
14468,No
14469,No
14470,Yes
14471,No
14472,No
14473,No
14474,No
14475,Yes
14476,No
14477,Yes
14478,No
14479,No
14480,No
14481,No
14482,Yes
14483,Yes
14484,No
14485,No
14486,Yes
14487,No
14488,Yes
14489,Yes
14490,Yes
14491,No
14492,No
14493,No
14494,No
14495,Yes
14496,No
14497,No
14498,No
14499,Yes
14500,No
14501,No
14502,No
14503,No
14504,Yes
14505,Yes
14506,No
14507,No
14508,No
14509,No
14510,No
14511,No
14512,No
14513,No
14514,Yes
14515,No
14516,No
14517,No
14518,No
14519,No
14520,Yes
14521,No
14522,No
14523,No
14524,No
14525,Yes
14526,No
14527,No
14528,No
14529,No
14530,No
14531,No
14532,No
14533,Yes
14534,Yes
14535,No
14536,No
14537,Yes
14538,No
14539,No
14540,No
14541,No
14542,No
14543,No
14544,No
14545,No
14546,No
14547,Yes
14548,Yes
14549,No
14550,No
14551,Yes
14552,No
14553,No
14554,No
14555,No
14556,No
14557,No
14558,No
14559,Yes
14560,No
14561,Yes
14562,Yes
14563,No
14564,No
14565,No
14566,No
14567,No
14568,Yes
14569,Yes
14570,No
14571,Yes
14572,No
14573,No
14574,No
14575,Yes
14576,Yes
14577,No
14578,No
14579,No
14580,Yes
14581,Yes
14582,Yes
14583,No
14584,No
14585,No
14586,Yes
14587,Yes
14588,Yes
14589,No
14590,No
14591,No
14592,No
14593,No
14594,No
14595,No
14596,No
14597,Yes
14598,No
14599,Yes
14600,No
14601,No
14602,No
14603,No
14604,No
14605,No
14606,Yes
14607,Yes
14608,No
14609,No
14610,No
14611,No
14612,No
14613,No
14614,No
14615,No
14616,No
14617,No
14618,Yes
14619,No
14620,No
14621,No
14622,No
14623,No
14624,No
14625,No
14626,No
14627,No
14628,No
14629,No
14630,No
14631,No
14632,No
14633,No
14634,Yes
14635,No
14636,Yes
14637,No
14638,Yes
14639,No
14640,No
14641,Yes
14642,No
14643,No
14644,No
14645,No
14646,No
14647,Yes
14648,Yes
14649,Yes
14650,No
14651,No
14652,No
14653,No
14654,Yes
14655,Yes
14656,No
14657,Yes
14658,No
14659,No
14660,No
14661,No
14662,Yes
14663,Yes
14664,No
14665,No
14666,Yes
14667,No
14668,No
14669,No
14670,No
14671,No
14672,No
14673,No
14674,Yes
14675,Yes
14676,Yes
14677,No
14678,Yes
14679,No
14680,No
14681,Yes
14682,No
14683,Yes
14684,Yes
14685,No
14686,No
14687,No
14688,No
14689,No
14690,No
14691,Yes
14692,Yes
14693,Yes
14694,No
14695,Yes
14696,Yes
14697,No
14698,Yes
14699,No
14700,No
14701,No
14702,Yes
14703,Yes
14704,Yes
14705,No
14706,No
14707,Yes
14708,Yes
14709,No
14710,No
14711,Yes
14712,No
14713,No
14714,Yes
14715,No
14716,Yes
14717,No
14718,No
14719,No
14720,No
14721,No
14722,Yes
14723,No
14724,No
14725,No
14726,No
14727,No
14728,No
14729,No
14730,No
14731,No
14732,No
14733,Yes
14734,No
14735,Yes
14736,No
14737,No
14738,No
14739,Yes
14740,Yes
14741,Yes
14742,No
14743,No
14744,No
14745,Yes
14746,Yes
14747,No
14748,No
14749,No
14750,No
14751,No
14752,Yes
14753,Yes
14754,Yes
14755,Yes
14756,Yes
14757,Yes
14758,No
14759,No
14760,Yes
14761,No
14762,No
14763,No
14764,No
14765,No
14766,No
14767,No
14768,Yes
14769,No
14770,Yes
14771,No
14772,No
14773,No
14774,No
14775,No
14776,No
14777,No
14778,No
14779,No
14780,No
14781,Yes
14782,Yes
14783,No
14784,Yes
14785,No
14786,Yes
14787,No
14788,No
14789,No
14790,Yes
14791,No
14792,No
14793,No
14794,No
14795,Yes
14796,No
14797,No
14798,No
14799,No
14800,No
14801,Yes
14802,No
14803,No
14804,No
14805,No
14806,No
14807,No
14808,Yes
14809,No
14810,Yes
14811,No
14812,Yes
14813,No
14814,Yes
14815,No
14816,No
14817,No
14818,Yes
14819,No
14820,No
14821,No
14822,Yes
14823,No
14824,No
14825,No
14826,Yes
14827,No
14828,Yes
14829,No
14830,Yes
14831,Yes
14832,No
14833,Yes
14834,No
14835,Yes
14836,No
14837,Yes
14838,No
14839,No
14840,No
14841,Yes
14842,Yes
14843,No
14844,Yes
14845,No
14846,No
14847,Yes
14848,No
14849,No
14850,Yes
14851,No
14852,Yes
14853,Yes
14854,Yes
14855,No
14856,No
14857,No
14858,No
14859,No
14860,No
14861,No
14862,No
14863,Yes
14864,No
14865,No
14866,No
14867,No
14868,No
14869,No
14870,Yes
14871,Yes
14872,Yes
14873,No
14874,Yes
14875,Yes
14876,Yes
14877,No
14878,Yes
14879,No
14880,No
14881,Yes
14882,Yes
14883,No
14884,No
14885,No
14886,No
14887,No
14888,No
14889,No
14890,No
14891,No
14892,Yes
14893,No
14894,No
14895,No
14896,No
14897,No
14898,Yes
14899,No
14900,No
14901,No
14902,No
14903,No
14904,No
14905,No
14906,No
14907,Yes
14908,No
14909,No
14910,Yes
14911,No
14912,Yes
14913,Yes
14914,No
14915,Yes
14916,No
14917,Yes
14918,Yes
14919,Yes
14920,No
14921,No
14922,No
14923,No
14924,No
14925,Yes
14926,No
14927,No
14928,No
14929,No
14930,No
14931,No
14932,No
14933,No
14934,No
14935,Yes
14936,No
14937,No
14938,Yes
14939,No
14940,No
14941,No
14942,No
14943,No
14944,No
14945,Yes
14946,No
14947,Yes
14948,Yes
14949,No
14950,No
14951,Yes
14952,No
14953,No
14954,No
14955,Yes
14956,No
14957,No
14958,Yes
14959,No
14960,No
14961,Yes
14962,No
14963,Yes
14964,No
14965,No
14966,No
14967,No
14968,No
14969,No
14970,Yes
14971,Yes
14972,No
14973,No
14974,Yes
14975,Yes
14976,No
14977,Yes
14978,No
14979,No
14980,No
14981,No
14982,No
14983,No
14984,Yes
14985,No
14986,No
14987,No
14988,Yes
14989,No
14990,No
14991,Yes
14992,Yes
14993,Yes
14994,No
14995,No
14996,No
14997,No
14998,No
14999,No
15000,No
15001,No
15002,No
15003,No
15004,No
15005,Yes
15006,Yes
15007,Yes
15008,Yes
15009,Yes
15010,No
15011,Yes
15012,Yes
15013,No
15014,No
15015,No
15016,No
15017,No
15018,No
15019,No
15020,Yes
15021,No
15022,No
15023,No
15024,Yes
15025,No
15026,Yes
15027,Yes
15028,No
15029,No
15030,Yes
15031,Yes
15032,No
15033,No
15034,No
15035,Yes
15036,No
15037,No
15038,Yes
15039,No
15040,No
15041,Yes
15042,No
15043,No
15044,Yes
15045,Yes
15046,Yes
15047,No
15048,No
15049,No
15050,No
15051,No
15052,No
15053,No
15054,No
15055,No
15056,No
15057,No
15058,No
15059,No
15060,No
15061,Yes
15062,No
15063,Yes
15064,Yes
15065,Yes
15066,No
15067,No
15068,No
15069,No
15070,Yes
15071,No
15072,No
15073,No
15074,No
15075,No
15076,No
15077,Yes
15078,Yes
15079,No
15080,Yes
15081,Yes
15082,Yes
15083,No
15084,No
15085,No
15086,No
15087,No
15088,No
15089,Yes
15090,No
15091,Yes
15092,No
15093,No
15094,No
15095,Yes
15096,No
15097,No
15098,No
15099,Yes
15100,No
15101,Yes
15102,No
15103,No
15104,No
15105,No
15106,Yes
15107,No
15108,No
15109,No
15110,No
15111,No
15112,No
15113,No
15114,Yes
15115,Yes
15116,No
15117,No
15118,Yes
15119,No
15120,No
15121,No
15122,No
15123,No
15124,No
15125,No
15126,No
15127,No
15128,No
15129,Yes
15130,No
15131,No
15132,No
15133,No
15134,No
15135,Yes
15136,Yes
15137,No
15138,No
15139,No
15140,No
15141,Yes
15142,No
15143,No
15144,No
15145,Yes
15146,No
15147,No
15148,No
15149,No
15150,No
15151,No
15152,No
15153,Yes
15154,No
15155,No
15156,No
15157,No
15158,No
15159,Yes
15160,No
15161,No
15162,No
15163,No
15164,No
15165,No
15166,No
15167,Yes
15168,Yes
15169,No
15170,No
15171,No
15172,No
15173,No
15174,No
15175,No
15176,No
15177,No
15178,No
15179,No
15180,No
15181,Yes
15182,Yes
15183,No
15184,No
15185,No
15186,No
15187,No
15188,No
15189,No
15190,No
15191,No
15192,No
15193,Yes
15194,No
15195,No
15196,No
15197,No
15198,Yes
15199,No
15200,Yes
15201,No
15202,No
15203,No
15204,No
15205,No
15206,No
15207,No
15208,No
15209,No
15210,No
15211,No
15212,No
15213,Yes
15214,No
15215,No
15216,No
15217,No
15218,Yes
15219,No
15220,No
15221,Yes
15222,Yes
15223,Yes
15224,No
15225,No
15226,Yes
15227,No
15228,Yes
15229,Yes
15230,Yes
15231,No
15232,No
15233,No
15234,No
15235,Yes
15236,No
15237,No
15238,No
15239,No
15240,No
15241,Yes
15242,No
15243,No
15244,Yes
15245,Yes
15246,No
15247,Yes
15248,Yes
15249,Yes
15250,No
15251,Yes
15252,No
15253,No
15254,No
15255,No
15256,No
15257,No
15258,No
15259,No
15260,Yes
15261,No
15262,No
15263,Yes
15264,Yes
15265,No
15266,No
15267,Yes
15268,No
15269,No
15270,No
15271,No
15272,No
15273,No
15274,Yes
15275,Yes
15276,Yes
15277,No
15278,No
15279,No
15280,No
15281,No
15282,No
15283,No
15284,No
15285,Yes
15286,No
15287,No
15288,No
15289,Yes
15290,No
15291,No
15292,No
15293,No
15294,No
15295,No
15296,No
15297,No
15298,Yes
15299,No
15300,Yes
15301,No
15302,No
15303,Yes
15304,No
15305,No
15306,No
15307,No
15308,No
15309,Yes
15310,Yes
15311,No
15312,Yes
15313,No
15314,No
15315,No
15316,Yes
15317,Yes
15318,No
15319,No
15320,No
15321,No
15322,No
15323,No
15324,No
15325,Yes
15326,No
15327,No
15328,No
15329,Yes
15330,No
15331,No
15332,No
15333,No
15334,No
15335,No
15336,Yes
15337,No
15338,Yes
15339,Yes
15340,Yes
15341,No
15342,No
15343,No
15344,No
15345,Yes
15346,No
15347,No
15348,No
15349,Yes
15350,No
15351,Yes
15352,Yes
15353,No
15354,No
15355,No
15356,No
15357,No
15358,No
15359,No
15360,No
15361,No
15362,No
15363,No
15364,No
15365,No
15366,No
15367,No
15368,No
15369,No
15370,No
15371,No
15372,Yes
15373,No
15374,No
15375,Yes
15376,No
15377,No
15378,No
15379,Yes
15380,No
15381,No
15382,Yes
15383,No
15384,No
15385,No
15386,No
15387,No
15388,No
15389,Yes
15390,No
15391,Yes
15392,No
15393,Yes
15394,Yes
15395,Yes
15396,No
15397,No
15398,No
15399,No
15400,Yes
15401,No
15402,No
15403,Yes
15404,No
15405,No
15406,Yes
15407,Yes
15408,No
15409,No
15410,No
15411,No
15412,Yes
15413,Yes
15414,No
15415,Yes
15416,No
15417,No
15418,No
15419,Yes
15420,No
15421,Yes
15422,No
15423,No
15424,No
15425,No
15426,No
15427,No
15428,Yes
15429,No
15430,Yes
15431,No
15432,Yes
15433,Yes
15434,No
15435,No
15436,No
15437,Yes
15438,No
15439,No
15440,Yes
15441,No
15442,Yes
15443,No
15444,No
15445,Yes
15446,Yes
15447,No
15448,No
15449,Yes
15450,No
15451,No
15452,Yes
15453,No
15454,No
15455,No
15456,No
15457,No
15458,No
15459,Yes
15460,Yes
15461,No
15462,Yes
15463,No
15464,No
15465,Yes
15466,No
15467,No
15468,No
15469,No
15470,Yes
15471,No
15472,Yes
15473,No
15474,No
15475,No
15476,No
15477,No
15478,Yes
15479,Yes
15480,No
15481,Yes
15482,No
15483,No
15484,No
15485,No
15486,No
15487,No
15488,No
15489,Yes
15490,Yes
15491,No
15492,Yes
15493,Yes
15494,Yes
15495,Yes
15496,No
15497,No
15498,No
15499,No
15500,No
15501,No
15502,Yes
15503,No
15504,No
15505,No
15506,Yes
15507,No
15508,No
15509,No
15510,No
15511,Yes
15512,No
15513,Yes
15514,No
15515,No
15516,No
15517,Yes
15518,Yes
15519,No
15520,No
15521,No
15522,No
15523,No
15524,No
15525,No
15526,No
15527,No
15528,Yes
15529,Yes
15530,Yes
15531,No
15532,No
15533,Yes
15534,Yes
15535,Yes
15536,Yes
15537,No
15538,No
15539,No
15540,No
15541,No
15542,No
15543,Yes
15544,No
15545,No
15546,No
15547,No
15548,No
15549,Yes
15550,Yes
15551,Yes
15552,Yes
15553,No
15554,No
15555,No
15556,Yes
15557,No
15558,No
15559,No
15560,No
15561,No
15562,No
15563,No
15564,Yes
15565,No
15566,No
15567,No
15568,No
15569,No
15570,Yes
15571,Yes
15572,Yes
15573,Yes
15574,No
15575,No
15576,No
15577,Yes
15578,No
15579,No
15580,No
15581,Yes
15582,No
15583,Yes
15584,No
15585,No
15586,No
15587,No
15588,No
15589,No
15590,No
15591,No
15592,No
15593,No
15594,Yes
15595,No
15596,No
15597,No
15598,No
15599,No
15600,Yes
15601,No
15602,No
15603,No
15604,Yes
15605,No
15606,No
15607,No
15608,Yes
15609,No
15610,No
15611,No
15612,No
15613,No
15614,Yes
15615,No
15616,No
15617,Yes
15618,No
15619,No
15620,No
15621,Yes
15622,No
15623,Yes
15624,No
15625,Yes
15626,Yes
15627,No
15628,No
15629,No
15630,No
15631,Yes
15632,Yes
15633,No
15634,No
15635,Yes
15636,No
15637,No
15638,Yes
15639,No
15640,No
15641,No
15642,No
15643,No
15644,No
15645,No
15646,No
15647,Yes
15648,Yes
15649,No
15650,No
15651,No
15652,No
15653,No
15654,No
15655,No
15656,No
15657,No
15658,Yes
15659,No
15660,Yes
15661,Yes
15662,No
15663,Yes
15664,No
15665,Yes
15666,No
15667,No
15668,No
15669,No
15670,Yes
15671,Yes
15672,No
15673,No
15674,No
15675,No
15676,No
15677,No
15678,No
15679,No
15680,No
15681,No
15682,No
15683,No
15684,No
15685,No
15686,No
15687,Yes
15688,No
15689,Yes
15690,No
15691,Yes
15692,No
15693,No
15694,No
15695,No
15696,No
15697,No
15698,No
15699,Yes
15700,No
15701,No
15702,No
15703,No
15704,No
15705,No
15706,No
15707,Yes
15708,No
15709,Yes
15710,No
15711,No
15712,No
15713,No
15714,Yes
15715,No
15716,No
15717,Yes
15718,No
15719,No
15720,No
15721,No
15722,No
15723,No
15724,No
15725,No
15726,Yes
15727,No
15728,Yes
15729,No
15730,Yes
15731,No
15732,No
15733,No
15734,Yes
15735,No
15736,Yes
15737,No
15738,No
15739,Yes
15740,Yes
15741,No
15742,No
15743,Yes
15744,No
15745,No
15746,Yes
15747,Yes
15748,No
15749,No
15750,No
15751,No
15752,No
15753,No
15754,No
15755,Yes
15756,No
15757,No
15758,No
15759,Yes
15760,No
15761,No
15762,No
15763,Yes
15764,Yes
15765,Yes
15766,No
15767,No
15768,No
15769,No
15770,No
15771,Yes
15772,Yes
15773,No
15774,No
15775,No
15776,No
15777,Yes
15778,No
15779,No
15780,No
15781,Yes
15782,No
15783,No
15784,Yes
15785,No
15786,No
15787,Yes
15788,Yes
15789,No
15790,No
15791,No
15792,No
15793,No
15794,No
15795,No
15796,Yes
15797,No
15798,No
15799,No
15800,No
15801,Yes
15802,No
15803,Yes
15804,No
15805,No
15806,Yes
15807,No
15808,No
15809,No
15810,No
15811,No
15812,No
15813,No
15814,Yes
15815,No
15816,No
15817,Yes
15818,No
15819,No
15820,No
15821,No
15822,No
15823,No
15824,No
15825,Yes
15826,Yes
15827,No
15828,No
15829,No
15830,Yes
15831,Yes
15832,Yes
15833,No
15834,No
15835,No
15836,Yes
15837,No
15838,No
15839,Yes
15840,No
15841,No
15842,No
15843,No
15844,No
15845,No
15846,No
15847,No
15848,Yes
15849,Yes
15850,No
15851,Yes
15852,No
15853,No
15854,No
15855,No
15856,No
15857,No
15858,No
15859,No
15860,Yes
15861,Yes
15862,Yes
15863,No
15864,Yes
15865,No
15866,No
15867,No
15868,No
15869,No
15870,No
15871,No
15872,No
15873,Yes
15874,No
15875,Yes
15876,No
15877,Yes
15878,No
15879,No
15880,No
15881,No
15882,Yes
15883,No
15884,No
15885,Yes
15886,No
15887,Yes
15888,No
15889,Yes
15890,No
15891,Yes
15892,Yes
15893,Yes
15894,No
15895,Yes
15896,No
15897,Yes
15898,No
15899,No
15900,No
15901,No
15902,Yes
15903,No
15904,No
15905,No
15906,No
15907,No
15908,Yes
15909,No
15910,No
15911,No
15912,Yes
15913,Yes
15914,Yes
15915,No
15916,No
15917,No
15918,No
15919,Yes
15920,No
15921,No
15922,No
15923,No
15924,No
15925,No
15926,No
15927,No
15928,Yes
15929,No
15930,Yes
15931,No
15932,No
15933,Yes
15934,No
15935,No
15936,No
15937,No
15938,No
15939,No
15940,No
15941,Yes
15942,No
15943,No
15944,No
15945,No
15946,No
15947,No
15948,Yes
15949,No
15950,No
15951,No
15952,Yes
15953,No
15954,Yes
15955,Yes
15956,Yes
15957,No
15958,No
15959,No
15960,No
15961,No
15962,No
15963,No
15964,No
15965,Yes
15966,No
15967,Yes
15968,No
15969,Yes
15970,Yes
15971,Yes
15972,No
15973,Yes
15974,No
15975,Yes
15976,No
15977,No
15978,No
15979,No
15980,No
15981,No
15982,No
15983,No
15984,No
15985,No
15986,No
15987,No
15988,No
15989,No
15990,No
15991,No
15992,No
15993,No
15994,No
15995,Yes
15996,No
15997,No
15998,Yes
15999,Yes
16000,Yes
16001,No
16002,No
16003,Yes
16004,Yes
16005,No
16006,No
16007,No
16008,Yes
16009,No
16010,No
16011,Yes
16012,No
16013,No
16014,Yes
16015,Yes
16016,Yes
16017,No
16018,No
16019,Yes
16020,No
16021,No
16022,No
16023,No
16024,No
16025,No
16026,Yes
16027,Yes
16028,Yes
16029,Yes
16030,No
16031,Yes
16032,Yes
16033,Yes
16034,No
16035,Yes
16036,No
16037,No
16038,No
16039,No
16040,Yes
16041,No
16042,No
16043,No
16044,No
16045,Yes
16046,Yes
16047,No
16048,No
16049,No
16050,No
16051,No
16052,No
16053,Yes
16054,No
16055,No
16056,No
16057,Yes
16058,Yes
16059,No
16060,Yes
16061,No
16062,No
16063,Yes
16064,Yes
16065,No
16066,Yes
16067,No
16068,No
16069,Yes
16070,No
16071,Yes
16072,No
16073,No
16074,No
16075,No
16076,No
16077,No
16078,Yes
16079,No
16080,No
16081,No
16082,No
16083,Yes
16084,No
16085,Yes
16086,No
16087,No
16088,No
16089,No
16090,No
16091,No
16092,Yes
16093,No
16094,No
16095,Yes
16096,No
16097,No
16098,Yes
16099,No
16100,Yes
16101,No
16102,No
16103,Yes
16104,No
16105,No
16106,No
16107,No
16108,No
16109,No
16110,No
16111,Yes
16112,No
16113,Yes
16114,Yes
16115,No
16116,No
16117,No
16118,No
16119,No
16120,Yes
16121,No
16122,Yes
16123,No
16124,No
16125,No
16126,No
16127,No
16128,No
16129,No
16130,No
16131,Yes
16132,Yes
16133,No
16134,No
16135,Yes
16136,No
16137,Yes
16138,Yes
16139,Yes
16140,No
16141,No
16142,Yes
16143,No
16144,No
16145,No
16146,No
16147,No
16148,Yes
16149,No
16150,No
16151,No
16152,Yes
16153,No
16154,Yes
16155,No
16156,No
16157,No
16158,Yes
16159,Yes
16160,No
16161,No
16162,No
16163,No
16164,Yes
16165,No
16166,No
16167,No
16168,No
16169,No
16170,No
16171,Yes
16172,No
16173,No
16174,No
16175,No
16176,No
16177,No
16178,No
16179,No
16180,No
16181,No
16182,No
16183,No
16184,Yes
16185,Yes
16186,No
16187,No
16188,No
16189,Yes
16190,Yes
16191,No
16192,No
16193,No
16194,No
16195,No
16196,No
16197,No
16198,Yes
16199,No
16200,No
16201,No
16202,No
16203,Yes
16204,Yes
16205,No
16206,No
16207,No
16208,No
16209,No
16210,Yes
16211,No
16212,Yes
16213,No
16214,No
16215,No
16216,Yes
16217,No
16218,Yes
16219,No
16220,No
16221,Yes
16222,No
16223,No
16224,Yes
16225,No
16226,No
16227,Yes
16228,No
16229,No
16230,Yes
16231,No
16232,No
16233,No
16234,No
16235,Yes
16236,No
16237,No
16238,No
16239,No
16240,Yes
16241,No
16242,Yes
16243,No
16244,No
16245,No
16246,No
16247,No
16248,No
16249,No
16250,No
16251,No
16252,No
16253,No
16254,No
16255,No
16256,No
16257,No
16258,Yes
16259,No
16260,No
16261,Yes
16262,No
16263,Yes
16264,No
16265,No
16266,Yes
16267,Yes
16268,No
16269,No
16270,Yes
16271,No
16272,Yes
16273,No
16274,No
16275,No
16276,No
16277,No
16278,No
16279,No
16280,Yes
16281,Yes
16282,Yes
16283,No
16284,No
16285,No
16286,No
16287,No
16288,No
16289,Yes
16290,Yes
16291,No
16292,No
16293,Yes
16294,Yes
16295,No
16296,Yes
16297,Yes
16298,No
16299,Yes
16300,No
16301,Yes
16302,No
16303,No
16304,No
16305,No
16306,No
16307,No
16308,Yes
16309,No
16310,No
16311,No
16312,No
16313,No
16314,No
16315,Yes
16316,No
16317,Yes
16318,Yes
16319,No
16320,No
16321,No
16322,No
16323,No
16324,Yes
16325,No
16326,No
16327,Yes
16328,No
16329,No
16330,No
16331,No
16332,Yes
16333,No
16334,No
16335,Yes
16336,No
16337,No
16338,Yes
16339,No
16340,No
16341,No
16342,Yes
16343,No
16344,No
16345,No
16346,Yes
16347,Yes
16348,No
16349,No
16350,No
16351,No
16352,Yes
16353,No
16354,No
16355,No
16356,No
16357,Yes
16358,No
16359,No
16360,No
16361,No
16362,No
16363,No
16364,No
16365,No
16366,No
16367,Yes
16368,No
16369,No
16370,No
16371,No
16372,Yes
16373,Yes
16374,No
16375,Yes
16376,Yes
16377,Yes
16378,Yes
16379,No
16380,No
16381,No
16382,No
16383,No
16384,No
16385,No
16386,No
16387,No
16388,No
16389,No
16390,No
16391,No
16392,Yes
16393,No
16394,No
16395,Yes
16396,No
16397,No
16398,No
16399,No
16400,No
16401,No
16402,No
16403,No
16404,No
16405,No
16406,Yes
16407,No
16408,No
16409,No
16410,No
16411,Yes
16412,Yes
16413,No
16414,Yes
16415,No
16416,Yes
16417,No
16418,No
16419,No
16420,No
16421,No
16422,No
16423,Yes
16424,Yes
16425,No
16426,No
16427,Yes
16428,Yes
16429,Yes
16430,Yes
16431,No
16432,No
16433,No
16434,No
16435,No
16436,Yes
16437,Yes
16438,Yes
16439,No
16440,No
16441,No
16442,No
16443,No
16444,No
16445,Yes
16446,Yes
16447,No
16448,No
16449,No
16450,No
16451,No
16452,No
16453,No
16454,No
16455,No
16456,No
16457,No
16458,No
16459,Yes
16460,No
16461,No
16462,No
16463,No
16464,No
16465,No
16466,Yes
16467,No
16468,No
16469,Yes
16470,No
16471,No
16472,Yes
16473,Yes
16474,No
16475,No
16476,No
16477,Yes
16478,No
16479,No
16480,No
16481,No
16482,No
16483,No
16484,No
16485,Yes
16486,No
16487,No
16488,No
16489,Yes
16490,No
16491,No
16492,No
16493,Yes
16494,No
16495,No
16496,No
16497,No
16498,No
16499,No
16500,No
16501,No
16502,No
16503,No
16504,Yes
16505,No
16506,No
16507,Yes
16508,No
16509,No
16510,No
16511,No
16512,No
16513,No
16514,Yes
16515,No
16516,No
16517,Yes
16518,Yes
16519,No
16520,Yes
16521,No
16522,No
16523,No
16524,No
16525,No
16526,No
16527,No
16528,No
16529,No
16530,No
16531,Yes
16532,No
16533,No
16534,No
16535,No
16536,Yes
16537,No
16538,Yes
16539,No
16540,No
16541,No
16542,No
16543,No
16544,No
16545,No
16546,No
16547,Yes
16548,No
16549,No
16550,No
16551,No
16552,No
16553,Yes
16554,Yes
16555,No
16556,Yes
16557,No
16558,No
16559,Yes
16560,No
16561,No
16562,No
16563,No
16564,No
16565,No
16566,Yes
16567,No
16568,Yes
16569,Yes
16570,No
16571,No
16572,Yes
16573,No
16574,Yes
16575,No
16576,Yes
16577,No
16578,Yes
16579,No
16580,No
16581,No
16582,No
16583,No
16584,Yes
16585,No
16586,No
16587,No
16588,No
16589,Yes
16590,No
16591,Yes
16592,No
16593,No
16594,No
16595,No
16596,No
16597,Yes
16598,No
16599,Yes
16600,No
16601,Yes
16602,Yes
16603,No
16604,No
16605,No
16606,No
16607,No
16608,Yes
16609,No
16610,No
16611,No
16612,Yes
16613,No
16614,No
16615,No
16616,No
16617,Yes
16618,Yes
16619,No
16620,No
16621,No
16622,No
16623,Yes
16624,Yes
16625,No
16626,No
16627,No
16628,Yes
16629,No
16630,No
16631,No
16632,No
16633,No
16634,No
16635,No
16636,No
16637,No
16638,No
16639,No
16640,Yes
16641,No
16642,Yes
16643,No
16644,No
16645,No
16646,No
16647,No
16648,Yes
16649,No
16650,Yes
16651,No
16652,No
16653,No
16654,No
16655,No
16656,Yes
16657,Yes
16658,No
16659,No
16660,Yes
16661,No
16662,No
16663,No
16664,No
16665,No
16666,No
16667,No
16668,No
16669,Yes
16670,No
16671,No
16672,No
16673,No
16674,No
16675,No
16676,No
16677,Yes
16678,No
16679,Yes
16680,No
16681,Yes
16682,No
16683,No
16684,No
16685,No
16686,No
16687,No
16688,Yes
16689,No
16690,No
16691,No
16692,No
16693,No
16694,No
16695,No
16696,No
16697,No
16698,No
16699,Yes
16700,No
16701,No
16702,No
16703,No
16704,No
16705,Yes
16706,No
16707,No
16708,Yes
16709,No
16710,No
16711,No
16712,No
16713,No
16714,No
16715,No
16716,No
16717,No
16718,No
16719,No
16720,No
16721,Yes
16722,Yes
16723,Yes
16724,Yes
16725,No
16726,No
16727,No
16728,Yes
16729,No
16730,No
16731,Yes
16732,No
16733,No
16734,No
16735,Yes
16736,No
16737,No
16738,No
16739,No
16740,No
16741,No
16742,No
16743,No
16744,No
16745,No
16746,No
16747,No
16748,No
16749,No
16750,Yes
16751,Yes
16752,No
16753,No
16754,No
16755,Yes
16756,No
16757,No
16758,No
16759,No
16760,No
16761,Yes
16762,No
16763,No
16764,No
16765,Yes
16766,No
16767,No
16768,No
16769,No
16770,No
16771,No
16772,Yes
16773,No
16774,No
16775,Yes
16776,Yes
16777,No
16778,No
16779,Yes
16780,Yes
16781,No
16782,Yes
16783,No
16784,No
16785,No
16786,No
16787,No
16788,Yes
16789,Yes
16790,No
16791,Yes
16792,Yes
16793,Yes
16794,Yes
16795,No
16796,No
16797,No
16798,No
16799,No
16800,Yes
16801,Yes
16802,No
16803,No
16804,No
16805,Yes
16806,Yes
16807,No
16808,Yes
16809,No
16810,No
16811,No
16812,No
16813,No
16814,No
16815,No
16816,Yes
16817,No
16818,No
16819,No
16820,No
16821,Yes
16822,No
16823,No
16824,Yes
16825,No
16826,No
16827,Yes
16828,Yes
16829,Yes
16830,No
16831,No
16832,No
16833,No
16834,No
16835,No
16836,No
16837,No
16838,Yes
16839,No
16840,Yes
16841,No
16842,Yes
16843,No
16844,Yes
16845,No
16846,No
16847,No
16848,No
16849,No
16850,No
16851,No
16852,Yes
16853,No
16854,Yes
16855,No
16856,No
16857,No
16858,No
16859,No
16860,No
16861,Yes
16862,No
16863,No
16864,Yes
16865,No
16866,Yes
16867,No
16868,Yes
16869,No
16870,No
16871,Yes
16872,Yes
16873,No
16874,No
16875,Yes
16876,No
16877,No
16878,Yes
16879,Yes
16880,No
16881,No
16882,Yes
16883,No
16884,No
16885,No
16886,Yes
16887,No
16888,No
16889,Yes
16890,No
16891,Yes
16892,No
16893,Yes
16894,Yes
16895,No
16896,Yes
16897,Yes
16898,No
16899,Yes
16900,Yes
16901,No
16902,No
16903,Yes
16904,No
16905,No
16906,Yes
16907,Yes
16908,No
16909,No
16910,No
16911,Yes
16912,Yes
16913,No
16914,No
16915,No
16916,No
16917,Yes
16918,No
16919,No
16920,No
16921,No
16922,No
16923,No
16924,No
16925,Yes
16926,Yes
16927,No
16928,No
16929,No
16930,No
16931,No
16932,No
16933,No
16934,No
16935,No
16936,No
16937,Yes
16938,No
16939,Yes
16940,Yes
16941,No
16942,No
16943,No
16944,No
16945,No
16946,Yes
16947,No
16948,No
16949,No
16950,No
16951,No
16952,No
16953,No
16954,No
16955,Yes
16956,No
16957,No
16958,No
16959,No
16960,No
16961,No
16962,Yes
16963,Yes
16964,No
16965,No
16966,No
16967,No
16968,Yes
16969,No
16970,No
16971,No
16972,No
16973,Yes
16974,No
16975,No
16976,No
16977,Yes
16978,No
16979,No
16980,No
16981,No
16982,No
16983,No
16984,Yes
16985,No
16986,No
16987,No
16988,No
16989,No
16990,No
16991,No
16992,No
16993,No
16994,Yes
16995,No
16996,No
16997,No
16998,No
16999,No
17000,No
17001,No
17002,Yes
17003,No
17004,No
17005,No
17006,Yes
17007,No
17008,No
17009,No
17010,No
17011,No
17012,Yes
17013,No
17014,No
17015,No
17016,Yes
17017,Yes
17018,No
17019,No
17020,No
17021,Yes
17022,No
17023,No
17024,No
17025,No
17026,No
17027,No
17028,No
17029,Yes
17030,Yes
17031,No
17032,No
17033,No
17034,Yes
17035,No
17036,Yes
17037,Yes
17038,No
17039,No
17040,Yes
17041,No
17042,No
17043,No
17044,Yes
17045,No
17046,No
17047,Yes
17048,Yes
17049,No
17050,Yes
17051,No
17052,Yes
17053,No
17054,No
17055,No
17056,No
17057,No
17058,Yes
17059,No
17060,No
17061,No
17062,No
17063,Yes
17064,No
17065,No
17066,No
17067,No
17068,Yes
17069,Yes
17070,No
17071,No
17072,Yes
17073,No
17074,Yes
17075,No
17076,No
17077,No
17078,No
17079,No
17080,No
17081,No
17082,No
17083,Yes
17084,Yes
17085,No
17086,Yes
17087,No
17088,No
17089,No
17090,No
17091,No
17092,Yes
17093,No
17094,No
17095,Yes
17096,No
17097,No
17098,No
17099,Yes
17100,No
17101,No
17102,No
17103,No
17104,No
17105,No
17106,No
17107,No
17108,No
17109,No
17110,No
17111,Yes
17112,Yes
17113,No
17114,No
17115,Yes
17116,No
17117,No
17118,No
17119,No
17120,Yes
17121,Yes
17122,No
17123,No
17124,No
17125,No
17126,No
17127,No
17128,No
17129,Yes
17130,Yes
17131,No
17132,No
17133,No
17134,No
17135,No
17136,No
17137,No
17138,No
17139,No
17140,Yes
17141,No
17142,No
17143,No
17144,Yes
17145,No
17146,Yes
17147,Yes
17148,No
17149,No
17150,No
17151,No
17152,No
17153,No
17154,No
17155,No
17156,Yes
17157,No
17158,Yes
17159,Yes
17160,No
17161,No
17162,No
17163,Yes
17164,Yes
17165,No
17166,No
17167,Yes
17168,No
17169,Yes
17170,No
17171,No
17172,No
17173,Yes
17174,Yes
17175,No
17176,No
17177,No
17178,No
17179,No
17180,Yes
17181,No
17182,No
17183,Yes
17184,No
17185,Yes
17186,No
17187,No
17188,No
17189,No
17190,No
17191,No
17192,No
17193,No
17194,No
17195,Yes
17196,No
17197,Yes
17198,No
17199,No
17200,No
17201,No
17202,No
17203,Yes
17204,Yes
17205,Yes
17206,No
17207,Yes
17208,No
17209,No
17210,Yes
17211,No
17212,No
17213,No
17214,No
17215,No
17216,No
17217,Yes
17218,Yes
17219,No
17220,No
17221,No
17222,No
17223,No
17224,Yes
17225,No
17226,No
17227,No
17228,No
17229,Yes
17230,No
17231,No
17232,No
17233,No
17234,No
17235,No
17236,Yes
17237,No
17238,No
17239,Yes
17240,Yes
17241,No
17242,No
17243,No
17244,No
17245,No
17246,Yes
17247,No
17248,Yes
17249,Yes
17250,No
17251,Yes
17252,Yes
17253,No
17254,Yes
17255,No
17256,No
17257,No
17258,No
17259,No
17260,No
17261,No
17262,Yes
17263,No
17264,Yes
17265,No
17266,Yes
17267,No
17268,No
17269,No
17270,Yes
17271,Yes
17272,Yes
17273,No
17274,Yes
17275,Yes
17276,No
17277,Yes
17278,No
17279,No
17280,Yes
17281,No
17282,Yes
17283,Yes
17284,No
17285,No
17286,Yes
17287,No
17288,Yes
17289,No
17290,No
17291,Yes
17292,No
17293,No
17294,No
17295,No
17296,No
17297,Yes
17298,Yes
17299,No
17300,Yes
17301,No
17302,No
17303,Yes
17304,No
17305,No
17306,Yes
17307,No
17308,No
17309,No
17310,No
17311,No
17312,No
17313,No
17314,No
17315,No
17316,No
17317,Yes
17318,No
17319,Yes
17320,Yes
17321,No
17322,No
17323,Yes
17324,Yes
17325,Yes
17326,No
17327,No
17328,No
17329,No
17330,Yes
17331,No
17332,Yes
17333,No
17334,No
17335,Yes
17336,No
17337,No
17338,Yes
17339,No
17340,No
17341,No
17342,No
17343,No
17344,No
17345,No
17346,No
17347,No
17348,Yes
17349,Yes
17350,Yes
17351,Yes
17352,No
17353,Yes
17354,No
17355,No
17356,Yes
17357,Yes
17358,No
17359,No
17360,Yes
17361,No
17362,No
17363,No
17364,Yes
17365,Yes
17366,No
17367,No
17368,Yes
17369,Yes
17370,No
17371,No
17372,No
17373,No
17374,No
17375,No
17376,No
17377,Yes
17378,Yes
17379,Yes
17380,No
17381,Yes
17382,Yes
17383,No
17384,Yes
17385,No
17386,No
17387,No
17388,No
17389,No
17390,No
17391,No
17392,No
17393,No
17394,No
17395,Yes
17396,Yes
17397,No
17398,No
17399,Yes
17400,No
17401,No
17402,Yes
17403,No
17404,No
17405,No
17406,No
17407,No
17408,Yes
17409,No
17410,No
17411,No
17412,No
17413,No
17414,No
17415,No
17416,No
17417,No
17418,No
17419,Yes
17420,No
17421,No
17422,No
17423,No
17424,No
17425,No
17426,No
17427,No
17428,No
17429,No
17430,No
17431,Yes
17432,No
17433,No
17434,No
17435,No
17436,No
17437,No
17438,Yes
17439,No
17440,No
17441,No
17442,No
17443,No
17444,No
17445,No
17446,Yes
17447,Yes
17448,No
17449,No
17450,No
17451,No
17452,Yes
17453,No
17454,No
17455,No
17456,No
17457,No
17458,No
17459,Yes
17460,No
17461,No
17462,Yes
17463,No
17464,Yes
17465,No
17466,No
17467,No
17468,No
17469,No
17470,No
17471,No
17472,Yes
17473,Yes
17474,No
17475,No
17476,No
17477,Yes
17478,No
17479,Yes
17480,No
17481,No
17482,Yes
17483,No
17484,No
17485,No
17486,No
17487,Yes
17488,Yes
17489,No
17490,No
17491,Yes
17492,Yes
17493,No
17494,No
17495,Yes
17496,No
17497,No
17498,No
17499,Yes
17500,No
17501,Yes
17502,No
17503,Yes
17504,Yes
17505,No
17506,Yes
17507,Yes
17508,No
17509,Yes
17510,No
17511,No
17512,Yes
17513,No
17514,No
17515,No
17516,No
17517,Yes
17518,No
17519,No
17520,No
17521,No
17522,No
17523,No
17524,Yes
17525,No
17526,Yes
17527,Yes
17528,No
17529,Yes
17530,No
17531,No
17532,Yes
17533,Yes
17534,No
17535,No
17536,No
17537,No
17538,No
17539,Yes
17540,No
17541,No
17542,No
17543,No
17544,Yes
17545,Yes
17546,No
17547,No
17548,No
17549,No
17550,No
17551,Yes
17552,No
17553,No
17554,No
17555,No
17556,No
17557,No
17558,No
17559,No
17560,No
17561,Yes
17562,Yes
17563,No
17564,No
17565,No
17566,No
17567,No
17568,No
17569,Yes
17570,No
17571,Yes
17572,No
17573,No
17574,No
17575,Yes
17576,No
17577,Yes
17578,No
17579,Yes
17580,Yes
17581,No
17582,No
17583,No
17584,Yes
17585,No
17586,No
17587,No
17588,No
17589,No
17590,No
17591,No
17592,No
17593,Yes
17594,No
17595,No
17596,No
17597,No
17598,No
17599,Yes
17600,No
17601,No
17602,No
17603,No
17604,Yes
17605,No
17606,No
17607,Yes
17608,No
17609,Yes
17610,No
17611,No
17612,No
17613,No
17614,Yes
17615,No
17616,No
17617,Yes
17618,No
17619,No
17620,Yes
17621,No
17622,Yes
17623,No
17624,No
17625,No
17626,No
17627,Yes
17628,No
17629,No
17630,Yes
17631,No
17632,No
17633,Yes
17634,No
17635,No
17636,Yes
17637,No
17638,No
17639,No
17640,No
17641,No
17642,No
17643,No
17644,Yes
17645,Yes
17646,Yes
17647,Yes
17648,No
17649,No
17650,No
17651,Yes
17652,No
17653,No
17654,No
17655,No
17656,Yes
17657,Yes
17658,No
17659,No
17660,Yes
17661,No
17662,Yes
17663,No
17664,No
17665,No
17666,No
17667,No
17668,No
17669,No
17670,No
17671,No
17672,No
17673,Yes
17674,No
17675,No
17676,No
17677,No
17678,Yes
17679,No
17680,No
17681,No
17682,No
17683,No
17684,No
17685,Yes
17686,Yes
17687,No
17688,Yes
17689,No
17690,No
17691,No
17692,No
17693,Yes
17694,No
17695,Yes
17696,No
17697,No
17698,No
17699,No
17700,No
17701,Yes
17702,Yes
17703,No
17704,Yes
17705,No
17706,No
17707,No
17708,No
17709,No
17710,No
17711,No
17712,No
17713,No
17714,Yes
17715,No
17716,No
17717,No
17718,No
17719,No
17720,No
17721,No
17722,Yes
17723,No
17724,Yes
17725,No
17726,No
17727,No
17728,No
17729,No
17730,No
17731,No
17732,Yes
17733,No
17734,No
17735,Yes
17736,No
17737,Yes
17738,No
17739,Yes
17740,Yes
17741,No
17742,Yes
17743,No
17744,No
17745,No
17746,No
17747,No
17748,No
17749,Yes
17750,No
17751,Yes
17752,No
17753,No
17754,No
17755,No
17756,No
17757,No
17758,No
17759,No
17760,Yes
17761,Yes
17762,No
17763,No
17764,Yes
17765,No
17766,No
17767,Yes
17768,Yes
17769,No
17770,No
17771,No
17772,No
17773,Yes
17774,No
17775,No
17776,Yes
17777,Yes
17778,No
17779,No
17780,No
17781,No
17782,No
17783,Yes
17784,No
17785,No
17786,No
17787,No
17788,No
17789,Yes
17790,No
17791,No
17792,Yes
17793,Yes
17794,Yes
17795,No
17796,Yes
17797,No
17798,No
17799,Yes
17800,No
17801,No
17802,No
17803,No
17804,Yes
17805,No
17806,No
17807,No
17808,No
17809,Yes
17810,No
17811,No
17812,Yes
17813,No
17814,No
17815,No
17816,Yes
17817,No
17818,No
17819,No
17820,No
17821,No
17822,Yes
17823,No
17824,No
17825,No
17826,No
17827,No
17828,No
17829,No
17830,No
17831,Yes
17832,No
17833,No
17834,No
17835,No
17836,No
17837,Yes
17838,No
17839,Yes
17840,No
17841,No
17842,Yes
17843,Yes
17844,No
17845,No
17846,No
17847,No
17848,No
17849,No
17850,No
17851,No
17852,No
17853,No
17854,Yes
17855,No
17856,Yes
17857,No
17858,No
17859,Yes
17860,No
17861,No
17862,No
17863,No
17864,No
17865,No
17866,No
17867,No
17868,No
17869,Yes
17870,No
17871,No
17872,No
17873,Yes
17874,Yes
17875,No
17876,No
17877,No
17878,No
17879,No
17880,Yes
17881,No
17882,No
17883,Yes
17884,No
17885,Yes
17886,No
17887,No
17888,No
17889,No
17890,Yes
17891,Yes
17892,Yes
17893,No
17894,Yes
17895,No
17896,No
17897,Yes
17898,No
17899,No
17900,No
17901,No
17902,No
17903,No
17904,No
17905,Yes
17906,No
17907,No
17908,No
17909,Yes
17910,No
17911,No
17912,No
17913,No
17914,No
17915,No
17916,No
17917,Yes
17918,No
17919,Yes
17920,No
17921,No
17922,No
17923,No
17924,No
17925,Yes
17926,No
17927,Yes
17928,No
17929,No
17930,No
17931,No
17932,No
17933,No
17934,No
17935,No
17936,Yes
17937,Yes
17938,Yes
17939,No
17940,Yes
17941,No
17942,Yes
17943,Yes
17944,No
17945,No
17946,No
17947,No
17948,No
17949,No
17950,Yes
17951,Yes
17952,Yes
17953,Yes
17954,Yes
17955,No
17956,No
17957,No
17958,No
17959,Yes
17960,No
17961,No
17962,No
17963,No
17964,Yes
17965,No
17966,No
17967,No
17968,No
17969,Yes
17970,No
17971,Yes
17972,Yes
17973,No
17974,No
17975,Yes
17976,Yes
17977,No
17978,Yes
17979,No
17980,Yes
17981,Yes
17982,No
17983,No
17984,Yes
17985,No
17986,No
17987,Yes
17988,No
17989,No
17990,No
17991,No
17992,No
17993,No
17994,No
17995,No
17996,Yes
17997,No
17998,No
17999,Yes
18000,No
18001,Yes
18002,Yes
18003,No
18004,No
18005,No
18006,Yes
18007,No
18008,Yes
18009,No
18010,No
18011,No
18012,No
18013,No
18014,No
18015,No
18016,No
18017,No
18018,No
18019,No
18020,No
18021,Yes
18022,Yes
18023,No
18024,Yes
18025,Yes
18026,No
18027,No
18028,No
18029,Yes
18030,No
18031,No
18032,No
18033,No
18034,Yes
18035,No
18036,Yes
18037,No
18038,No
18039,Yes
18040,No
18041,No
18042,No
18043,No
18044,No
18045,No
18046,Yes
18047,No
18048,Yes
18049,No
18050,Yes
18051,Yes
18052,No
18053,No
18054,No
18055,No
18056,No
18057,No
18058,Yes
18059,No
18060,No
18061,No
18062,No
18063,Yes
18064,No
18065,No
18066,No
18067,No
18068,No
18069,No
18070,Yes
18071,No
18072,No
18073,No
18074,No
18075,No
18076,No
18077,No
18078,Yes
18079,No
18080,No
18081,Yes
18082,No
18083,No
18084,Yes
18085,Yes
18086,No
18087,No
18088,No
18089,Yes
18090,Yes
18091,No
18092,No
18093,Yes
18094,Yes
18095,Yes
18096,Yes
18097,No
18098,Yes
18099,Yes
18100,No
18101,No
18102,No
18103,Yes
18104,No
18105,No
18106,No
18107,No
18108,No
18109,No
18110,Yes
18111,No
18112,No
18113,No
18114,No
18115,No
18116,No
18117,No
18118,Yes
18119,No
18120,No
18121,No
18122,Yes
18123,Yes
18124,Yes
18125,Yes
18126,No
18127,No
18128,No
18129,No
18130,No
18131,No
18132,Yes
18133,No
18134,No
18135,No
18136,No
18137,No
18138,No
18139,Yes
18140,No
18141,No
18142,No
18143,No
18144,No
18145,No
18146,Yes
18147,Yes
18148,Yes
18149,Yes
18150,No
18151,No
18152,No
18153,No
18154,Yes
18155,No
18156,No
18157,No
18158,No
18159,No
18160,Yes
18161,Yes
18162,No
18163,Yes
18164,No
18165,Yes
18166,No
18167,No
18168,No
18169,Yes
18170,Yes
18171,No
18172,Yes
18173,Yes
18174,No
18175,Yes
18176,No
18177,Yes
18178,No
18179,Yes
18180,No
18181,Yes
18182,No
18183,No
18184,No
18185,Yes
18186,No
18187,No
18188,Yes
18189,No
18190,Yes
18191,No
18192,No
18193,No
18194,No
18195,No
18196,No
18197,No
18198,No
18199,No
18200,No
18201,Yes
18202,No
18203,Yes
18204,No
18205,Yes
18206,No
18207,Yes
18208,No
18209,No
18210,No
18211,No
18212,No
18213,No
18214,No
18215,No
18216,No
18217,No
18218,Yes
18219,No
18220,No
18221,No
18222,No
18223,No
18224,No
18225,Yes
18226,No
18227,No
18228,Yes
18229,No
18230,No
18231,No
18232,No
18233,No
18234,No
18235,No
18236,Yes
18237,No
18238,No
18239,No
18240,Yes
18241,Yes
18242,Yes
18243,No
18244,No
18245,Yes
18246,No
18247,No
18248,No
18249,Yes
18250,No
18251,No
18252,No
18253,No
18254,No
18255,No
18256,No
18257,No
18258,No
18259,No
18260,Yes
18261,Yes
18262,Yes
18263,Yes
18264,Yes
18265,No
18266,No
18267,No
18268,No
18269,No
18270,No
18271,No
18272,No
18273,No
18274,Yes
18275,No
18276,Yes
18277,Yes
18278,Yes
18279,No
18280,No
18281,No
18282,No
18283,Yes
18284,Yes
18285,No
18286,No
18287,No
18288,No
18289,No
18290,No
18291,No
18292,Yes
18293,No
18294,No
18295,No
18296,No
18297,No
18298,Yes
18299,Yes
18300,Yes
18301,No
18302,Yes
18303,No
18304,No
18305,Yes
18306,No
18307,No
18308,Yes
18309,No
18310,No
18311,Yes
18312,No
18313,No
18314,No
18315,No
18316,No
18317,No
18318,No
18319,Yes
18320,Yes
18321,Yes
18322,No
18323,No
18324,Yes
18325,No
18326,No
18327,No
18328,No
18329,No
18330,No
18331,No
18332,No
18333,No
18334,Yes
18335,No
18336,No
18337,No
18338,No
18339,No
18340,No
18341,Yes
18342,No
18343,No
18344,No
18345,Yes
18346,No
18347,No
18348,No
18349,No
18350,No
18351,No
18352,No
18353,Yes
18354,No
18355,No
18356,Yes
18357,No
18358,No
18359,No
18360,No
18361,No
18362,No
18363,No
18364,Yes
18365,No
18366,No
18367,No
18368,No
18369,No
18370,No
18371,No
18372,No
18373,No
18374,No
18375,Yes
18376,No
18377,Yes
18378,Yes
18379,No
18380,Yes
18381,Yes
18382,No
18383,No
18384,No
18385,No
18386,No
18387,No
18388,Yes
18389,No
18390,Yes
18391,No
18392,Yes
18393,Yes
18394,No
18395,No
18396,No
18397,No
18398,No
18399,Yes
18400,No
18401,No
18402,Yes
18403,Yes
18404,No
18405,Yes
18406,No
18407,Yes
18408,Yes
18409,Yes
18410,Yes
18411,No
18412,No
18413,No
18414,No
18415,Yes
18416,Yes
18417,No
18418,No
18419,Yes
18420,Yes
18421,No
18422,No
18423,No
18424,No
18425,No
18426,No
18427,Yes
18428,No
18429,No
18430,No
18431,No
18432,No
18433,Yes
18434,No
18435,Yes
18436,No
18437,Yes
18438,No
18439,Yes
18440,No
18441,Yes
18442,No
18443,No
18444,No
18445,No
18446,No
18447,No
18448,Yes
18449,Yes
18450,Yes
18451,No
18452,No
18453,Yes
18454,Yes
18455,No
18456,Yes
18457,No
18458,Yes
18459,Yes
18460,No
18461,No
18462,No
18463,No
18464,No
18465,No
18466,Yes
18467,No
18468,No
18469,No
18470,Yes
18471,No
18472,No
18473,No
18474,No
18475,No
18476,No
18477,Yes
18478,No
18479,No
18480,Yes
18481,No
18482,No
18483,No
18484,Yes
18485,No
18486,No
18487,No
18488,No
18489,Yes
18490,No
18491,No
18492,No
18493,No
18494,Yes
18495,No
18496,Yes
18497,No
18498,Yes
18499,No
18500,No
18501,No
18502,No
18503,No
18504,No
18505,No
18506,No
18507,No
18508,Yes
18509,Yes
18510,No
18511,No
18512,No
18513,No
18514,Yes
18515,No
18516,Yes
18517,Yes
18518,No
18519,No
18520,No
18521,No
18522,Yes
18523,No
18524,No
18525,No
18526,No
18527,No
18528,No
18529,No
18530,No
18531,Yes
18532,Yes
18533,No
18534,No
18535,No
18536,No
18537,No
18538,No
18539,No
18540,Yes
18541,No
18542,No
18543,Yes
18544,Yes
18545,No
18546,No
18547,No
18548,No
18549,No
18550,Yes
18551,Yes
18552,Yes
18553,Yes
18554,Yes
18555,No
18556,Yes
18557,No
18558,No
18559,Yes
18560,Yes
18561,Yes
18562,No
18563,No
18564,No
18565,No
18566,Yes
18567,Yes
18568,No
18569,Yes
18570,No
18571,No
18572,No
18573,No
18574,Yes
18575,No
18576,No
18577,No
18578,No
18579,No
18580,No
18581,No
18582,No
18583,Yes
18584,No
18585,No
18586,Yes
18587,No
18588,No
18589,No
18590,No
18591,No
18592,Yes
18593,Yes
18594,Yes
18595,Yes
18596,No
18597,No
18598,No
18599,No
18600,Yes
18601,Yes
18602,Yes
18603,Yes
18604,No
18605,No
18606,No
18607,No
18608,No
18609,No
18610,Yes
18611,No
18612,Yes
18613,Yes
18614,No
18615,No
18616,No
18617,No
18618,No
18619,No
18620,No
18621,No
18622,No
18623,No
18624,No
18625,No
18626,No
18627,No
18628,Yes
18629,Yes
18630,Yes
18631,No
18632,Yes
18633,No
18634,Yes
18635,Yes
18636,No
18637,Yes
18638,No
18639,Yes
18640,No
18641,No
18642,Yes
18643,No
18644,No
18645,Yes
18646,No
18647,Yes
18648,No
18649,No
18650,No
18651,No
18652,No
18653,Yes
18654,No
18655,No
18656,Yes
18657,No
18658,No
18659,No
18660,No
18661,No
18662,No
18663,Yes
18664,No
18665,No
18666,No
18667,No
18668,No
18669,Yes
18670,No
18671,Yes
18672,No
18673,No
18674,No
18675,No
18676,No
18677,No
18678,Yes
18679,No
18680,Yes
18681,No
18682,Yes
18683,No
18684,No
18685,Yes
18686,Yes
18687,Yes
18688,No
18689,Yes
18690,Yes
18691,Yes
18692,Yes
18693,No
18694,No
18695,No
18696,No
18697,Yes
18698,No
18699,No
18700,No
18701,Yes
18702,No
18703,No
18704,Yes
18705,Yes
18706,No
18707,Yes
18708,No
18709,Yes
18710,No
18711,No
18712,Yes
18713,No
18714,No
18715,Yes
18716,No
18717,No
18718,Yes
18719,No
18720,No
18721,No
18722,No
18723,Yes
18724,Yes
18725,No
18726,Yes
18727,No
18728,No
18729,No
18730,No
18731,Yes
18732,No
18733,Yes
18734,No
18735,No
18736,No
18737,No
18738,No
18739,Yes
18740,Yes
18741,No
18742,No
18743,No
18744,No
18745,No
18746,No
18747,No
18748,No
18749,Yes
18750,No
18751,Yes
18752,No
18753,No
18754,No
18755,No
18756,No
18757,No
18758,Yes
18759,No
18760,No
18761,No
18762,No
18763,Yes
18764,Yes
18765,No
18766,No
18767,Yes
18768,No
18769,No
18770,Yes
18771,No
18772,No
18773,Yes
18774,No
18775,No
18776,No
18777,No
18778,No
18779,No
18780,Yes
18781,Yes
18782,Yes
18783,No
18784,No
18785,Yes
18786,No
18787,No
18788,No
18789,Yes
18790,No
18791,No
18792,No
18793,No
18794,No
18795,No
18796,No
18797,No
18798,No
18799,No
18800,No
18801,Yes
18802,No
18803,No
18804,No
18805,No
18806,No
18807,No
18808,No
18809,No
18810,No
18811,No
18812,No
18813,No
18814,No
18815,No
18816,No
18817,No
18818,No
18819,No
18820,No
18821,No
18822,No
18823,No
18824,Yes
18825,No
18826,Yes
18827,No
18828,No
18829,No
18830,Yes
18831,Yes
18832,No
18833,Yes
18834,No
18835,No
18836,No
18837,Yes
18838,No
18839,Yes
18840,Yes
18841,No
18842,No
18843,No
18844,No
18845,Yes
18846,No
18847,No
18848,No
18849,Yes
18850,No
18851,No
18852,Yes
18853,No
18854,Yes
18855,Yes
18856,No
18857,No
18858,No
18859,No
18860,No
18861,Yes
18862,Yes
18863,No
18864,No
18865,Yes
18866,No
18867,No
18868,No
18869,No
18870,No
18871,No
18872,No
18873,No
18874,No
18875,No
18876,No
18877,Yes
18878,No
18879,Yes
18880,No
18881,No
18882,No
18883,No
18884,Yes
18885,No
18886,Yes
18887,Yes
18888,Yes
18889,No
18890,No
18891,No
18892,Yes
18893,No
18894,No
18895,Yes
18896,No
18897,Yes
18898,No
18899,Yes
18900,No
18901,No
18902,No
18903,No
18904,No
18905,Yes
18906,No
18907,Yes
18908,No
18909,No
18910,No
18911,No
18912,No
18913,Yes
18914,No
18915,Yes
18916,No
18917,No
18918,No
18919,Yes
18920,No
18921,No
18922,No
18923,Yes
18924,No
18925,Yes
18926,Yes
18927,No
18928,No
18929,No
18930,No
18931,No
18932,No
18933,No
18934,Yes
18935,No
18936,No
18937,Yes
18938,Yes
18939,No
18940,No
18941,No
18942,No
18943,No
18944,No
18945,Yes
18946,No
18947,Yes
18948,No
18949,No
18950,No
18951,Yes
18952,No
18953,Yes
18954,No
18955,No
18956,Yes
18957,No
18958,No
18959,Yes
18960,No
18961,Yes
18962,No
18963,Yes
18964,Yes
18965,No
18966,Yes
18967,No
18968,No
18969,No
18970,Yes
18971,Yes
18972,No
18973,No
18974,No
18975,No
18976,Yes
18977,No
18978,No
18979,No
18980,No
18981,No
18982,No
18983,Yes
18984,No
18985,No
18986,No
18987,No
18988,No
18989,No
18990,No
18991,No
18992,Yes
18993,No
18994,Yes
18995,No
18996,No
18997,No
18998,No
18999,No
19000,No
19001,Yes
19002,Yes
19003,Yes
19004,No
19005,No
19006,No
19007,No
19008,No
19009,No
19010,No
19011,Yes
19012,Yes
19013,No
19014,No
19015,Yes
19016,No
19017,No
19018,No
19019,No
19020,No
19021,No
19022,No
19023,No
19024,Yes
19025,No
19026,No
19027,No
19028,No
19029,No
19030,No
19031,No
19032,No
19033,No
19034,No
19035,No
19036,No
19037,No
19038,Yes
19039,No
19040,No
19041,Yes
19042,Yes
19043,No
19044,Yes
19045,No
19046,No
19047,No
19048,Yes
19049,Yes
19050,No
19051,No
19052,No
19053,No
19054,Yes
19055,No
19056,No
19057,No
19058,No
19059,No
19060,Yes
19061,No
19062,No
19063,Yes
19064,Yes
19065,No
19066,Yes
19067,No
19068,Yes
19069,No
19070,Yes
19071,No
19072,Yes
19073,No
19074,Yes
19075,No
19076,No
19077,No
19078,Yes
19079,Yes
19080,Yes
19081,No
19082,No
19083,No
19084,No
19085,No
19086,No
19087,Yes
19088,Yes
19089,No
19090,No
19091,No
19092,No
19093,Yes
19094,No
19095,No
19096,No
19097,No
19098,No
19099,Yes
19100,No
19101,Yes
19102,No
19103,No
19104,Yes
19105,No
19106,No
19107,No
19108,Yes
19109,No
19110,No
19111,Yes
19112,Yes
19113,No
19114,Yes
19115,No
19116,No
19117,Yes
19118,Yes
19119,Yes
19120,No
19121,Yes
19122,No
19123,No
19124,Yes
19125,No
19126,Yes
19127,Yes
19128,No
19129,No
19130,No
19131,Yes
19132,Yes
19133,No
19134,No
19135,No
19136,No
19137,Yes
19138,No
19139,No
19140,No
19141,No
19142,No
19143,Yes
19144,No
19145,Yes
19146,Yes
19147,No
19148,No
19149,No
19150,No
19151,Yes
19152,Yes
19153,No
19154,Yes
19155,No
19156,No
19157,No
19158,No
19159,No
19160,No
19161,Yes
19162,Yes
19163,No
19164,No
19165,No
19166,Yes
19167,Yes
19168,Yes
19169,No
19170,No
19171,No
19172,No
19173,No
19174,No
19175,No
19176,Yes
19177,No
19178,No
19179,Yes
19180,No
19181,No
19182,No
19183,Yes
19184,No
19185,No
19186,No
19187,Yes
19188,No
19189,No
19190,Yes
19191,Yes
19192,No
19193,Yes
19194,No
19195,Yes
19196,Yes
19197,No
19198,No
19199,No
19200,No
19201,No
19202,Yes
19203,No
19204,No
19205,No
19206,No
19207,No
19208,Yes
19209,No
19210,No
19211,No
19212,No
19213,No
19214,No
19215,No
19216,No
19217,No
19218,No
19219,No
19220,No
19221,No
19222,Yes
19223,No
19224,Yes
19225,Yes
19226,No
19227,Yes
19228,No
19229,No
19230,No
19231,No
19232,No
19233,Yes
19234,No
19235,No
19236,Yes
19237,Yes
19238,Yes
19239,No
19240,No
19241,No
19242,Yes
19243,No
19244,No
19245,No
19246,No
19247,No
19248,No
19249,No
19250,No
19251,Yes
19252,No
19253,No
19254,No
19255,No
19256,No
19257,No
19258,No
19259,No
19260,Yes
19261,No
19262,No
19263,No
19264,Yes
19265,Yes
19266,No
19267,Yes
19268,No
19269,Yes
19270,No
19271,No
19272,No
19273,No
19274,No
19275,No
19276,Yes
19277,Yes
19278,No
19279,No
19280,No
19281,No
19282,Yes
19283,No
19284,Yes
19285,Yes
19286,No
19287,Yes
19288,Yes
19289,Yes
19290,Yes
19291,No
19292,No
19293,No
19294,No
19295,No
19296,No
19297,No
19298,No
19299,No
19300,Yes
19301,Yes
19302,No
19303,No
19304,Yes
19305,Yes
19306,No
19307,No
19308,Yes
19309,No
19310,No
19311,Yes
19312,No
19313,No
19314,No
19315,No
19316,Yes
19317,Yes
19318,No
19319,No
19320,No
19321,No
19322,No
19323,Yes
19324,Yes
19325,No
19326,Yes
19327,No
19328,No
19329,No
19330,Yes
19331,No
19332,Yes
19333,No
19334,No
19335,Yes
19336,No
19337,No
19338,No
19339,Yes
19340,Yes
19341,No
19342,No
19343,No
19344,No
19345,Yes
19346,No
19347,No
19348,No
19349,No
19350,No
19351,No
19352,No
19353,No
19354,No
19355,Yes
19356,No
19357,No
19358,No
19359,No
19360,Yes
19361,No
19362,No
19363,No
19364,No
19365,Yes
19366,No
19367,No
19368,Yes
19369,Yes
19370,No
19371,No
19372,No
19373,No
19374,Yes
19375,No
19376,No
19377,Yes
19378,No
19379,No
19380,Yes
19381,No
19382,No
19383,No
19384,No
19385,Yes
19386,No
19387,No
19388,No
19389,Yes
19390,No
19391,No
19392,No
19393,No
19394,No
19395,Yes
19396,No
19397,No
19398,No
19399,No
19400,No
19401,No
19402,No
19403,No
19404,No
19405,No
19406,Yes
19407,No
19408,Yes
19409,No
19410,No
19411,No
19412,No
19413,No
19414,No
19415,No
19416,Yes
19417,No
19418,No
19419,No
19420,No
19421,No
19422,No
19423,No
19424,No
19425,Yes
19426,No
19427,Yes
19428,No
19429,No
19430,No
19431,No
19432,Yes
19433,Yes
19434,No
19435,Yes
19436,No
19437,No
19438,No
19439,No
19440,Yes
19441,No
19442,No
19443,No
19444,No
19445,No
19446,No
19447,No
19448,Yes
19449,No
19450,No
19451,Yes
19452,No
19453,Yes
19454,Yes
19455,Yes
19456,Yes
19457,No
19458,No
19459,No
19460,Yes
19461,Yes
19462,No
19463,Yes
19464,No
19465,Yes
19466,No
19467,No
19468,No
19469,No
19470,No
19471,No
19472,No
19473,No
19474,No
19475,No
19476,No
19477,No
19478,No
19479,No
19480,No
19481,No
19482,No
19483,No
19484,Yes
19485,No
19486,Yes
19487,No
19488,No
19489,No
19490,No
19491,No
19492,No
19493,No
19494,No
19495,No
19496,Yes
19497,No
19498,No
19499,No
19500,No
19501,No
19502,No
19503,No
19504,No
19505,No
19506,Yes
19507,No
19508,No
19509,No
19510,Yes
19511,No
19512,No
19513,No
19514,No
19515,Yes
19516,Yes
19517,No
19518,No
19519,No
19520,No
19521,No
19522,No
19523,No
19524,No
19525,No
19526,No
19527,No
19528,No
19529,No
19530,No
19531,Yes
19532,No
19533,No
19534,No
19535,Yes
19536,Yes
19537,No
19538,No
19539,No
19540,No
19541,No
19542,No
19543,No
19544,Yes
19545,Yes
19546,No
19547,No
19548,No
19549,No
19550,No
19551,Yes
19552,No
19553,No
19554,No
19555,Yes
19556,No
19557,No
19558,No
19559,Yes
19560,No
19561,Yes
19562,No
19563,No
19564,No
19565,No
19566,No
19567,Yes
19568,No
19569,No
19570,No
19571,Yes
19572,No
19573,No
19574,No
19575,Yes
19576,No
19577,No
19578,No
19579,No
19580,No
19581,Yes
19582,Yes
19583,No
19584,Yes
19585,Yes
19586,No
19587,No
19588,No
19589,No
19590,Yes
19591,Yes
19592,Yes
19593,Yes
19594,Yes
19595,No
19596,No
19597,Yes
19598,No
19599,Yes
19600,No
19601,No
19602,No
19603,Yes
19604,Yes
19605,Yes
19606,Yes
19607,No
19608,No
19609,Yes
19610,Yes
19611,Yes
19612,No
19613,No
19614,No
19615,No
19616,No
19617,No
19618,No
19619,No
19620,Yes
19621,No
19622,No
19623,No
19624,No
19625,Yes
19626,No
19627,No
19628,No
19629,No
19630,No
19631,Yes
19632,No
19633,No
19634,No
19635,No
19636,No
19637,No
19638,No
19639,No
19640,No
19641,No
19642,No
19643,Yes
19644,No
19645,No
19646,No
19647,No
19648,No
19649,No
19650,No
19651,Yes
19652,No
19653,No
19654,No
19655,Yes
19656,No
19657,Yes
19658,Yes
19659,No
19660,No
19661,No
19662,Yes
19663,No
19664,No
19665,No
19666,Yes
19667,No
19668,Yes
19669,No
19670,Yes
19671,Yes
19672,No
19673,No
19674,Yes
19675,No
19676,No
19677,Yes
19678,No
19679,Yes
19680,No
19681,No
19682,No
19683,Yes
19684,Yes
19685,No
19686,No
19687,No
19688,Yes
19689,No
19690,Yes
19691,No
19692,No
19693,Yes
19694,No
19695,No
19696,No
19697,No
19698,No
19699,No
19700,Yes
19701,No
19702,Yes
19703,Yes
19704,No
19705,No
19706,Yes
19707,No
19708,No
19709,No
19710,Yes
19711,No
19712,No
19713,No
19714,No
19715,No
19716,Yes
19717,Yes
19718,No
19719,No
19720,No
19721,No
19722,No
19723,No
19724,Yes
19725,No
19726,Yes
19727,No
19728,No
19729,No
19730,No
19731,No
19732,Yes
19733,No
19734,Yes
19735,No
19736,No
19737,No
19738,Yes
19739,No
19740,No
19741,Yes
19742,Yes
19743,Yes
19744,Yes
19745,No
19746,Yes
19747,Yes
19748,No
19749,No
19750,No
19751,No
19752,No
19753,No
19754,Yes
19755,No
19756,No
19757,No
19758,No
19759,Yes
19760,No
19761,Yes
19762,Yes
19763,No
19764,Yes
19765,Yes
19766,No
19767,No
19768,Yes
19769,No
19770,Yes
19771,No
19772,No
19773,No
19774,No
19775,Yes
19776,No
19777,No
19778,Yes
19779,No
19780,Yes
19781,Yes
19782,Yes
19783,Yes
19784,No
19785,No
19786,Yes
19787,Yes
19788,No
19789,Yes
19790,Yes
19791,No
19792,No
19793,Yes
19794,No
19795,Yes
19796,No
19797,Yes
19798,Yes
19799,Yes
19800,No
19801,No
19802,No
19803,No
19804,No
19805,No
19806,No
19807,No
19808,No
19809,No
19810,No
19811,No
19812,No
19813,No
19814,No
19815,No
19816,No
19817,No
19818,No
19819,Yes
19820,No
19821,No
19822,No
19823,Yes
19824,No
19825,No
19826,Yes
19827,Yes
19828,Yes
19829,Yes
19830,No
19831,Yes
19832,Yes
19833,Yes
19834,Yes
19835,No
19836,No
19837,No
19838,No
19839,No
19840,Yes
19841,No
19842,No
19843,Yes
19844,No
19845,Yes
19846,No
19847,No
19848,Yes
19849,No
19850,No
19851,No
19852,Yes
19853,Yes
19854,No
19855,No
19856,Yes
19857,No
19858,Yes
19859,No
19860,No
19861,No
19862,No
19863,No
19864,No
19865,Yes
19866,No
19867,No
19868,No
19869,Yes
19870,No
19871,No
19872,No
19873,Yes
19874,No
19875,Yes
19876,No
19877,No
19878,No
19879,Yes
19880,No
19881,No
19882,No
19883,No
19884,Yes
19885,No
19886,No
19887,No
19888,Yes
19889,Yes
19890,No
19891,No
19892,Yes
19893,Yes
19894,No
19895,Yes
19896,Yes
19897,Yes
19898,No
19899,No
19900,No
19901,No
19902,No
19903,Yes
19904,Yes
19905,No
19906,No
19907,Yes
19908,No
19909,No
19910,No
19911,Yes
19912,No
19913,No
19914,No
19915,No
19916,No
19917,No
19918,No
19919,No
19920,No
19921,No
19922,Yes
19923,No
19924,Yes
19925,No
19926,No
19927,No
19928,No
19929,No
19930,No
19931,No
19932,Yes
19933,No
19934,Yes
19935,Yes
19936,No
19937,No
19938,No
19939,No
19940,No
19941,Yes
19942,Yes
19943,No
19944,No
19945,Yes
19946,No
19947,No
19948,Yes
19949,No
19950,Yes
19951,Yes
19952,Yes
19953,No
19954,Yes
19955,No
19956,No
19957,Yes
19958,No
19959,No
19960,No
19961,Yes
19962,No
19963,No
19964,No
19965,Yes
19966,Yes
19967,No
19968,No
19969,Yes
19970,Yes
19971,No
19972,No
19973,No
19974,Yes
19975,No
19976,No
19977,No
19978,No
19979,No
19980,No
19981,No
19982,No
19983,No
19984,No
19985,No
19986,No
19987,No
19988,Yes
19989,Yes
19990,No
19991,No
19992,Yes
19993,Yes
19994,No
19995,No
19996,No
19997,Yes
19998,No
19999,No
20000,No
20001,No
20002,No
20003,No
20004,No
20005,Yes
20006,No
20007,Yes
20008,No
20009,No
20010,Yes
20011,No
20012,No
20013,No
20014,No
20015,No
20016,No
20017,Yes
20018,No
20019,No
20020,No
20021,Yes
20022,No
20023,No
20024,No
20025,No
20026,No
20027,No
20028,Yes
20029,Yes
20030,No
20031,Yes
20032,Yes
20033,Yes
20034,No
20035,No
20036,No
20037,No
20038,Yes
20039,No
20040,No
20041,No
20042,No
20043,Yes
20044,No
20045,No
20046,No
20047,Yes
20048,No
20049,No
20050,No
20051,No
20052,No
20053,No
20054,No
20055,No
20056,No
20057,No
20058,No
20059,No
20060,No
20061,No
20062,Yes
20063,Yes
20064,Yes
20065,No
20066,No
20067,No
20068,Yes
20069,No
20070,No
20071,No
20072,No
20073,No
20074,No
20075,No
20076,Yes
20077,No
20078,Yes
20079,No
20080,No
20081,Yes
20082,No
20083,No
20084,No
20085,No
20086,No
20087,No
20088,No
20089,No
20090,No
20091,No
20092,Yes
20093,No
20094,No
20095,No
20096,Yes
20097,Yes
20098,Yes
20099,No
20100,No
20101,No
20102,No
20103,No
20104,No
20105,Yes
20106,No
20107,No
20108,Yes
20109,Yes
20110,No
20111,No
20112,No
20113,No
20114,Yes
20115,No
20116,No
20117,No
20118,No
20119,No
20120,No
20121,No
20122,No
20123,No
20124,No
20125,No
20126,No
20127,No
20128,No
20129,Yes
20130,No
20131,No
20132,No
20133,No
20134,No
20135,No
20136,No
20137,No
20138,No
20139,No
20140,Yes
20141,Yes
20142,Yes
20143,No
20144,No
20145,No
20146,Yes
20147,No
20148,No
20149,No
20150,No
20151,No
20152,No
20153,No
20154,Yes
20155,No
20156,No
20157,No
20158,No
20159,No
20160,No
20161,Yes
20162,No
20163,No
20164,No
20165,No
20166,Yes
20167,No
20168,No
20169,Yes
20170,Yes
20171,Yes
20172,No
20173,No
20174,No
20175,Yes
20176,No
20177,No
20178,No
20179,Yes
20180,No
20181,No
20182,No
20183,No
20184,No
20185,No
20186,No
20187,No
20188,No
20189,No
20190,No
20191,No
20192,No
20193,No
20194,Yes
20195,Yes
20196,Yes
20197,No
20198,Yes
20199,No
20200,No
20201,Yes
20202,No
20203,Yes
20204,No
20205,Yes
20206,No
20207,No
20208,Yes
20209,No
20210,Yes
20211,No
20212,Yes
20213,No
20214,No
20215,No
20216,Yes
20217,No
20218,No
20219,No
20220,No
20221,No
20222,No
20223,Yes
20224,No
20225,Yes
20226,Yes
20227,No
20228,No
20229,No
20230,No
20231,No
20232,No
20233,No
20234,No
20235,No
20236,No
20237,No
20238,Yes
20239,No
20240,No
20241,No
20242,Yes
20243,No
20244,Yes
20245,No
20246,No
20247,No
20248,No
20249,No
20250,No
20251,Yes
20252,No
20253,No
20254,Yes
20255,Yes
20256,No
20257,No
20258,No
20259,No
20260,Yes
20261,Yes
20262,No
20263,No
20264,No
20265,No
20266,No
20267,No
20268,No
20269,Yes
20270,Yes
20271,No
20272,No
20273,No
20274,No
20275,No
20276,No
20277,No
20278,No
20279,Yes
20280,No
20281,No
20282,Yes
20283,No
20284,No
20285,No
20286,No
20287,No
20288,No
20289,Yes
20290,No
20291,No
20292,No
20293,Yes
20294,No
20295,No
20296,No
20297,Yes
20298,No
20299,Yes
20300,Yes
20301,No
20302,No
20303,No
20304,No
20305,Yes
20306,Yes
20307,No
20308,Yes
20309,No
20310,Yes
20311,Yes
20312,No
20313,Yes
20314,No
20315,No
20316,No
20317,No
20318,Yes
20319,No
20320,No
20321,No
20322,No
20323,No
20324,No
20325,Yes
20326,No
20327,No
20328,No
20329,No
20330,No
20331,No
20332,Yes
20333,Yes
20334,Yes
20335,No
20336,No
20337,No
20338,Yes
20339,No
20340,No
20341,Yes
20342,No
20343,No
20344,No
20345,Yes
20346,No
20347,No
20348,Yes
20349,No
20350,No
20351,No
20352,No
20353,No
20354,No
20355,No
20356,No
20357,No
20358,No
20359,No
20360,No
20361,No
20362,Yes
20363,No
20364,No
20365,No
20366,No
20367,No
20368,No
20369,No
20370,No
20371,No
20372,Yes
20373,Yes
20374,No
20375,No
20376,No
20377,No
20378,No
20379,No
20380,Yes
20381,Yes
20382,No
20383,No
20384,Yes
20385,No
20386,No
20387,Yes
20388,No
20389,No
20390,No
20391,Yes
20392,Yes
20393,Yes
20394,No
20395,No
20396,No
20397,No
20398,No
20399,No
20400,No
20401,No
20402,No
20403,No
20404,No
20405,No
20406,Yes
20407,No
20408,No
20409,Yes
20410,Yes
20411,No
20412,No
20413,No
20414,No
20415,No
20416,Yes
20417,Yes
20418,No
20419,No
20420,No
20421,No
20422,No
20423,Yes
20424,No
20425,No
20426,Yes
20427,No
20428,Yes
20429,No
20430,No
20431,No
20432,No
20433,No
20434,No
20435,Yes
20436,No
20437,No
20438,No
20439,Yes
20440,No
20441,Yes
20442,Yes
20443,Yes
20444,No
20445,No
20446,No
20447,No
20448,No
20449,No
20450,No
20451,No
20452,No
20453,Yes
20454,Yes
20455,No
20456,No
20457,No
20458,No
20459,No
20460,No
20461,Yes
20462,Yes
20463,No
20464,No
20465,Yes
20466,No
20467,No
20468,Yes
20469,No
20470,No
20471,No
20472,No
20473,No
20474,No
20475,No
20476,Yes
20477,Yes
20478,No
20479,No
20480,No
20481,No
20482,No
20483,No
20484,No
20485,Yes
20486,No
20487,Yes
20488,No
20489,Yes
20490,No
20491,No
20492,No
20493,No
20494,No
20495,No
20496,No
20497,No
20498,No
20499,No
20500,No
20501,No
20502,No
20503,Yes
20504,No
20505,No
20506,Yes
20507,No
20508,Yes
20509,No
20510,No
20511,No
20512,No
20513,No
20514,No
20515,No
20516,No
20517,No
20518,Yes
20519,No
20520,No
20521,Yes
20522,Yes
20523,No
20524,Yes
20525,No
20526,No
20527,No
20528,No
20529,No
20530,Yes
20531,No
20532,No
20533,No
20534,No
20535,No
20536,No
20537,No
20538,Yes
20539,No
20540,No
20541,No
20542,Yes
20543,Yes
20544,Yes
20545,No
20546,Yes
20547,No
20548,No
20549,Yes
20550,Yes
20551,No
20552,No
20553,Yes
20554,No
20555,Yes
20556,No
20557,Yes
20558,Yes
20559,No
20560,No
20561,Yes
20562,Yes
20563,No
20564,Yes
20565,No
20566,No
20567,No
20568,No
20569,No
20570,No
20571,No
20572,No
20573,No
20574,Yes
20575,No
20576,No
20577,No
20578,No
20579,No
20580,Yes
20581,No
20582,No
20583,No
20584,No
20585,No
20586,No
20587,No
20588,Yes
20589,Yes
20590,No
20591,No
20592,No
20593,No
20594,Yes
20595,No
20596,Yes
20597,Yes
20598,No
20599,No
20600,No
20601,Yes
20602,No
20603,No
20604,No
20605,Yes
20606,No
20607,No
20608,Yes
20609,No
20610,No
20611,No
20612,No
20613,Yes
20614,No
20615,Yes
20616,No
20617,Yes
20618,No
20619,No
20620,No
20621,No
20622,Yes
20623,No
20624,No
20625,No
20626,No
20627,Yes
20628,No
20629,No
20630,No
20631,No
20632,No
20633,No
20634,No
20635,No
20636,No
20637,Yes
20638,No
20639,No
20640,No
20641,No
20642,Yes
20643,Yes
20644,No
20645,No
20646,No
20647,Yes
20648,No
20649,No
20650,No
20651,No
20652,No
20653,Yes
20654,No
20655,No
20656,Yes
20657,No
20658,Yes
20659,No
20660,No
20661,No
20662,No
20663,No
20664,Yes
20665,No
20666,Yes
20667,Yes
20668,No
20669,No
20670,No
20671,Yes
20672,No
20673,Yes
20674,Yes
20675,No
20676,No
20677,Yes
20678,No
20679,No
20680,No
20681,Yes
20682,No
20683,No
20684,No
20685,No
20686,Yes
20687,Yes
20688,No
20689,No
20690,No
20691,No
20692,Yes
20693,No
20694,No
20695,No
20696,No
20697,No
20698,Yes
20699,No
20700,Yes
20701,No
20702,No
20703,Yes
20704,No
20705,No
20706,No
20707,Yes
20708,No
20709,No
20710,No
20711,No
20712,No
20713,No
20714,No
20715,No
20716,No
20717,Yes
20718,Yes
20719,No
20720,No
20721,Yes
20722,No
20723,No
20724,No
20725,No
20726,No
20727,No
20728,No
20729,Yes
20730,No
20731,No
20732,No
20733,No
20734,No
20735,No
20736,Yes
20737,No
20738,No
20739,No
20740,No
20741,No
20742,No
20743,No
20744,No
20745,No
20746,No
20747,No
20748,No
20749,No
20750,No
20751,Yes
20752,Yes
20753,No
20754,No
20755,No
20756,No
20757,No
20758,No
20759,No
20760,No
20761,No
20762,No
20763,Yes
20764,No
20765,No
20766,No
20767,Yes
20768,Yes
20769,No
20770,No
20771,Yes
20772,No
20773,No
20774,No
20775,No
20776,No
20777,No
20778,No
20779,No
20780,No
20781,No
20782,Yes
20783,No
20784,Yes
20785,Yes
20786,Yes
20787,No
20788,No
20789,No
20790,No
20791,Yes
20792,No
20793,No
20794,No
20795,No
20796,No
20797,No
20798,Yes
20799,No
20800,No
20801,No
20802,No
20803,No
20804,No
20805,No
20806,No
20807,Yes
20808,Yes
20809,Yes
20810,No
20811,Yes
20812,No
20813,Yes
20814,No
20815,Yes
20816,Yes
20817,Yes
20818,No
20819,Yes
20820,No
20821,No
20822,Yes
20823,No
20824,Yes
20825,No
20826,No
20827,No
20828,No
20829,No
20830,No
20831,No
20832,No
20833,No
20834,No
20835,No
20836,No
20837,Yes
20838,Yes
20839,No
20840,No
20841,Yes
20842,No
20843,No
20844,No
20845,No
20846,No
20847,Yes
20848,No
20849,No
20850,No
20851,No
20852,No
20853,Yes
20854,Yes
20855,No
20856,Yes
20857,Yes
20858,No
20859,No
20860,Yes
20861,Yes
20862,No
20863,No
20864,Yes
20865,No
20866,No
20867,No
20868,No
20869,No
20870,No
20871,Yes
20872,Yes
20873,No
20874,No
20875,Yes
20876,Yes
20877,No
20878,No
20879,No
20880,Yes
20881,No
20882,No
20883,No
20884,No
20885,No
20886,Yes
20887,No
20888,Yes
20889,No
20890,Yes
20891,Yes
20892,No
20893,No
20894,No
20895,No
20896,No
20897,Yes
20898,No
20899,Yes
20900,No
20901,No
20902,No
20903,Yes
20904,No
20905,No
20906,No
20907,Yes
20908,Yes
20909,No
20910,Yes
20911,No
20912,No
20913,No
20914,No
20915,No
20916,No
20917,No
20918,No
20919,No
20920,Yes
20921,No
20922,No
20923,No
20924,No
20925,No
20926,No
20927,No
20928,Yes
20929,No
20930,Yes
20931,Yes
20932,No
20933,Yes
20934,No
20935,No
20936,No
20937,No
20938,No
20939,Yes
20940,No
20941,Yes
20942,No
20943,No
20944,Yes
20945,No
20946,No
20947,Yes
20948,No
20949,No
20950,No
20951,No
20952,Yes
20953,No
20954,No
20955,No
20956,No
20957,No
20958,No
20959,No
20960,No
20961,No
20962,No
20963,No
20964,Yes
20965,No
20966,No
20967,No
20968,Yes
20969,No
20970,No
20971,No
20972,Yes
20973,No
20974,No
20975,No
20976,Yes
20977,Yes
20978,Yes
20979,No
20980,Yes
20981,Yes
20982,No
20983,No
20984,No
20985,Yes
20986,Yes
20987,Yes
20988,Yes
20989,Yes
20990,No
20991,No
20992,No
20993,No
20994,Yes
20995,No
20996,No
20997,No
20998,No
20999,No
21000,No
21001,No
21002,No
21003,No
21004,Yes
21005,No
21006,Yes
21007,Yes
21008,No
21009,No
21010,No
21011,No
21012,No
21013,No
21014,No
21015,Yes
21016,No
21017,No
21018,No
21019,No
21020,No
21021,No
21022,No
21023,No
21024,No
21025,No
21026,No
21027,No
21028,No
21029,No
21030,No
21031,No
21032,No
21033,No
21034,Yes
21035,No
21036,No
21037,No
21038,No
21039,No
21040,Yes
21041,Yes
21042,Yes
21043,Yes
21044,No
21045,No
21046,No
21047,Yes
21048,Yes
21049,No
21050,Yes
21051,No
21052,No
21053,No
21054,No
21055,No
21056,No
21057,No
21058,No
21059,No
21060,No
21061,No
21062,Yes
21063,No
21064,No
21065,Yes
21066,No
21067,No
21068,No
21069,No
21070,Yes
21071,Yes
21072,No
21073,No
21074,Yes
21075,Yes
21076,No
21077,No
21078,Yes
21079,No
21080,No
21081,Yes
21082,No
21083,No
21084,Yes
21085,No
21086,Yes
21087,No
21088,No
21089,No
21090,No
21091,No
21092,No
21093,No
21094,No
21095,No
21096,Yes
21097,No
21098,Yes
21099,No
21100,Yes
21101,No
21102,No
21103,No
21104,No
21105,Yes
21106,Yes
21107,Yes
21108,Yes
21109,Yes
21110,Yes
21111,Yes
21112,No
21113,Yes
21114,No
21115,No
21116,Yes
21117,No
21118,Yes
21119,No
21120,Yes
21121,No
21122,No
21123,No
21124,Yes
21125,No
21126,No
21127,No
21128,No
21129,No
21130,No
21131,No
21132,No
21133,Yes
21134,No
21135,Yes
21136,Yes
21137,No
21138,No
21139,No
21140,No
21141,Yes
21142,No
21143,No
21144,No
21145,No
21146,No
21147,Yes
21148,No
21149,No
21150,No
21151,No
21152,No
21153,No
21154,No
21155,No
21156,No
21157,No
21158,Yes
21159,No
21160,No
21161,Yes
21162,No
21163,No
21164,Yes
21165,Yes
21166,No
21167,No
21168,No
21169,No
21170,Yes
21171,No
21172,Yes
21173,No
21174,Yes
21175,Yes
21176,No
21177,No
21178,No
21179,No
21180,No
21181,No
21182,No
21183,No
21184,No
21185,No
21186,No
21187,No
21188,No
21189,Yes
21190,No
21191,Yes
21192,No
21193,No
21194,No
21195,No
21196,No
21197,No
21198,Yes
21199,No
21200,No
21201,No
21202,No
21203,No
21204,No
21205,No
21206,No
21207,No
21208,Yes
21209,No
21210,Yes
21211,Yes
21212,No
21213,Yes
21214,No
21215,Yes
21216,No
21217,No
21218,No
21219,No
21220,No
21221,Yes
21222,No
21223,No
21224,No
21225,Yes
21226,No
21227,No
21228,Yes
21229,Yes
21230,No
21231,No
21232,No
21233,No
21234,Yes
21235,No
21236,No
21237,No
21238,Yes
21239,No
21240,No
21241,No
21242,No
21243,No
21244,No
21245,Yes
21246,No
21247,Yes
21248,No
21249,No
21250,No
21251,No
21252,Yes
21253,Yes
21254,No
21255,Yes
21256,No
21257,No
21258,No
21259,No
21260,No
21261,No
21262,No
21263,No
21264,No
21265,No
21266,Yes
21267,No
21268,Yes
21269,Yes
21270,Yes
21271,Yes
21272,No
21273,No
21274,Yes
21275,Yes
21276,No
21277,Yes
21278,No
21279,No
21280,No
21281,No
21282,No
21283,Yes
21284,No
21285,No
21286,No
21287,No
21288,Yes
21289,Yes
21290,No
21291,No
21292,No
21293,No
21294,Yes
21295,Yes
21296,No
21297,No
21298,No
21299,No
21300,Yes
21301,Yes
21302,No
21303,No
21304,Yes
21305,No
21306,No
21307,Yes
21308,Yes
21309,No
21310,No
21311,No
21312,No
21313,No
21314,No
21315,Yes
21316,Yes
21317,Yes
21318,No
21319,Yes
21320,No
21321,No
21322,Yes
21323,No
21324,No
21325,No
21326,No
21327,Yes
21328,No
21329,No
21330,No
21331,No
21332,No
21333,No
21334,No
21335,Yes
21336,No
21337,Yes
21338,Yes
21339,No
21340,Yes
21341,No
21342,No
21343,Yes
21344,Yes
21345,No
21346,No
21347,Yes
21348,Yes
21349,No
21350,No
21351,No
21352,No
21353,No
21354,No
21355,No
21356,No
21357,No
21358,Yes
21359,Yes
21360,No
21361,No
21362,No
21363,No
21364,Yes
21365,No
21366,Yes
21367,No
21368,No
21369,No
21370,No
21371,No
21372,No
21373,Yes
21374,No
21375,Yes
21376,Yes
21377,Yes
21378,No
21379,No
21380,Yes
21381,No
21382,No
21383,Yes
21384,No
21385,Yes
21386,No
21387,No
21388,No
21389,No
21390,Yes
21391,No
21392,No
21393,No
21394,No
21395,No
21396,No
21397,No
21398,No
21399,No
21400,Yes
21401,No
21402,No
21403,No
21404,No
21405,No
21406,No
21407,No
21408,No
21409,No
21410,No
21411,No
21412,Yes
21413,No
21414,No
21415,No
21416,No
21417,No
21418,No
21419,Yes
21420,Yes
21421,No
21422,Yes
21423,No
21424,No
21425,No
21426,No
21427,No
21428,No
21429,No
21430,Yes
21431,No
21432,No
21433,Yes
21434,No
21435,Yes
21436,No
21437,No
21438,Yes
21439,No
21440,Yes
21441,No
21442,Yes
21443,No
21444,No
21445,No
21446,No
21447,No
21448,No
21449,No
21450,No
21451,No
21452,No
21453,No
21454,No
21455,No
21456,No
21457,No
21458,No
21459,No
21460,No
21461,No
21462,No
21463,No
21464,No
21465,No
21466,Yes
21467,No
21468,Yes
21469,No
21470,No
21471,No
21472,No
21473,Yes
21474,Yes
21475,No
21476,No
21477,No
21478,No
21479,No
21480,No
21481,No
21482,Yes
21483,No
21484,No
21485,No
21486,No
21487,Yes
21488,No
21489,No
21490,No
21491,No
21492,No
21493,No
21494,Yes
21495,No
21496,No
21497,Yes
21498,Yes
21499,No
21500,Yes
21501,No
21502,Yes
21503,No
21504,Yes
21505,No
21506,No
21507,No
21508,No
21509,No
21510,Yes
21511,No
21512,No
21513,No
21514,No
21515,No
21516,No
21517,No
21518,No
21519,No
21520,Yes
21521,No
21522,No
21523,No
21524,No
21525,No
21526,No
21527,No
21528,No
21529,No
21530,Yes
21531,No
21532,Yes
21533,No
21534,No
21535,No
21536,No
21537,No
21538,No
21539,No
21540,No
21541,Yes
21542,No
21543,No
21544,No
21545,No
21546,Yes
21547,No
21548,Yes
21549,No
21550,No
21551,No
21552,No
21553,No
21554,Yes
21555,Yes
21556,No
21557,No
21558,No
21559,Yes
21560,Yes
21561,No
21562,No
21563,No
21564,No
21565,Yes
21566,No
21567,Yes
21568,Yes
21569,No
21570,No
21571,No
21572,No
21573,Yes
21574,Yes
21575,No
21576,No
21577,Yes
21578,Yes
21579,Yes
21580,No
21581,No
21582,Yes
21583,Yes
21584,No
21585,No
21586,No
21587,No
21588,Yes
21589,No
21590,No
21591,No
21592,Yes
21593,No
21594,No
21595,No
21596,Yes
21597,No
21598,No
21599,No
21600,No
21601,Yes
21602,Yes
21603,No
21604,No
21605,No
21606,Yes
21607,No
21608,No
21609,No
21610,No
21611,Yes
21612,Yes
21613,No
21614,Yes
21615,No
21616,Yes
21617,No
21618,No
21619,No
21620,No
21621,Yes
21622,No
21623,Yes
21624,Yes
21625,No
21626,No
21627,Yes
21628,Yes
21629,No
21630,Yes
21631,No
21632,No
21633,No
21634,No
21635,No
21636,No
21637,No
21638,No
21639,No
21640,No
21641,Yes
21642,No
21643,No
21644,No
21645,Yes
21646,Yes
21647,No
21648,No
21649,Yes
21650,No
21651,No
21652,No
21653,Yes
21654,No
21655,Yes
21656,No
21657,Yes
21658,No
21659,Yes
21660,No
21661,Yes
21662,No
21663,Yes
21664,No
21665,No
21666,Yes
21667,No
21668,Yes
21669,No
21670,No
21671,No
21672,Yes
21673,No
21674,No
21675,Yes
21676,No
21677,No
21678,No
21679,Yes
21680,Yes
21681,No
21682,No
21683,No
21684,No
21685,Yes
21686,No
21687,Yes
21688,No
21689,Yes
21690,No
21691,No
21692,No
21693,No
21694,No
21695,No
21696,No
21697,No
21698,Yes
21699,No
21700,Yes
21701,No
21702,Yes
21703,Yes
21704,No
21705,No
21706,No
21707,No
21708,No
21709,No
21710,Yes
21711,No
21712,Yes
21713,Yes
21714,Yes
21715,No
21716,No
21717,No
21718,No
21719,No
21720,No
21721,Yes
21722,No
21723,Yes
21724,No
21725,No
21726,No
21727,No
21728,No
21729,No
21730,No
21731,No
21732,No
21733,No
21734,No
21735,No
21736,No
21737,No
21738,No
21739,Yes
21740,Yes
21741,Yes
21742,Yes
21743,No
21744,No
21745,No
21746,No
21747,No
21748,No
21749,Yes
21750,Yes
21751,Yes
21752,No
21753,No
21754,No
21755,No
21756,Yes
21757,No
21758,No
21759,No
21760,No
21761,No
21762,No
21763,No
21764,No
21765,No
21766,No
21767,No
21768,No
21769,No
21770,Yes
21771,Yes
21772,No
21773,No
21774,No
21775,No
21776,No
21777,No
21778,No
21779,Yes
21780,No
21781,No
21782,No
21783,No
21784,Yes
21785,Yes
21786,No
21787,No
21788,Yes
21789,No
21790,No
21791,No
21792,No
21793,Yes
21794,No
21795,Yes
21796,No
21797,No
21798,No
21799,No
21800,No
21801,No
21802,No
21803,Yes
21804,No
21805,No
21806,No
21807,No
21808,No
21809,Yes
21810,No
21811,No
21812,No
21813,Yes
21814,No
21815,No
21816,No
21817,No
21818,Yes
21819,No
21820,No
21821,No
21822,Yes
21823,Yes
21824,No
21825,No
21826,No
21827,No
21828,Yes
21829,Yes
21830,No
21831,No
21832,No
21833,Yes
21834,No
21835,No
21836,No
21837,No
21838,No
21839,Yes
21840,Yes
21841,No
21842,No
21843,No
21844,No
21845,No
21846,No
21847,Yes
21848,Yes
21849,Yes
21850,No
21851,Yes
21852,No
21853,No
21854,No
21855,No
21856,No
21857,Yes
21858,Yes
21859,No
21860,No
21861,No
21862,No
21863,No
21864,Yes
21865,Yes
21866,No
21867,No
21868,No
21869,Yes
21870,No
21871,Yes
21872,No
21873,No
21874,Yes
21875,No
21876,No
21877,No
21878,No
21879,Yes
21880,No
21881,No
21882,No
21883,No
21884,Yes
21885,No
21886,No
21887,No
21888,No
21889,No
21890,No
21891,No
21892,No
21893,No
21894,No
21895,No
21896,No
21897,No
21898,Yes
21899,No
21900,No
21901,No
21902,No
21903,Yes
21904,No
21905,Yes
21906,Yes
21907,No
21908,No
21909,No
21910,No
21911,No
21912,No
21913,Yes
21914,No
21915,No
21916,No
21917,Yes
21918,Yes
21919,Yes
21920,No
21921,No
21922,No
21923,Yes
21924,No
21925,No
21926,No
21927,No
21928,No
21929,Yes
21930,Yes
21931,No
21932,No
21933,Yes
21934,No
21935,Yes
21936,No
21937,No
21938,No
21939,No
21940,No
21941,No
21942,No
21943,No
21944,No
21945,No
21946,No
21947,Yes
21948,No
21949,No
21950,No
21951,No
21952,No
21953,Yes
21954,Yes
21955,No
21956,Yes
21957,Yes
21958,Yes
21959,Yes
21960,No
21961,No
21962,No
21963,No
21964,No
21965,Yes
21966,No
21967,No
21968,No
21969,No
21970,No
21971,Yes
21972,Yes
21973,No
21974,No
21975,Yes
21976,No
21977,No
21978,Yes
21979,No
21980,Yes
21981,No
21982,Yes
21983,No
21984,No
21985,Yes
21986,Yes
21987,Yes
21988,Yes
21989,Yes
21990,Yes
21991,No
21992,Yes
21993,No
21994,No
21995,No
21996,No
21997,No
21998,No
21999,No
22000,No
22001,No
22002,No
22003,No
22004,No
22005,No
22006,No
22007,No
22008,No
22009,No
22010,Yes
22011,No
22012,Yes
22013,No
22014,No
22015,No
22016,No
22017,Yes
22018,No
22019,No
22020,No
22021,No
22022,No
22023,Yes
22024,No
22025,Yes
22026,No
22027,No
22028,No
22029,No
22030,No
22031,No
22032,Yes
22033,No
22034,No
22035,Yes
22036,Yes
22037,No
22038,No
22039,No
22040,No
22041,No
22042,Yes
22043,Yes
22044,No
22045,Yes
22046,No
22047,Yes
22048,No
22049,No
22050,No
22051,Yes
22052,Yes
22053,Yes
22054,No
22055,No
22056,No
22057,No
22058,Yes
22059,No
22060,No
22061,Yes
22062,Yes
22063,No
22064,No
22065,No
22066,No
22067,No
22068,No
22069,No
22070,No
22071,No
22072,No
22073,Yes
22074,No
22075,Yes
22076,Yes
22077,No
22078,No
22079,Yes
22080,No
22081,No
22082,No
22083,No
22084,Yes
22085,Yes
22086,No
22087,No
22088,No
22089,No
22090,No
22091,No
22092,No
22093,No
22094,No
22095,No
22096,No
22097,No
22098,No
22099,Yes
22100,Yes
22101,Yes
22102,No
22103,No
22104,No
22105,No
22106,No
22107,No
22108,Yes
22109,No
22110,No
22111,No
22112,No
22113,No
22114,Yes
22115,No
22116,Yes
22117,No
22118,No
22119,No
22120,No
22121,Yes
22122,Yes
22123,Yes
22124,Yes
22125,No
22126,No
22127,Yes
22128,No
22129,Yes
22130,Yes
22131,No
22132,No
22133,No
22134,No
22135,No
22136,No
22137,Yes
22138,No
22139,Yes
22140,No
22141,No
22142,No
22143,No
22144,No
22145,Yes
22146,No
22147,Yes
22148,Yes
22149,Yes
22150,No
22151,No
22152,No
22153,No
22154,No
22155,Yes
22156,No
22157,Yes
22158,No
22159,No
22160,Yes
22161,Yes
22162,No
22163,No
22164,No
22165,Yes
22166,Yes
22167,No
22168,No
22169,No
22170,No
22171,Yes
22172,No
22173,No
22174,No
22175,Yes
22176,No
22177,No
22178,No
22179,No
22180,No
22181,No
22182,No
22183,No
22184,No
22185,Yes
22186,No
22187,Yes
22188,No
22189,Yes
22190,No
22191,No
22192,No
22193,No
22194,No
22195,Yes
22196,No
22197,No
22198,No
22199,No
22200,No
22201,No
22202,No
22203,Yes
22204,No
22205,Yes
22206,No
22207,No
22208,No
22209,No
22210,No
22211,Yes
22212,No
22213,No
22214,Yes
22215,Yes
22216,Yes
22217,Yes
22218,No
22219,No
22220,No
22221,No
22222,No
22223,No
22224,Yes
22225,No
22226,No
22227,Yes
22228,No
22229,No
22230,No
22231,No
22232,No
22233,No
22234,No
22235,No
22236,Yes
22237,No
22238,No
22239,No
22240,No
22241,No
22242,No
22243,No
22244,Yes
22245,Yes
22246,No
22247,Yes
22248,Yes
22249,No
22250,Yes
22251,No
22252,Yes
22253,Yes
22254,No
22255,No
22256,No
22257,No
22258,No
22259,Yes
22260,Yes
22261,Yes
22262,No
22263,No
22264,No
22265,No
22266,Yes
22267,No
22268,No
22269,No
22270,No
22271,No
22272,Yes
22273,No
22274,Yes
22275,No
22276,Yes
22277,No
22278,No
22279,Yes
22280,No
22281,No
22282,No
22283,No
22284,No
22285,No
22286,No
22287,No
22288,No
22289,No
22290,No
22291,No
22292,No
22293,No
22294,No
22295,Yes
22296,No
22297,No
22298,No
22299,No
22300,No
22301,Yes
22302,Yes
22303,No
22304,No
22305,No
22306,Yes
22307,No
22308,No
22309,Yes
22310,No
22311,No
22312,No
22313,No
22314,No
22315,Yes
22316,No
22317,No
22318,Yes
22319,No
22320,Yes
22321,Yes
22322,Yes
22323,No
22324,Yes
22325,No
22326,Yes
22327,No
22328,No
22329,No
22330,No
22331,No
22332,No
22333,No
22334,Yes
22335,No
22336,No
22337,No
22338,No
22339,No
22340,No
22341,No
22342,No
22343,Yes
22344,Yes
22345,No
22346,No
22347,Yes
22348,No
22349,No
22350,Yes
22351,Yes
22352,No
22353,No
22354,No
22355,No
22356,Yes
22357,No
22358,No
22359,No
22360,No
22361,No
22362,No
22363,No
22364,No
22365,No
22366,No
22367,No
22368,Yes
22369,No
22370,No
22371,Yes
22372,No
22373,No
22374,Yes
22375,No
22376,No
22377,No
22378,No
22379,No
22380,No
22381,Yes
22382,Yes
22383,No
22384,No
22385,Yes
22386,No
22387,No
22388,No
22389,No
22390,Yes
22391,No
22392,No
22393,No
22394,No
22395,No
22396,No
22397,No
22398,No
22399,No
22400,No
22401,No
22402,No
22403,No
22404,No
22405,No
22406,No
22407,No
22408,No
22409,No
22410,No
22411,No
22412,No
22413,No
22414,Yes
22415,Yes
22416,No
22417,No
22418,Yes
22419,Yes
22420,No
22421,No
22422,No
22423,No
22424,Yes
22425,No
22426,No
22427,No
22428,No
22429,No
22430,Yes
22431,No
22432,Yes
22433,No
22434,Yes
22435,No
22436,Yes
22437,Yes
22438,No
22439,No
22440,No
22441,No
22442,No
22443,No
22444,No
22445,No
22446,No
22447,Yes
22448,Yes
22449,Yes
22450,No
22451,No
22452,Yes
22453,Yes
22454,No
22455,No
22456,No
22457,No
22458,Yes
22459,No
22460,Yes
22461,Yes
22462,No
22463,No
22464,Yes
22465,No
22466,No
22467,No
22468,Yes
22469,No
22470,No
22471,No
22472,No
22473,No
22474,No
22475,No
22476,No
22477,Yes
22478,Yes
22479,No
22480,No
22481,No
22482,No
22483,Yes
22484,No
22485,No
22486,No
22487,No
22488,No
22489,Yes
22490,No
22491,No
22492,No
22493,Yes
22494,No
22495,No
22496,No
22497,No
22498,No
22499,No
22500,No
22501,No
22502,No
22503,No
22504,No
22505,Yes
22506,Yes
22507,No
22508,No
22509,No
22510,No
22511,No
22512,Yes
22513,No
22514,No
22515,Yes
22516,Yes
22517,Yes
22518,No
22519,No
22520,No
22521,No
22522,No
22523,No
22524,No
22525,No
22526,No
22527,Yes
22528,No
22529,Yes
22530,Yes
22531,No
22532,Yes
22533,No
22534,No
22535,No
22536,No
22537,No
22538,Yes
22539,No
22540,No
22541,Yes
22542,No
22543,No
22544,No
22545,No
22546,No
22547,No
22548,Yes
22549,No
22550,Yes
22551,Yes
22552,No
22553,No
22554,No
22555,No
22556,No
22557,No
22558,No
22559,No
22560,No
22561,Yes
22562,No
22563,Yes
22564,Yes
22565,No
22566,No
22567,No
22568,No
22569,Yes
22570,No
22571,No
22572,No
22573,No
22574,No
22575,No
22576,Yes
22577,No
22578,No
22579,No
22580,No
22581,No
22582,No
22583,Yes
22584,Yes
22585,No
22586,Yes
22587,No
22588,No
22589,No
22590,No
22591,No
22592,Yes
22593,No
22594,No
22595,No
22596,Yes
22597,No
22598,No
22599,No
22600,Yes
22601,Yes
22602,No
22603,No
22604,No
22605,No
22606,No
22607,No
22608,No
22609,No
22610,No
22611,No
22612,No
22613,Yes
22614,No
22615,No
22616,No
22617,No
22618,No
22619,Yes
22620,No
22621,No
22622,Yes
22623,Yes
22624,No
22625,Yes
22626,No
22627,No
22628,No
22629,No
22630,No
22631,No
22632,No
22633,Yes
22634,No
22635,No
22636,Yes
22637,Yes
22638,Yes
22639,No
22640,No
22641,No
22642,No
22643,No
22644,No
22645,No
22646,No
22647,No
22648,Yes
22649,No
22650,No
22651,No
22652,No
22653,Yes
22654,No
22655,No
22656,No
22657,Yes
22658,No
22659,No
22660,No
22661,Yes
22662,No
22663,No
22664,No
22665,No
22666,No
22667,No
22668,No
22669,No
22670,No
22671,No
22672,Yes
22673,No
22674,Yes
22675,No
22676,No
22677,No
22678,No
22679,No
22680,No
22681,No
22682,Yes
22683,No
22684,No
22685,No
22686,No
22687,Yes
22688,No
22689,No
22690,No
22691,No
22692,No
22693,No
22694,No
22695,Yes
22696,No
22697,No
22698,No
22699,No
22700,Yes
22701,Yes
22702,No
22703,No
22704,No
22705,No
22706,Yes
22707,No
22708,No
22709,Yes
22710,Yes
22711,No
22712,No
22713,No
22714,No
22715,Yes
22716,Yes
22717,No
22718,No
22719,No
22720,Yes
22721,No
22722,No
22723,No
22724,No
22725,No
22726,No
22727,No
22728,No
22729,Yes
22730,Yes
22731,No
22732,Yes
22733,No
22734,Yes
22735,No
22736,Yes
22737,No
22738,Yes
22739,No
22740,No
22741,No
22742,Yes
22743,Yes
22744,Yes
22745,No
22746,Yes
22747,Yes
22748,No
22749,Yes
22750,No
22751,Yes
22752,No
22753,No
22754,No
22755,No
22756,No
22757,No
22758,No
22759,No
22760,No
22761,No
22762,No
22763,Yes
22764,No
22765,Yes
22766,No
22767,Yes
22768,No
22769,No
22770,No
22771,No
22772,No
22773,No
22774,Yes
22775,Yes
22776,Yes
22777,No
22778,Yes
22779,No
22780,No
22781,Yes
22782,Yes
22783,No
22784,No
22785,Yes
22786,Yes
22787,No
22788,No
22789,No
22790,Yes
22791,Yes
22792,Yes
22793,No
22794,No
22795,No
22796,No
22797,No
22798,No
22799,Yes
22800,No
22801,No
22802,Yes
22803,No
22804,Yes
22805,No
22806,Yes
22807,No
22808,No
22809,Yes
22810,Yes
22811,No
22812,No
22813,Yes
22814,No
22815,No
22816,Yes
22817,Yes
22818,No
22819,No
22820,No
22821,No
22822,No
22823,No
22824,Yes
22825,Yes
22826,No
22827,No
22828,No
22829,No
22830,Yes
22831,No
22832,Yes
22833,No
22834,No
22835,Yes
22836,Yes
22837,No
22838,Yes
22839,No
22840,No
22841,No
22842,No
22843,Yes
22844,Yes
22845,No
22846,No
22847,Yes
22848,Yes
22849,No
22850,Yes
22851,No
22852,Yes
22853,No
22854,No
22855,No
22856,No
22857,No
22858,No
22859,No
22860,No
22861,Yes
22862,Yes
22863,Yes
22864,No
22865,No
22866,No
22867,No
22868,No
22869,No
22870,Yes
22871,No
22872,No
22873,Yes
22874,No
22875,No
22876,No
22877,No
22878,Yes
22879,No
22880,No
22881,No
22882,Yes
22883,Yes
22884,Yes
22885,No
22886,Yes
22887,Yes
22888,No
22889,No
22890,No
22891,No
22892,Yes
22893,No
22894,No
22895,No
22896,No
22897,No
22898,No
22899,No
22900,Yes
22901,No
22902,No
22903,No
22904,Yes
22905,Yes
22906,Yes
22907,No
22908,No
22909,No
22910,No
22911,No
22912,No
22913,No
22914,No
22915,No
22916,No
22917,No
22918,No
22919,Yes
22920,No
22921,Yes
22922,No
22923,Yes
22924,No
22925,No
22926,No
22927,No
22928,No
22929,Yes
22930,No
22931,No
22932,Yes
22933,Yes
22934,No
22935,No
22936,Yes
22937,No
22938,No
22939,No
22940,No
22941,No
22942,No
22943,Yes
22944,Yes
22945,No
22946,No
22947,No
22948,Yes
22949,No
22950,No
22951,No
22952,No
22953,No
22954,No
22955,No
22956,No
22957,No
22958,No
22959,No
22960,No
22961,No
22962,No
22963,No
22964,No
22965,No
22966,Yes
22967,No
22968,No
22969,No
22970,No
22971,Yes
22972,No
22973,Yes
22974,No
22975,No
22976,No
22977,No
22978,No
22979,Yes
22980,No
22981,No
22982,No
22983,No
22984,No
22985,No
22986,No
22987,No
22988,No
22989,No
22990,Yes
22991,No
22992,No
22993,No
22994,No
22995,Yes
22996,No
22997,Yes
22998,No
22999,No
23000,Yes
23001,No
23002,No
23003,Yes
23004,No
23005,No
23006,No
23007,Yes
23008,No
23009,No
23010,No
23011,No
23012,Yes
23013,No
23014,No
23015,Yes
23016,No
23017,No
23018,No
23019,No
23020,No
23021,No
23022,No
23023,No
23024,No
23025,No
23026,Yes
23027,No
23028,No
23029,No
23030,Yes
23031,No
23032,No
23033,No
23034,No
23035,Yes
23036,No
23037,No
23038,Yes
23039,Yes
23040,No
23041,Yes
23042,No
23043,No
23044,Yes
23045,No
23046,No
23047,Yes
23048,No
23049,No
23050,No
23051,No
23052,No
23053,No
23054,Yes
23055,Yes
23056,Yes
23057,No
23058,No
23059,No
23060,Yes
23061,Yes
23062,No
23063,No
23064,No
23065,Yes
23066,Yes
23067,No
23068,No
23069,No
23070,No
23071,No
23072,No
23073,No
23074,No
23075,No
23076,No
23077,No
23078,No
23079,No
23080,No
23081,No
23082,No
23083,Yes
23084,Yes
23085,No
23086,No
23087,Yes
23088,No
23089,Yes
23090,No
23091,Yes
23092,Yes
23093,No
23094,No
23095,No
23096,Yes
23097,No
23098,No
23099,No
23100,No
23101,Yes
23102,No
23103,No
23104,Yes
23105,Yes
23106,No
23107,No
23108,No
23109,Yes
23110,Yes
23111,No
23112,Yes
23113,No
23114,No
23115,No
23116,No
23117,Yes
23118,Yes
23119,No
23120,No
23121,No
23122,No
23123,No
23124,No
23125,No
23126,No
23127,No
23128,No
23129,No
23130,Yes
23131,Yes
23132,Yes
23133,No
23134,No
23135,No
23136,No
23137,No
23138,Yes
23139,Yes
23140,No
23141,No
23142,Yes
23143,No
23144,Yes
23145,No
23146,No
23147,Yes
23148,No
23149,No
23150,No
23151,Yes
23152,No
23153,Yes
23154,No
23155,No
23156,Yes
23157,No
23158,No
23159,No
23160,No
23161,Yes
23162,No
23163,No
23164,No
23165,No
23166,No
23167,No
23168,No
23169,No
23170,Yes
23171,Yes
23172,Yes
23173,No
23174,Yes
23175,No
23176,No
23177,No
23178,No
23179,No
23180,No
23181,Yes
23182,No
23183,No
23184,No
23185,No
23186,No
23187,No
23188,Yes
23189,No
23190,No
23191,Yes
23192,Yes
23193,No
23194,No
23195,No
23196,No
23197,No
23198,No
23199,No
23200,Yes
23201,No
23202,No
23203,No
23204,No
23205,No
23206,No
23207,Yes
23208,No
23209,No
23210,No
23211,Yes
23212,No
23213,No
23214,No
23215,No
23216,No
23217,Yes
23218,Yes
23219,No
23220,No
23221,Yes
23222,Yes
23223,Yes
23224,Yes
23225,No
23226,No
23227,No
23228,No
23229,Yes
23230,No
23231,No
23232,No
23233,No
23234,Yes
23235,Yes
23236,No
23237,No
23238,No
23239,No
23240,Yes
23241,No
23242,No
23243,No
23244,Yes
23245,No
23246,No
23247,No
23248,Yes
23249,Yes
23250,No
23251,No
23252,No
23253,No
23254,No
23255,Yes
23256,No
23257,No
23258,No
23259,No
23260,No
23261,No
23262,No
23263,No
23264,No
23265,No
23266,Yes
23267,No
23268,No
23269,No
23270,Yes
23271,No
23272,No
23273,Yes
23274,No
23275,No
23276,No
23277,No
23278,No
23279,No
23280,Yes
23281,No
23282,No
23283,Yes
23284,No
23285,No
23286,No
23287,No
23288,No
23289,No
23290,Yes
23291,Yes
23292,No
23293,No
23294,No
23295,No
23296,No
23297,No
23298,Yes
23299,No
23300,Yes
23301,Yes
23302,No
23303,No
23304,No
23305,No
23306,No
23307,No
23308,No
23309,No
23310,No
23311,No
23312,Yes
23313,No
23314,Yes
23315,No
23316,No
23317,No
23318,Yes
23319,No
23320,No
23321,No
23322,Yes
23323,No
23324,No
23325,No
23326,No
23327,No
23328,Yes
23329,No
23330,No
23331,No
23332,No
23333,Yes
23334,No
23335,No
23336,No
23337,Yes
23338,No
23339,No
23340,Yes
23341,No
23342,No
23343,Yes
23344,No
23345,No
23346,No
23347,No
23348,No
23349,No
23350,No
23351,No
23352,No
23353,No
23354,No
23355,No
23356,No
23357,Yes
23358,Yes
23359,Yes
23360,Yes
23361,No
23362,No
23363,Yes
23364,Yes
23365,No
23366,No
23367,No
23368,Yes
23369,Yes
23370,No
23371,Yes
23372,No
23373,No
23374,Yes
23375,No
23376,Yes
23377,Yes
23378,No
23379,No
23380,No
23381,No
23382,No
23383,No
23384,No
23385,No
23386,No
23387,Yes
23388,Yes
23389,Yes
23390,No
23391,No
23392,No
23393,Yes
23394,No
23395,No
23396,No
23397,No
23398,No
23399,Yes
23400,Yes
23401,No
23402,No
23403,No
23404,Yes
23405,No
23406,No
23407,Yes
23408,No
23409,No
23410,No
23411,No
23412,No
23413,Yes
23414,Yes
23415,No
23416,Yes
23417,No
23418,No
23419,No
23420,No
23421,No
23422,No
23423,No
23424,No
23425,No
23426,No
23427,No
23428,No
23429,No
23430,No
23431,No
23432,Yes
23433,No
23434,Yes
23435,No
23436,No
23437,No
23438,Yes
23439,No
23440,Yes
23441,No
23442,No
23443,No
23444,No
23445,No
23446,No
23447,Yes
23448,No
23449,No
23450,No
23451,No
23452,No
23453,No
23454,Yes
23455,No
23456,Yes
23457,No
23458,No
23459,Yes
23460,No
23461,No
23462,No
23463,No
23464,No
23465,No
23466,No
23467,No
23468,No
23469,Yes
23470,Yes
23471,Yes
23472,No
23473,No
23474,No
23475,No
23476,No
23477,No
23478,Yes
23479,Yes
23480,No
23481,No
23482,Yes
23483,Yes
23484,Yes
23485,No
23486,Yes
23487,Yes
23488,No
23489,Yes
23490,No
23491,No
23492,No
23493,Yes
23494,No
23495,No
23496,No
23497,No
23498,No
23499,No
23500,No
23501,No
23502,No
23503,No
23504,No
23505,Yes
23506,Yes
23507,No
23508,No
23509,No
23510,No
23511,No
23512,No
23513,No
23514,No
23515,Yes
23516,No
23517,Yes
23518,Yes
23519,Yes
23520,No
23521,Yes
23522,No
23523,No
23524,No
23525,No
23526,No
23527,No
23528,No
23529,No
23530,Yes
23531,Yes
23532,No
23533,No
23534,Yes
23535,No
23536,No
23537,Yes
23538,No
23539,No
23540,Yes
23541,Yes
23542,No
23543,Yes
23544,No
23545,Yes
23546,No
23547,No
23548,No
23549,No
23550,No
23551,No
23552,No
23553,Yes
23554,No
23555,No
23556,No
23557,No
23558,No
23559,No
23560,Yes
23561,No
23562,Yes
23563,No
23564,No
23565,No
23566,No
23567,No
23568,Yes
23569,No
23570,No
23571,Yes
23572,Yes
23573,Yes
23574,No
23575,No
23576,No
23577,No
23578,No
23579,No
23580,No
23581,No
23582,No
23583,No
23584,No
23585,No
23586,Yes
23587,No
23588,No
23589,No
23590,No
23591,No
23592,No
23593,No
23594,No
23595,No
23596,No
23597,Yes
23598,No
23599,Yes
23600,No
23601,No
23602,Yes
23603,No
23604,No
23605,No
23606,No
23607,No
23608,No
23609,No
23610,No
23611,Yes
23612,No
23613,No
23614,No
23615,No
23616,No
23617,Yes
23618,Yes
23619,No
23620,No
23621,Yes
23622,No
23623,No
23624,No
23625,Yes
23626,No
23627,No
23628,Yes
23629,Yes
23630,No
23631,No
23632,No
23633,Yes
23634,No
23635,No
23636,No
23637,No
23638,No
23639,No
23640,Yes
23641,No
23642,No
23643,No
23644,No
23645,No
23646,Yes
23647,Yes
23648,Yes
23649,No
23650,No
23651,Yes
23652,No
23653,Yes
23654,No
23655,No
23656,No
23657,Yes
23658,No
23659,Yes
23660,No
23661,No
23662,No
23663,No
23664,No
23665,Yes
23666,No
23667,No
23668,No
23669,No
23670,No
23671,Yes
23672,Yes
23673,Yes
23674,No
23675,No
23676,No
23677,Yes
23678,No
23679,Yes
23680,Yes
23681,No
23682,Yes
23683,No
23684,Yes
23685,No
23686,No
23687,Yes
23688,No
23689,Yes
23690,No
23691,Yes
23692,No
23693,No
23694,Yes
23695,No
23696,Yes
23697,No
23698,No
23699,Yes
23700,No
23701,Yes
23702,No
23703,No
23704,No
23705,No
23706,Yes
23707,No
23708,No
23709,Yes
23710,Yes
23711,No
23712,No
23713,No
23714,No
23715,No
23716,Yes
23717,No
23718,Yes
23719,No
23720,Yes
23721,No
23722,Yes
23723,No
23724,Yes
23725,Yes
23726,No
23727,No
23728,Yes
23729,No
23730,No
23731,Yes
23732,No
23733,No
23734,No
23735,No
23736,No
23737,No
23738,No
23739,No
23740,No
23741,No
23742,No
23743,No
23744,No
23745,No
23746,Yes
23747,No
23748,No
23749,No
23750,No
23751,No
23752,No
23753,No
23754,Yes
23755,Yes
23756,Yes
23757,No
23758,Yes
23759,No
23760,No
23761,No
23762,No
23763,No
23764,No
23765,No
23766,No
23767,No
23768,No
23769,Yes
23770,No
23771,No
23772,Yes
23773,No
23774,No
23775,No
23776,No
23777,Yes
23778,No
23779,No
23780,No
23781,No
23782,No
23783,Yes
23784,No
23785,Yes
23786,No
23787,No
23788,No
23789,Yes
23790,No
23791,No
23792,No
23793,No
23794,Yes
23795,No
23796,Yes
23797,Yes
23798,No
23799,Yes
23800,Yes
23801,No
23802,No
23803,No
23804,No
23805,No
23806,Yes
23807,No
23808,No
23809,Yes
23810,No
23811,No
23812,No
23813,No
23814,No
23815,No
23816,No
23817,Yes
23818,No
23819,No
23820,No
23821,Yes
23822,Yes
23823,Yes
23824,No
23825,No
23826,No
23827,No
23828,No
23829,No
23830,Yes
23831,No
23832,No
23833,No
23834,Yes
23835,No
23836,No
23837,No
23838,No
23839,No
23840,Yes
23841,No
23842,Yes
23843,No
23844,No
23845,No
23846,Yes
23847,No
23848,No
23849,No
23850,Yes
23851,No
23852,Yes
23853,No
23854,Yes
23855,Yes
23856,No
23857,No
23858,No
23859,Yes
23860,No
23861,No
23862,No
23863,Yes
23864,No
23865,No
23866,No
23867,No
23868,No
23869,No
23870,Yes
23871,No
23872,No
23873,No
23874,Yes
23875,Yes
23876,No
23877,No
23878,Yes
23879,No
23880,Yes
23881,Yes
23882,No
23883,Yes
23884,No
23885,Yes
23886,No
23887,No
23888,Yes
23889,Yes
23890,Yes
23891,Yes
23892,No
23893,No
23894,No
23895,No
23896,No
23897,No
23898,No
23899,No
23900,No
23901,Yes
23902,No
23903,No
23904,No
23905,No
23906,Yes
23907,Yes
23908,No
23909,No
23910,Yes
23911,No
23912,No
23913,No
23914,No
23915,No
23916,No
23917,No
23918,Yes
23919,No
23920,No
23921,No
23922,No
23923,Yes
23924,No
23925,Yes
23926,No
23927,Yes
23928,No
23929,No
23930,No
23931,No
23932,No
23933,No
23934,No
23935,Yes
23936,Yes
23937,Yes
23938,No
23939,No
23940,No
23941,No
23942,No
23943,No
23944,No
23945,Yes
23946,No
23947,No
23948,No
23949,No
23950,No
23951,Yes
23952,No
23953,No
23954,Yes
23955,Yes
23956,No
23957,No
23958,No
23959,No
23960,No
23961,Yes
23962,No
23963,No
23964,No
23965,Yes
23966,No
23967,Yes
23968,Yes
23969,No
23970,No
23971,No
23972,No
23973,No
23974,No
23975,No
23976,No
23977,No
23978,Yes
23979,No
23980,No
23981,No
23982,No
23983,No
23984,No
23985,No
23986,Yes
23987,No
23988,Yes
23989,No
23990,No
23991,Yes
23992,No
23993,No
23994,No
23995,No
23996,No
23997,No
23998,No
23999,No
24000,No
24001,No
24002,No
24003,Yes
24004,No
24005,No
24006,No
24007,Yes
24008,No
24009,No
24010,Yes
24011,No
24012,No
24013,Yes
24014,Yes
24015,Yes
24016,No
24017,No
24018,No
24019,No
24020,Yes
24021,Yes
24022,No
24023,Yes
24024,Yes
24025,No
24026,No
24027,No
24028,No
24029,No
24030,No
24031,Yes
24032,No
24033,No
24034,No
24035,No
24036,Yes
24037,Yes
24038,Yes
24039,Yes
24040,No
24041,No
24042,No
24043,Yes
24044,No
24045,No
24046,No
24047,No
24048,No
24049,No
24050,No
24051,No
24052,No
24053,Yes
24054,No
24055,No
24056,Yes
24057,No
24058,No
24059,No
24060,No
24061,No
24062,No
24063,No
24064,Yes
24065,No
24066,Yes
24067,Yes
24068,No
24069,No
24070,No
24071,Yes
24072,No
24073,No
24074,No
24075,No
24076,Yes
24077,No
24078,No
24079,No
24080,No
24081,Yes
24082,No
24083,No
24084,Yes
24085,No
24086,No
24087,No
24088,No
24089,No
24090,No
24091,No
24092,Yes
24093,No
24094,Yes
24095,No
24096,No
24097,No
24098,No
24099,No
24100,No
24101,Yes
24102,No
24103,No
24104,No
24105,No
24106,No
24107,No
24108,Yes
24109,No
24110,Yes
24111,No
24112,Yes
24113,Yes
24114,No
24115,No
24116,No
24117,No
24118,No
24119,No
24120,No
24121,No
24122,Yes
24123,No
24124,No
24125,No
24126,No
24127,No
24128,No
24129,Yes
24130,Yes
24131,No
24132,No
24133,No
24134,No
24135,No
24136,Yes
24137,No
24138,No
24139,No
24140,No
24141,No
24142,No
24143,No
24144,No
24145,No
24146,No
24147,Yes
24148,No
24149,No
24150,No
24151,No
24152,Yes
24153,Yes
24154,No
24155,No
24156,No
24157,No
24158,No
24159,Yes
24160,No
24161,No
24162,No
24163,Yes
24164,Yes
24165,No
24166,Yes
24167,Yes
24168,No
24169,No
24170,No
24171,No
24172,No
24173,No
24174,No
24175,No
24176,Yes
24177,No
24178,No
24179,No
24180,No
24181,No
24182,No
24183,No
24184,No
24185,No
24186,No
24187,No
24188,No
24189,No
24190,No
24191,Yes
24192,No
24193,Yes
24194,No
24195,No
24196,No
24197,No
24198,No
24199,Yes
24200,Yes
24201,No
24202,Yes
24203,No
24204,No
24205,No
24206,No
24207,No
24208,No
24209,No
24210,No
24211,No
24212,Yes
24213,Yes
24214,No
24215,No
24216,No
24217,No
24218,Yes
24219,Yes
24220,Yes
24221,Yes
24222,No
24223,No
24224,No
24225,No
24226,No
24227,No
24228,Yes
24229,No
24230,No
24231,No
24232,No
24233,No
24234,No
24235,No
24236,No
24237,No
24238,No
24239,No
24240,No
24241,Yes
24242,Yes
24243,No
24244,Yes
24245,No
24246,No
24247,Yes
24248,No
24249,No
24250,Yes
24251,No
24252,Yes
24253,No
24254,Yes
24255,Yes
24256,Yes
24257,No
24258,No
24259,No
24260,No
24261,No
24262,No
24263,No
24264,No
24265,No
24266,No
24267,No
24268,No
24269,No
24270,No
24271,No
24272,No
24273,No
24274,No
24275,Yes
24276,No
24277,Yes
24278,Yes
24279,No
24280,Yes
24281,No
24282,Yes
24283,No
24284,No
24285,Yes
24286,No
24287,No
24288,No
24289,Yes
24290,No
24291,Yes
24292,No
24293,Yes
24294,No
24295,No
24296,No
24297,No
24298,No
24299,No
24300,No
24301,No
24302,No
24303,Yes
24304,No
24305,Yes
24306,No
24307,Yes
24308,No
24309,No
24310,No
24311,No
24312,Yes
24313,No
24314,No
24315,Yes
24316,Yes
24317,No
24318,No
24319,Yes
24320,Yes
24321,No
24322,No
24323,No
24324,Yes
24325,No
24326,No
24327,No
24328,No
24329,No
24330,No
24331,No
24332,Yes
24333,No
24334,Yes
24335,No
24336,No
24337,Yes
24338,No
24339,No
24340,No
24341,No
24342,Yes
24343,No
24344,No
24345,No
24346,No
24347,No
24348,No
24349,No
24350,No
24351,No
24352,No
24353,No
24354,No
24355,Yes
24356,No
24357,No
24358,No
24359,No
24360,Yes
24361,No
24362,No
24363,No
24364,No
24365,No
24366,No
24367,No
24368,No
24369,No
24370,No
24371,No
24372,No
24373,No
24374,Yes
24375,No
24376,No
24377,No
24378,Yes
24379,No
24380,No
24381,Yes
24382,Yes
24383,No
24384,No
24385,No
24386,Yes
24387,No
24388,No
24389,Yes
24390,Yes
24391,No
24392,No
24393,Yes
24394,Yes
24395,No
24396,No
24397,No
24398,No
24399,Yes
24400,No
24401,No
24402,No
24403,No
24404,Yes
24405,No
24406,No
24407,No
24408,Yes
24409,Yes
24410,Yes
24411,No
24412,Yes
24413,No
24414,No
24415,No
24416,No
24417,No
24418,No
24419,No
24420,Yes
24421,No
24422,No
24423,No
24424,No
24425,No
24426,No
24427,No
24428,No
24429,No
24430,Yes
24431,No
24432,No
24433,No
24434,No
24435,No
24436,Yes
24437,No
24438,No
24439,Yes
24440,No
24441,No
24442,No
24443,Yes
24444,No
24445,Yes
24446,No
24447,No
24448,No
24449,No
24450,Yes
24451,No
24452,No
24453,Yes
24454,No
24455,Yes
24456,No
24457,No
24458,No
24459,No
24460,No
24461,Yes
24462,No
24463,No
24464,Yes
24465,Yes
24466,Yes
24467,No
24468,Yes
24469,No
24470,No
24471,No
24472,No
24473,Yes
24474,No
24475,No
24476,Yes
24477,No
24478,No
24479,Yes
24480,No
24481,No
24482,No
24483,No
24484,Yes
24485,No
24486,No
24487,Yes
24488,No
24489,No
24490,No
24491,No
24492,No
24493,No
24494,No
24495,No
24496,No
24497,No
24498,No
24499,No
24500,No
24501,No
24502,No
24503,No
24504,Yes
24505,No
24506,Yes
24507,Yes
24508,Yes
24509,No
24510,Yes
24511,No
24512,No
24513,Yes
24514,Yes
24515,No
24516,No
24517,No
24518,No
24519,Yes
24520,No
24521,No
24522,No
24523,Yes
24524,No
24525,Yes
24526,Yes
24527,No
24528,No
24529,No
24530,No
24531,No
24532,No
24533,No
24534,Yes
24535,No
24536,No
24537,Yes
24538,Yes
24539,No
24540,No
24541,No
24542,Yes
24543,No
24544,Yes
24545,Yes
24546,Yes
24547,No
24548,Yes
24549,Yes
24550,Yes
24551,No
24552,No
24553,No
24554,Yes
24555,Yes
24556,No
24557,No
24558,No
24559,No
24560,No
24561,No
24562,No
24563,No
24564,No
24565,No
24566,Yes
24567,Yes
24568,No
24569,Yes
24570,No
24571,No
24572,No
24573,No
24574,No
24575,Yes
24576,No
24577,No
24578,No
24579,Yes
24580,No
24581,No
24582,Yes
24583,No
24584,Yes
24585,No
24586,No
24587,Yes
24588,No
24589,No
24590,No
24591,No
24592,No
24593,No
24594,Yes
24595,Yes
24596,No
24597,No
24598,No
24599,No
24600,No
24601,No
24602,No
24603,No
24604,No
24605,No
24606,No
24607,No
24608,No
24609,Yes
24610,No
24611,Yes
24612,Yes
24613,No
24614,No
24615,No
24616,Yes
24617,Yes
24618,Yes
24619,No
24620,No
24621,No
24622,No
24623,No
24624,No
24625,No
24626,Yes
24627,No
24628,No
24629,No
24630,No
24631,No
24632,No
24633,Yes
24634,No
24635,No
24636,No
24637,Yes
24638,No
24639,No
24640,No
24641,Yes
24642,No
24643,No
24644,No
24645,No
24646,No
24647,No
24648,No
24649,No
24650,Yes
24651,Yes
24652,No
24653,No
24654,Yes
24655,No
24656,No
24657,Yes
24658,Yes
24659,No
24660,No
24661,Yes
24662,No
24663,No
24664,No
24665,No
24666,Yes
24667,No
24668,No
24669,No
24670,No
24671,No
24672,Yes
24673,No
24674,No
24675,No
24676,Yes
24677,Yes
24678,Yes
24679,Yes
24680,No
24681,No
24682,No
24683,No
24684,No
24685,No
24686,Yes
24687,No
24688,No
24689,No
24690,No
24691,No
24692,No
24693,No
24694,Yes
24695,No
24696,No
24697,No
24698,Yes
24699,No
24700,No
24701,No
24702,No
24703,No
24704,No
24705,No
24706,No
24707,No
24708,Yes
24709,No
24710,No
24711,Yes
24712,No
24713,Yes
24714,No
24715,Yes
24716,No
24717,No
24718,Yes
24719,No
24720,No
24721,No
24722,No
24723,No
24724,No
24725,No
24726,No
24727,No
24728,No
24729,No
24730,No
24731,No
24732,No
24733,No
24734,No
24735,Yes
24736,Yes
24737,Yes
24738,Yes
24739,Yes
24740,No
24741,Yes
24742,No
24743,No
24744,No
24745,No
24746,No
24747,No
24748,No
24749,No
24750,No
24751,No
24752,No
24753,No
24754,Yes
24755,Yes
24756,No
24757,No
24758,No
24759,No
24760,No
24761,No
24762,No
24763,Yes
24764,No
24765,No
24766,No
24767,No
24768,No
24769,No
24770,No
24771,Yes
24772,No
24773,Yes
24774,No
24775,No
24776,Yes
24777,No
24778,No
24779,No
24780,No
24781,No
24782,No
24783,No
24784,No
24785,No
24786,No
24787,No
24788,No
24789,No
24790,Yes
24791,No
24792,No
24793,No
24794,No
24795,Yes
24796,No
24797,Yes
24798,No
24799,Yes
24800,No
24801,Yes
24802,Yes
24803,Yes
24804,Yes
24805,No
24806,Yes
24807,No
24808,No
24809,No
24810,No
24811,Yes
24812,No
24813,No
24814,Yes
24815,No
24816,Yes
24817,No
24818,No
24819,No
24820,No
24821,Yes
24822,Yes
24823,No
24824,No
24825,Yes
24826,Yes
24827,No
24828,No
24829,No
24830,No
24831,Yes
24832,No
24833,No
24834,No
24835,Yes
24836,Yes
24837,Yes
24838,Yes
24839,No
24840,No
24841,No
24842,No
24843,No
24844,Yes
24845,No
24846,No
24847,No
24848,Yes
24849,No
24850,No
24851,No
24852,Yes
24853,No
24854,No
24855,Yes
24856,Yes
24857,Yes
24858,No
24859,No
24860,No
24861,No
24862,No
24863,No
24864,No
24865,No
24866,Yes
24867,No
24868,No
24869,Yes
24870,No
24871,Yes
24872,No
24873,No
24874,Yes
24875,Yes
24876,No
24877,No
24878,No
24879,No
24880,No
24881,No
24882,No
24883,No
24884,Yes
24885,No
24886,No
24887,No
24888,No
24889,No
24890,No
24891,No
24892,No
24893,No
24894,Yes
24895,No
24896,No
24897,Yes
24898,No
24899,No
24900,Yes
24901,Yes
24902,No
24903,Yes
24904,No
24905,No
24906,No
24907,No
24908,Yes
24909,No
24910,No
24911,No
24912,No
24913,No
24914,Yes
24915,Yes
24916,No
24917,No
24918,Yes
24919,No
24920,No
24921,No
24922,No
24923,No
24924,No
24925,No
24926,No
24927,Yes
24928,No
24929,No
24930,No
24931,Yes
24932,Yes
24933,No
24934,No
24935,No
24936,No
24937,No
24938,No
24939,No
24940,No
24941,Yes
24942,Yes
24943,Yes
24944,No
24945,No
24946,Yes
24947,No
24948,Yes
24949,No
24950,No
24951,Yes
24952,Yes
24953,No
24954,No
24955,No
24956,No
24957,No
24958,No
24959,Yes
24960,No
24961,No
24962,Yes
24963,No
24964,No
24965,No
24966,No
24967,No
24968,No
24969,Yes
24970,No
24971,Yes
24972,Yes
24973,No
24974,No
24975,No
24976,Yes
24977,Yes
24978,No
24979,No
24980,No
24981,No
24982,No
24983,No
24984,No
24985,Yes
24986,No
24987,Yes
24988,No
24989,No
24990,Yes
24991,Yes
24992,No
24993,No
24994,Yes
24995,No
24996,No
24997,No
24998,Yes
24999,Yes
25000,No
25001,No
25002,No
25003,Yes
25004,Yes
25005,No
25006,Yes
25007,No
25008,No
25009,No
25010,Yes
25011,No
25012,Yes
25013,Yes
25014,No
25015,No
25016,No
25017,No
25018,No
25019,No
25020,Yes
25021,Yes
25022,No
25023,Yes
25024,No
25025,No
25026,No
25027,Yes
25028,No
25029,Yes
25030,Yes
25031,No
25032,No
25033,Yes
25034,No
25035,Yes
25036,No
25037,No
25038,No
25039,No
25040,No
25041,No
25042,No
25043,No
25044,No
25045,Yes
25046,No
25047,No
25048,No
25049,No
25050,No
25051,No
25052,No
25053,No
25054,No
25055,No
25056,Yes
25057,No
25058,No
25059,No
25060,Yes
25061,No
25062,Yes
25063,No
25064,No
25065,No
25066,No
25067,Yes
25068,No
25069,No
25070,Yes
25071,No
25072,No
25073,No
25074,No
25075,No
25076,No
25077,Yes
25078,No
25079,No
25080,Yes
25081,Yes
25082,No
25083,No
25084,No
25085,Yes
25086,No
25087,No
25088,Yes
25089,Yes
25090,Yes
25091,No
25092,Yes
25093,No
25094,Yes
25095,No
25096,No
25097,No
25098,No
25099,No
25100,No
25101,No
25102,Yes
25103,No
25104,No
25105,No
25106,No
25107,No
25108,No
25109,Yes
25110,No
25111,No
25112,Yes
25113,No
25114,No
25115,Yes
25116,Yes
25117,No
25118,Yes
25119,No
25120,Yes
25121,Yes
25122,No
25123,No
25124,No
25125,No
25126,No
25127,Yes
25128,No
25129,Yes
25130,No
25131,No
25132,No
25133,Yes
25134,No
25135,No
25136,No
25137,No
25138,No
25139,Yes
25140,No
25141,No
25142,No
25143,No
25144,Yes
25145,No
25146,No
25147,No
25148,Yes
25149,No
25150,Yes
25151,No
25152,No
25153,No
25154,Yes
25155,No
25156,Yes
25157,No
25158,No
25159,No
25160,No
25161,No
25162,No
25163,No
25164,No
25165,Yes
25166,No
25167,Yes
25168,No
25169,No
25170,No
25171,No
25172,No
25173,No
25174,No
25175,Yes
25176,Yes
25177,Yes
25178,No
25179,Yes
25180,No
25181,Yes
25182,Yes
25183,No
25184,Yes
25185,No
25186,No
25187,No
25188,No
25189,No
25190,No
25191,No
25192,No
25193,No
25194,Yes
25195,Yes
25196,No
25197,No
25198,Yes
25199,No
25200,Yes
25201,No
25202,No
25203,No
25204,Yes
25205,No
25206,Yes
25207,No
25208,No
25209,No
25210,Yes
25211,No
25212,No
25213,Yes
25214,No
25215,No
25216,No
25217,No
25218,No
25219,Yes
25220,Yes
25221,No
25222,No
25223,No
25224,Yes
25225,Yes
25226,No
25227,No
25228,Yes
25229,No
25230,No
25231,No
25232,Yes
25233,No
25234,No
25235,Yes
25236,No
25237,Yes
25238,No
25239,No
25240,No
25241,Yes
25242,No
25243,No
25244,Yes
25245,No
25246,No
25247,No
25248,No
25249,Yes
25250,Yes
25251,No
25252,No
25253,Yes
25254,No
25255,No
25256,No
25257,Yes
25258,No
25259,No
25260,No
25261,No
25262,No
25263,No
25264,No
25265,No
25266,No
25267,No
25268,No
25269,No
25270,No
25271,Yes
25272,Yes
25273,Yes
25274,No
25275,No
25276,No
25277,No
25278,No
25279,No
25280,No
25281,Yes
25282,No
25283,No
25284,Yes
25285,No
25286,No
25287,No
25288,No
25289,Yes
25290,Yes
25291,No
25292,No
25293,No
25294,No
25295,No
25296,No
25297,No
25298,No
25299,Yes
25300,No
25301,No
25302,No
25303,No
25304,Yes
25305,Yes
25306,No
25307,No
25308,No
25309,No
25310,No
25311,No
25312,No
25313,No
25314,Yes
25315,No
25316,No
25317,Yes
25318,No
25319,No
25320,Yes
25321,No
25322,No
25323,Yes
25324,No
25325,Yes
25326,No
25327,No
25328,No
25329,No
25330,Yes
25331,No
25332,No
25333,No
25334,No
25335,No
25336,No
25337,Yes
25338,No
25339,Yes
25340,Yes
25341,No
25342,Yes
25343,No
25344,No
25345,No
25346,No
25347,No
25348,No
25349,Yes
25350,No
25351,Yes
25352,No
25353,No
25354,No
25355,No
25356,No
25357,Yes
25358,No
25359,Yes
25360,Yes
25361,No
25362,No
25363,No
25364,Yes
25365,Yes
25366,No
25367,No
25368,No
25369,Yes
25370,No
25371,No
25372,No
25373,No
25374,No
25375,No
25376,No
25377,No
25378,No
25379,No
25380,No
25381,Yes
25382,No
25383,No
25384,No
25385,Yes
25386,No
25387,No
25388,No
25389,No
25390,No
25391,No
25392,Yes
25393,No
25394,No
25395,No
25396,Yes
25397,No
25398,No
25399,No
25400,No
25401,No
25402,No
25403,Yes
25404,No
25405,No
25406,No
25407,No
25408,Yes
25409,No
25410,No
25411,No
25412,Yes
25413,No
25414,No
25415,Yes
25416,No
25417,Yes
25418,No
25419,No
25420,No
25421,Yes
25422,No
25423,No
25424,No
25425,No
25426,No
25427,No
25428,No
25429,Yes
25430,Yes
25431,No
25432,No
25433,No
25434,Yes
25435,No
25436,Yes
25437,Yes
25438,No
25439,Yes
25440,No
25441,No
25442,Yes
25443,No
25444,No
25445,No
25446,No
25447,No
25448,No
25449,Yes
25450,Yes
25451,No
25452,No
25453,No
25454,No
25455,No
25456,No
25457,No
25458,No
25459,No
25460,Yes
25461,No
25462,Yes
25463,No
25464,No
25465,No
25466,Yes
25467,No
25468,No
25469,No
25470,No
25471,No
25472,No
25473,No
25474,No
25475,No
25476,Yes
25477,Yes
25478,No
25479,No
25480,No
25481,No
25482,No
25483,No
25484,No
25485,No
25486,No
25487,No
25488,No
25489,No
25490,No
25491,No
25492,Yes
25493,No
25494,No
25495,No
25496,No
25497,No
25498,No
25499,No
25500,Yes
25501,No
25502,Yes
25503,No
25504,No
25505,Yes
25506,No
25507,No
25508,No
25509,No
25510,No
25511,No
25512,Yes
25513,No
25514,No
25515,No
25516,No
25517,No
25518,Yes
25519,No
25520,No
25521,No
25522,Yes
25523,Yes
25524,Yes
25525,Yes
25526,No
25527,No
25528,No
25529,No
25530,Yes
25531,Yes
25532,No
25533,No
25534,No
25535,Yes
25536,No
25537,No
25538,No
25539,No
25540,No
25541,No
25542,No
25543,No
25544,No
25545,No
25546,Yes
25547,No
25548,No
25549,No
25550,Yes
25551,Yes
25552,No
25553,No
25554,Yes
25555,No
25556,No
25557,No
25558,No
25559,No
25560,Yes
25561,No
25562,No
25563,Yes
25564,Yes
25565,No
25566,No
25567,No
25568,No
25569,No
25570,No
25571,No
25572,No
25573,No
25574,No
25575,No
25576,No
25577,Yes
25578,Yes
25579,No
25580,No
25581,No
25582,Yes
25583,No
25584,No
25585,Yes
25586,No
25587,No
25588,Yes
25589,Yes
25590,No
25591,No
25592,No
25593,No
25594,No
25595,Yes
25596,No
25597,No
25598,Yes
25599,No
25600,Yes
25601,No
25602,No
25603,No
25604,Yes
25605,No
25606,Yes
25607,No
25608,Yes
25609,Yes
25610,No
25611,No
25612,No
25613,No
25614,No
25615,No
25616,No
25617,Yes
25618,No
25619,No
25620,Yes
25621,Yes
25622,No
25623,No
25624,No
25625,No
25626,No
25627,No
25628,No
25629,No
25630,No
25631,Yes
25632,No
25633,No
25634,No
25635,No
25636,No
25637,No
25638,Yes
25639,No
25640,No
25641,No
25642,Yes
25643,No
25644,Yes
25645,No
25646,No
25647,No
25648,No
25649,No
25650,No
25651,Yes
25652,No
25653,Yes
25654,No
25655,No
25656,No
25657,No
25658,No
25659,No
25660,Yes
25661,No
25662,No
25663,No
25664,No
25665,No
25666,No
25667,No
25668,No
25669,Yes
25670,No
25671,No
25672,No
25673,No
25674,No
25675,Yes
25676,No
25677,Yes
25678,No
25679,No
25680,No
25681,No
25682,Yes
25683,No
25684,No
25685,Yes
25686,No
25687,No
25688,No
25689,No
25690,No
25691,No
25692,No
25693,No
25694,Yes
25695,No
25696,No
25697,No
25698,No
25699,No
25700,No
25701,No
25702,Yes
25703,No
25704,No
25705,Yes
25706,No
25707,No
25708,No
25709,No
25710,Yes
25711,No
25712,No
25713,No
25714,Yes
25715,Yes
25716,Yes
25717,No
25718,No
25719,No
25720,Yes
25721,No
25722,No
25723,Yes
25724,Yes
25725,No
25726,No
25727,Yes
25728,No
25729,Yes
25730,No
25731,No
25732,No
25733,No
25734,No
25735,No
25736,No
25737,Yes
25738,No
25739,No
25740,No
25741,Yes
25742,No
25743,No
25744,No
25745,Yes
25746,Yes
25747,No
25748,Yes
25749,No
25750,Yes
25751,No
25752,No
25753,No
25754,No
25755,Yes
25756,Yes
25757,No
25758,No
25759,No
25760,No
25761,No
25762,No
25763,No
25764,No
25765,No
25766,No
25767,No
25768,Yes
25769,No
25770,Yes
25771,No
25772,No
25773,No
25774,No
25775,Yes
25776,No
25777,Yes
25778,No
25779,No
25780,No
25781,No
25782,No
25783,No
25784,No
25785,No
25786,Yes
25787,Yes
25788,No
25789,No
25790,No
25791,Yes
25792,Yes
25793,No
25794,No
25795,No
25796,Yes
25797,No
25798,Yes
25799,No
25800,No
25801,No
25802,No
25803,No
25804,Yes
25805,Yes
25806,No
25807,No
25808,No
25809,No
25810,No
25811,No
25812,No
25813,No
25814,No
25815,No
25816,No
25817,No
25818,Yes
25819,No
25820,No
25821,No
25822,Yes
25823,Yes
25824,Yes
25825,No
25826,Yes
25827,No
25828,Yes
25829,No
25830,No
25831,No
25832,Yes
25833,No
25834,No
25835,No
25836,No
25837,No
25838,No
25839,No
25840,Yes
25841,No
25842,Yes
25843,Yes
25844,No
25845,Yes
25846,No
25847,No
25848,No
25849,No
25850,Yes
25851,No
25852,Yes
25853,No
25854,No
25855,No
25856,No
25857,Yes
25858,No
25859,No
25860,Yes
25861,No
25862,No
25863,Yes
25864,No
25865,No
25866,No
25867,No
25868,No
25869,No
25870,No
25871,No
25872,No
25873,Yes
25874,No
25875,No
25876,No
25877,No
25878,No
25879,Yes
25880,No
25881,No
25882,No
25883,No
25884,Yes
25885,Yes
25886,Yes
25887,No
25888,No
25889,No
25890,No
25891,No
25892,No
25893,No
25894,No
25895,No
25896,Yes
25897,Yes
25898,No
25899,No
25900,No
25901,No
25902,Yes
25903,Yes
25904,No
25905,Yes
25906,No
25907,Yes
25908,Yes
25909,Yes
25910,No
25911,No
25912,No
25913,No
25914,No
25915,Yes
25916,Yes
25917,No
25918,Yes
25919,No
25920,No
25921,No
25922,Yes
25923,No
25924,No
25925,No
25926,No
25927,Yes
25928,No
25929,No
25930,No
25931,No
25932,No
25933,No
25934,No
25935,No
25936,No
25937,No
25938,Yes
25939,No
25940,Yes
25941,No
25942,Yes
25943,No
25944,Yes
25945,Yes
25946,No
25947,No
25948,Yes
25949,No
25950,No
25951,No
25952,Yes
25953,Yes
25954,No
25955,No
25956,No
25957,No
25958,No
25959,No
25960,No
25961,No
25962,No
25963,No
25964,No
25965,Yes
25966,No
25967,No
25968,No
25969,No
25970,Yes
25971,No
25972,Yes
25973,Yes
25974,No
25975,No
25976,No
25977,No
25978,No
25979,No
25980,No
25981,No
25982,No
25983,No
25984,Yes
25985,Yes
25986,Yes
25987,No
25988,No
25989,No
25990,No
25991,Yes
25992,Yes
25993,Yes
25994,No
25995,Yes
25996,No
25997,No
25998,No
25999,No
26000,No
26001,Yes
26002,No
26003,No
26004,No
26005,No
26006,No
26007,Yes
26008,No
26009,No
26010,No
26011,No
26012,No
26013,No
26014,No
26015,No
26016,No
26017,No
26018,No
26019,No
26020,No
26021,No
26022,No
26023,Yes
26024,No
26025,Yes
26026,Yes
26027,Yes
26028,No
26029,No
26030,Yes
26031,No
26032,No
26033,Yes
26034,Yes
26035,No
26036,Yes
26037,No
26038,No
26039,No
26040,Yes
26041,Yes
26042,No
26043,No
26044,No
26045,No
26046,Yes
26047,Yes
26048,No
26049,No
26050,No
26051,No
26052,No
26053,No
26054,No
26055,No
26056,No
26057,No
26058,No
26059,No
26060,No
26061,No
26062,Yes
26063,No
26064,Yes
26065,No
26066,No
26067,No
26068,No
26069,No
26070,No
26071,No
26072,No
26073,No
26074,No
26075,No
26076,No
26077,Yes
26078,Yes
26079,No
26080,No
26081,Yes
26082,No
26083,No
26084,No
26085,No
26086,No
26087,No
26088,No
26089,No
26090,Yes
26091,No
26092,Yes
26093,No
26094,Yes
26095,No
26096,Yes
26097,No
26098,Yes
26099,No
26100,No
26101,No
26102,Yes
26103,No
26104,No
26105,No
26106,No
26107,No
26108,Yes
26109,No
26110,Yes
26111,Yes
26112,No
26113,No
26114,No
26115,No
26116,No
26117,No
26118,No
26119,No
26120,Yes
26121,Yes
26122,No
26123,No
26124,No
26125,No
26126,No
26127,Yes
26128,No
26129,No
26130,No
26131,No
26132,No
26133,Yes
26134,No
26135,No
26136,No
26137,No
26138,No
26139,No
26140,No
26141,Yes
26142,No
26143,No
26144,No
26145,No
26146,No
26147,Yes
26148,No
26149,No
26150,No
26151,Yes
26152,No
26153,No
26154,No
26155,Yes
26156,No
26157,No
26158,No
26159,No
26160,No
26161,No
26162,No
26163,No
26164,No
26165,No
26166,No
26167,No
26168,No
26169,No
26170,No
26171,No
26172,No
26173,No
26174,No
26175,No
26176,No
26177,Yes
26178,No
26179,No
26180,No
26181,No
26182,No
26183,No
26184,Yes
26185,No
26186,Yes
26187,No
26188,No
26189,No
26190,No
26191,No
26192,No
26193,No
26194,Yes
26195,No
26196,No
26197,No
26198,No
26199,No
26200,No
26201,No
26202,No
26203,No
26204,Yes
26205,No
26206,No
26207,No
26208,No
26209,Yes
26210,No
26211,No
26212,Yes
26213,Yes
26214,No
26215,No
26216,No
26217,Yes
26218,Yes
26219,No
26220,No
26221,Yes
26222,Yes
26223,Yes
26224,No
26225,No
26226,No
26227,No
26228,No
26229,No
26230,No
26231,No
26232,No
26233,Yes
26234,Yes
26235,Yes
26236,No
26237,No
26238,No
26239,No
26240,Yes
26241,Yes
26242,No
26243,No
26244,No
26245,No
26246,No
26247,No
26248,No
26249,Yes
26250,No
26251,No
26252,No
26253,No
26254,No
26255,No
26256,Yes
26257,No
26258,Yes
26259,No
26260,No
26261,No
26262,No
26263,Yes
26264,No
26265,No
26266,Yes
26267,Yes
26268,No
26269,No
26270,Yes
26271,Yes
26272,No
26273,No
26274,No
26275,No
26276,No
26277,No
26278,No
26279,No
26280,No
26281,No
26282,No
26283,No
26284,Yes
26285,No
26286,Yes
26287,No
26288,Yes
26289,Yes
26290,No
26291,No
26292,No
26293,No
26294,No
26295,No
26296,No
26297,No
26298,No
26299,No
26300,No
26301,Yes
26302,No
26303,Yes
26304,No
26305,No
26306,No
26307,No
26308,No
26309,No
26310,No
26311,No
26312,No
26313,No
26314,No
26315,No
26316,No
26317,Yes
26318,Yes
26319,No
26320,No
26321,No
26322,No
26323,Yes
26324,No
26325,No
26326,Yes
26327,No
26328,No
26329,No
26330,No
26331,No
26332,No
26333,Yes
26334,No
26335,Yes
26336,No
26337,No
26338,No
26339,No
26340,Yes
26341,Yes
26342,No
26343,No
26344,No
26345,No
26346,Yes
26347,Yes
26348,No
26349,Yes
26350,No
26351,No
26352,No
26353,No
26354,No
26355,No
26356,Yes
26357,Yes
26358,Yes
26359,Yes
26360,No
26361,No
26362,Yes
26363,No
26364,No
26365,No
26366,No
26367,Yes
26368,Yes
26369,No
26370,No
26371,No
26372,No
26373,No
26374,No
26375,No
26376,No
26377,No
26378,No
26379,Yes
26380,No
26381,No
26382,No
26383,No
26384,No
26385,No
26386,No
26387,No
26388,No
26389,No
26390,No
26391,No
26392,No
26393,Yes
26394,No
26395,No
26396,No
26397,No
26398,No
26399,No
26400,Yes
26401,No
26402,No
26403,No
26404,No
26405,No
26406,Yes
26407,No
26408,No
26409,No
26410,Yes
26411,Yes
26412,Yes
26413,No
26414,No
26415,No
26416,No
26417,No
26418,No
26419,No
26420,Yes
26421,Yes
26422,No
26423,No
26424,No
26425,No
26426,No
26427,No
26428,Yes
26429,No
26430,No
26431,No
26432,No
26433,Yes
26434,No
26435,Yes
26436,No
26437,Yes
26438,No
26439,No
26440,No
26441,No
26442,No
26443,Yes
26444,Yes
26445,No
26446,Yes
26447,Yes
26448,No
26449,No
26450,No
26451,No
26452,No
26453,No
26454,No
26455,No
26456,No
26457,Yes
26458,Yes
26459,No
26460,Yes
26461,No
26462,No
26463,No
26464,No
26465,No
26466,No
26467,No
26468,Yes
26469,No
26470,No
26471,Yes
26472,No
26473,No
26474,No
26475,No
26476,Yes
26477,No
26478,No
26479,No
26480,No
26481,No
26482,Yes
26483,Yes
26484,No
26485,No
26486,No
26487,No
26488,No
26489,No
26490,No
26491,Yes
26492,No
26493,No
26494,Yes
26495,No
26496,No
26497,No
26498,No
26499,No
26500,Yes
26501,No
26502,Yes
26503,No
26504,No
26505,No
26506,No
26507,No
26508,No
26509,No
26510,Yes
26511,No
26512,No
26513,No
26514,No
26515,Yes
26516,No
26517,No
26518,Yes
26519,Yes
26520,Yes
26521,No
26522,No
26523,No
26524,Yes
26525,No
26526,No
26527,No
26528,No
26529,No
26530,Yes
26531,No
26532,No
26533,No
26534,No
26535,No
26536,No
26537,No
26538,Yes
26539,Yes
26540,No
26541,No
26542,No
26543,No
26544,No
26545,Yes
26546,No
26547,No
26548,No
26549,No
26550,Yes
26551,No
26552,No
26553,No
26554,No
26555,No
26556,No
26557,No
26558,No
26559,No
26560,Yes
26561,No
26562,No
26563,No
26564,No
26565,Yes
26566,No
26567,No
26568,No
26569,No
26570,No
26571,No
26572,Yes
26573,No
26574,No
26575,No
26576,Yes
26577,No
26578,No
26579,No
26580,No
26581,Yes
26582,Yes
26583,Yes
26584,No
26585,No
26586,Yes
26587,No
26588,No
26589,No
26590,No
26591,Yes
26592,No
26593,No
26594,No
26595,No
26596,No
26597,No
26598,No
26599,No
26600,Yes
26601,No
26602,No
26603,No
26604,No
26605,Yes
26606,No
26607,No
26608,Yes
26609,No
26610,Yes
26611,No
26612,Yes
26613,No
26614,No
26615,No
26616,Yes
26617,No
26618,Yes
26619,No
26620,No
26621,No
26622,No
26623,Yes
26624,No
26625,Yes
26626,No
26627,No
26628,No
26629,No
26630,No
26631,No
26632,Yes
26633,Yes
26634,No
26635,No
26636,No
26637,No
26638,No
26639,No
26640,Yes
26641,No
26642,No
26643,No
26644,No
26645,Yes
26646,No
26647,No
26648,No
26649,No
26650,Yes
26651,Yes
26652,Yes
26653,Yes
26654,No
26655,No
26656,No
26657,Yes
26658,No
26659,Yes
26660,Yes
26661,No
26662,No
26663,Yes
26664,No
26665,Yes
26666,No
26667,No
26668,Yes
26669,No
26670,No
26671,No
26672,No
26673,No
26674,No
26675,No
26676,Yes
26677,No
26678,Yes
26679,No
26680,Yes
26681,No
26682,No
26683,No
26684,No
26685,No
26686,Yes
26687,Yes
26688,No
26689,No
26690,No
26691,Yes
26692,Yes
26693,Yes
26694,No
26695,No
26696,No
26697,Yes
26698,No
26699,No
26700,Yes
26701,No
26702,No
26703,No
26704,Yes
26705,No
26706,No
26707,Yes
26708,Yes
26709,No
26710,No
26711,No
26712,No
26713,No
26714,Yes
26715,Yes
26716,Yes
26717,No
26718,Yes
26719,No
26720,No
26721,No
26722,No
26723,No
26724,No
26725,No
26726,Yes
26727,No
26728,Yes
26729,No
26730,No
26731,Yes
26732,Yes
26733,No
26734,No
26735,Yes
26736,No
26737,No
26738,No
26739,No
26740,No
26741,No
26742,No
26743,No
26744,Yes
26745,No
26746,No
26747,No
26748,No
26749,Yes
26750,No
26751,Yes
26752,No
26753,No
26754,Yes
26755,Yes
26756,No
26757,No
26758,No
26759,Yes
26760,No
26761,No
26762,Yes
26763,Yes
26764,No
26765,Yes
26766,Yes
26767,No
26768,Yes
26769,Yes
26770,No
26771,Yes
26772,No
26773,No
26774,No
26775,No
26776,No
26777,No
26778,Yes
26779,No
26780,No
26781,No
26782,No
26783,No
26784,No
26785,No
26786,Yes
26787,No
26788,No
26789,Yes
26790,No
26791,No
26792,No
26793,No
26794,No
26795,No
26796,No
26797,No
26798,Yes
26799,Yes
26800,No
26801,No
26802,Yes
26803,Yes
26804,No
26805,Yes
26806,No
26807,No
26808,Yes
26809,Yes
26810,No
26811,Yes
26812,No
26813,No
26814,Yes
26815,No
26816,No
26817,No
26818,Yes
26819,No
26820,No
26821,No
26822,Yes
26823,No
26824,No
26825,No
26826,No
26827,Yes
26828,No
26829,No
26830,No
26831,No
26832,No
26833,Yes
26834,No
26835,No
26836,No
26837,No
26838,No
26839,No
26840,No
26841,No
26842,No
26843,Yes
26844,Yes
26845,No
26846,No
26847,No
26848,No
26849,No
26850,Yes
26851,Yes
26852,No
26853,No
26854,Yes
26855,No
26856,No
26857,No
26858,No
26859,Yes
26860,No
26861,No
26862,No
26863,Yes
26864,Yes
26865,No
26866,Yes
26867,No
26868,No
26869,No
26870,No
26871,No
26872,Yes
26873,No
26874,No
26875,No
26876,No
26877,No
26878,No
26879,No
26880,Yes
26881,No
26882,No
26883,No
26884,Yes
26885,Yes
26886,Yes
26887,Yes
26888,No
26889,Yes
26890,No
26891,No
26892,Yes
26893,No
26894,No
26895,No
26896,Yes
26897,No
26898,No
26899,Yes
26900,No
26901,No
26902,Yes
26903,Yes
26904,No
26905,No
26906,No
26907,Yes
26908,No
26909,Yes
26910,No
26911,No
26912,No
26913,Yes
26914,Yes
26915,No
26916,No
26917,Yes
26918,Yes
26919,No
26920,No
26921,Yes
26922,No
26923,Yes
26924,No
26925,No
26926,Yes
26927,No
26928,No
26929,No
26930,Yes
26931,Yes
26932,No
26933,No
26934,No
26935,Yes
26936,Yes
26937,No
26938,No
26939,No
26940,No
26941,Yes
26942,No
26943,No
26944,No
26945,No
26946,No
26947,No
26948,No
26949,No
26950,No
26951,No
26952,No
26953,Yes
26954,Yes
26955,No
26956,No
26957,No
26958,No
26959,No
26960,Yes
26961,No
26962,No
26963,No
26964,No
26965,No
26966,Yes
26967,No
26968,No
26969,No
26970,No
26971,No
26972,No
26973,Yes
26974,Yes
26975,No
26976,Yes
26977,No
26978,No
26979,No
26980,No
26981,No
26982,No
26983,No
26984,Yes
26985,No
26986,No
26987,Yes
26988,No
26989,Yes
26990,Yes
26991,Yes
26992,No
26993,No
26994,No
26995,Yes
26996,No
26997,No
26998,No
26999,No
27000,Yes
27001,No
27002,No
27003,Yes
27004,No
27005,Yes
27006,Yes
27007,No
27008,No
27009,Yes
27010,No
27011,No
27012,Yes
27013,No
27014,Yes
27015,No
27016,No
27017,No
27018,Yes
27019,Yes
27020,No
27021,No
27022,No
27023,No
27024,Yes
27025,No
27026,No
27027,No
27028,No
27029,No
27030,No
27031,No
27032,No
27033,No
27034,Yes
27035,No
27036,Yes
27037,No
27038,No
27039,No
27040,Yes
27041,No
27042,No
27043,No
27044,No
27045,Yes
27046,Yes
27047,No
27048,No
27049,No
27050,No
27051,No
27052,No
27053,No
27054,No
27055,Yes
27056,No
27057,No
27058,No
27059,No
27060,No
27061,No
27062,Yes
27063,No
27064,No
27065,No
27066,Yes
27067,No
27068,No
27069,No
27070,Yes
27071,No
27072,No
27073,No
27074,No
27075,Yes
27076,No
27077,No
27078,Yes
27079,Yes
27080,No
27081,Yes
27082,No
27083,No
27084,Yes
27085,Yes
27086,No
27087,Yes
27088,No
27089,No
27090,No
27091,No
27092,Yes
27093,No
27094,No
27095,No
27096,Yes
27097,No
27098,No
27099,No
27100,Yes
27101,Yes
27102,Yes
27103,No
27104,No
27105,No
27106,Yes
27107,Yes
27108,No
27109,No
27110,Yes
27111,No
27112,Yes
27113,Yes
27114,No
27115,No
27116,No
27117,No
27118,Yes
27119,No
27120,Yes
27121,No
27122,Yes
27123,Yes
27124,No
27125,Yes
27126,No
27127,No
27128,No
27129,No
27130,No
27131,No
27132,No
27133,No
27134,Yes
27135,No
27136,No
27137,No
27138,No
27139,Yes
27140,No
27141,No
27142,No
27143,No
27144,Yes
27145,No
27146,No
27147,Yes
27148,No
27149,No
27150,No
27151,No
27152,No
27153,No
27154,No
27155,No
27156,Yes
27157,Yes
27158,No
27159,No
27160,No
27161,No
27162,No
27163,No
27164,Yes
27165,No
27166,No
27167,No
27168,No
27169,No
27170,No
27171,No
27172,No
27173,No
27174,Yes
27175,No
27176,No
27177,No
27178,No
27179,Yes
27180,No
27181,No
27182,No
27183,Yes
27184,No
27185,No
27186,No
27187,No
27188,No
27189,Yes
27190,No
27191,Yes
27192,No
27193,Yes
27194,No
27195,No
27196,No
27197,No
27198,No
27199,Yes
27200,Yes
27201,No
27202,No
27203,No
27204,No
27205,No
27206,No
27207,No
27208,Yes
27209,No
27210,No
27211,No
27212,No
27213,Yes
27214,No
27215,Yes
27216,No
27217,Yes
27218,Yes
27219,No
27220,No
27221,Yes
27222,No
27223,Yes
27224,Yes
27225,No
27226,No
27227,No
27228,No
27229,No
27230,No
27231,Yes
27232,No
27233,No
27234,No
27235,No
27236,No
27237,No
27238,No
27239,No
27240,No
27241,No
27242,No
27243,Yes
27244,No
27245,No
27246,No
27247,No
27248,No
27249,Yes
27250,No
27251,No
27252,No
27253,No
27254,No
27255,No
27256,Yes
27257,No
27258,Yes
27259,No
27260,No
27261,No
27262,No
27263,No
27264,No
27265,Yes
27266,No
27267,No
27268,No
27269,No
27270,Yes
27271,No
27272,No
27273,No
27274,Yes
27275,No
27276,No
27277,No
27278,No
27279,No
27280,No
27281,Yes
27282,No
27283,No
27284,Yes
27285,Yes
27286,No
27287,No
27288,Yes
27289,No
27290,No
27291,No
27292,No
27293,No
27294,No
27295,No
27296,Yes
27297,No
27298,No
27299,Yes
27300,No
27301,Yes
27302,Yes
27303,No
27304,No
27305,Yes
27306,No
27307,No
27308,Yes
27309,Yes
27310,No
27311,Yes
27312,No
27313,No
27314,No
27315,No
27316,Yes
27317,No
27318,No
27319,No
27320,No
27321,No
27322,No
27323,Yes
27324,No
27325,No
27326,No
27327,No
27328,No
27329,No
27330,No
27331,No
27332,Yes
27333,No
27334,Yes
27335,No
27336,No
27337,No
27338,Yes
27339,Yes
27340,Yes
27341,Yes
27342,Yes
27343,No
27344,No
27345,Yes
27346,No
27347,No
27348,Yes
27349,No
27350,Yes
27351,No
27352,No
27353,No
27354,No
27355,Yes
27356,No
27357,No
27358,Yes
27359,No
27360,Yes
27361,No
27362,Yes
27363,No
27364,Yes
27365,Yes
27366,No
27367,No
27368,No
27369,Yes
27370,Yes
27371,No
27372,No
27373,Yes
27374,Yes
27375,No
27376,No
27377,No
27378,No
27379,No
27380,No
27381,No
27382,No
27383,No
27384,No
27385,No
27386,No
27387,No
27388,No
27389,No
27390,No
27391,No
27392,No
27393,No
27394,No
27395,No
27396,No
27397,No
27398,Yes
27399,Yes
27400,Yes
27401,No
27402,No
27403,Yes
27404,No
27405,No
27406,No
27407,No
27408,Yes
27409,No
27410,No
27411,No
27412,No
27413,Yes
27414,Yes
27415,No
27416,No
27417,No
27418,Yes
27419,No
27420,No
27421,No
27422,No
27423,No
27424,No
27425,No
27426,No
27427,Yes
27428,No
27429,No
27430,No
27431,Yes
27432,No
27433,No
27434,No
27435,Yes
27436,No
27437,No
27438,No
27439,No
27440,Yes
27441,Yes
27442,Yes
27443,No
27444,No
27445,Yes
27446,No
27447,Yes
27448,Yes
27449,Yes
27450,No
27451,No
27452,No
27453,No
27454,No
27455,Yes
27456,No
27457,No
27458,No
27459,Yes
27460,No
27461,Yes
27462,Yes
27463,No
27464,No
27465,No
27466,No
27467,No
27468,No
27469,Yes
27470,No
27471,No
27472,No
27473,No
27474,No
27475,No
27476,Yes
27477,No
27478,Yes
27479,No
27480,Yes
27481,Yes
27482,No
27483,No
27484,Yes
27485,Yes
27486,No
27487,Yes
27488,No
27489,No
27490,No
27491,No
27492,No
27493,Yes
27494,No
27495,No
27496,No
27497,No
27498,Yes
27499,Yes
27500,No
27501,No
27502,Yes
27503,No
27504,No
27505,Yes
27506,No
27507,Yes
27508,No
27509,Yes
27510,No
27511,No
27512,No
27513,No
27514,No
27515,No
27516,Yes
27517,No
27518,Yes
27519,Yes
27520,No
27521,No
27522,No
27523,No
27524,No
27525,Yes
27526,No
27527,No
27528,No
27529,No
27530,No
27531,No
27532,No
27533,No
27534,No
27535,No
27536,No
27537,Yes
27538,No
27539,Yes
27540,No
27541,Yes
27542,No
27543,Yes
27544,Yes
27545,No
27546,No
27547,No
27548,Yes
27549,No
27550,No
27551,No
27552,No
27553,No
27554,No
27555,No
27556,No
27557,No
27558,No
27559,No
27560,Yes
27561,Yes
27562,No
27563,Yes
27564,No
27565,No
27566,No
27567,No
27568,No
27569,No
27570,Yes
27571,No
27572,Yes
27573,No
27574,No
27575,No
27576,Yes
27577,No
27578,No
27579,Yes
27580,No
27581,No
27582,No
27583,No
27584,No
27585,No
27586,No
27587,Yes
27588,No
27589,No
27590,Yes
27591,Yes
27592,No
27593,No
27594,No
27595,No
27596,Yes
27597,No
27598,No
27599,No
27600,Yes
27601,No
27602,No
27603,No
27604,Yes
27605,Yes
27606,No
27607,No
27608,No
27609,No
27610,Yes
27611,No
27612,No
27613,No
27614,No
27615,No
27616,No
27617,No
27618,No
27619,No
27620,No
27621,No
27622,No
27623,No
27624,No
27625,No
27626,Yes
27627,No
27628,Yes
27629,No
27630,No
27631,No
27632,No
27633,No
27634,No
27635,Yes
27636,No
27637,No
27638,No
27639,Yes
27640,No
27641,Yes
27642,No
27643,No
27644,No
27645,No
27646,No
27647,No
27648,Yes
27649,No
27650,No
27651,No
27652,No
27653,Yes
27654,Yes
27655,No
27656,Yes
27657,No
27658,No
27659,No
27660,Yes
27661,No
27662,No
27663,Yes
27664,No
27665,No
27666,No
27667,No
27668,No
27669,No
27670,No
27671,No
27672,No
27673,Yes
27674,No
27675,Yes
27676,No
27677,Yes
27678,No
27679,No
27680,Yes
27681,No
27682,Yes
27683,No
27684,Yes
27685,No
27686,No
27687,No
27688,Yes
27689,No
27690,Yes
27691,Yes
27692,No
27693,No
27694,No
27695,No
27696,No
27697,Yes
27698,Yes
27699,No
27700,No
27701,Yes
27702,No
27703,Yes
27704,No
27705,Yes
27706,Yes
27707,Yes
27708,No
27709,No
27710,No
27711,Yes
27712,Yes
27713,Yes
27714,No
27715,No
27716,No
27717,No
27718,No
27719,No
27720,No
27721,No
27722,No
27723,No
27724,No
27725,No
27726,Yes
27727,Yes
27728,No
27729,Yes
27730,Yes
27731,Yes
27732,No
27733,No
27734,No
27735,No
27736,No
27737,No
27738,No
27739,No
27740,No
27741,No
27742,No
27743,Yes
27744,Yes
27745,No
27746,No
27747,No
27748,No
27749,No
27750,No
27751,No
27752,No
27753,No
27754,Yes
27755,No
27756,No
27757,Yes
27758,No
27759,No
27760,No
27761,Yes
27762,No
27763,No
27764,No
27765,No
27766,No
27767,No
27768,No
27769,No
27770,Yes
27771,No
27772,Yes
27773,Yes
27774,No
27775,No
27776,No
27777,No
27778,No
27779,No
27780,Yes
27781,Yes
27782,Yes
27783,Yes
27784,Yes
27785,No
27786,Yes
27787,No
27788,Yes
27789,No
27790,No
27791,Yes
27792,Yes
27793,Yes
27794,Yes
27795,No
27796,No
27797,Yes
27798,No
27799,No
27800,No
27801,No
27802,No
27803,No
27804,Yes
27805,No
27806,No
27807,No
27808,No
27809,No
27810,No
27811,No
27812,No
27813,No
27814,No
27815,No
27816,No
27817,Yes
27818,No
27819,No
27820,Yes
27821,No
27822,No
27823,No
27824,No
27825,No
27826,Yes
27827,No
27828,No
27829,No
27830,Yes
27831,No
27832,No
27833,No
27834,No
27835,No
27836,Yes
27837,No
27838,Yes
27839,No
27840,No
27841,Yes
27842,No
27843,No
27844,No
27845,No
27846,No
27847,No
27848,No
27849,No
27850,No
27851,No
27852,No
27853,Yes
27854,No
27855,No
27856,No
27857,No
27858,No
27859,No
27860,Yes
27861,Yes
27862,No
27863,Yes
27864,No
27865,No
27866,Yes
27867,No
27868,No
27869,No
27870,No
27871,No
27872,No
27873,No
27874,No
27875,Yes
27876,No
27877,No
27878,Yes
27879,No
27880,No
27881,Yes
27882,No
27883,Yes
27884,Yes
27885,No
27886,Yes
27887,Yes
27888,No
27889,No
27890,No
27891,No
27892,No
27893,No
27894,No
27895,No
27896,No
27897,No
27898,Yes
27899,Yes
27900,No
27901,No
27902,No
27903,No
27904,No
27905,No
27906,No
27907,No
27908,No
27909,No
27910,No
27911,Yes
27912,No
27913,No
27914,No
27915,Yes
27916,Yes
27917,Yes
27918,No
27919,No
27920,No
27921,No
27922,Yes
27923,No
27924,No
27925,Yes
27926,Yes
27927,No
27928,No
27929,No
27930,No
27931,No
27932,No
27933,No
27934,Yes
27935,No
27936,No
27937,Yes
27938,Yes
27939,No
27940,Yes
27941,No
27942,No
27943,No
27944,No
27945,No
27946,No
27947,No
27948,No
27949,Yes
27950,No
27951,No
27952,No
27953,No
27954,Yes
27955,No
27956,Yes
27957,No
27958,Yes
27959,Yes
27960,Yes
27961,Yes
27962,No
27963,No
27964,No
27965,No
27966,No
27967,No
27968,No
27969,Yes
27970,Yes
27971,No
27972,Yes
27973,No
27974,No
27975,No
27976,No
27977,No
27978,No
27979,Yes
27980,No
27981,No
27982,No
27983,No
27984,No
27985,No
27986,No
27987,No
27988,No
27989,No
27990,Yes
27991,No
27992,No
27993,No
27994,Yes
27995,No
27996,No
27997,Yes
27998,Yes
27999,No
28000,No
28001,No
28002,No
28003,No
28004,Yes
28005,Yes
28006,Yes
28007,No
28008,No
28009,No
28010,Yes
28011,No
28012,No
28013,No
28014,Yes
28015,No
28016,No
28017,No
28018,No
28019,No
28020,No
28021,Yes
28022,No
28023,No
28024,Yes
28025,No
28026,Yes
28027,No
28028,Yes
28029,Yes
28030,Yes
28031,No
28032,Yes
28033,No
28034,No
28035,No
28036,No
28037,Yes
28038,No
28039,No
28040,No
28041,Yes
28042,No
28043,No
28044,Yes
28045,Yes
28046,No
28047,No
28048,Yes
28049,No
28050,No
28051,No
28052,Yes
28053,No
28054,No
28055,No
28056,No
28057,No
28058,No
28059,No
28060,No
28061,Yes
28062,No
28063,No
28064,No
28065,No
28066,Yes
28067,No
28068,No
28069,No
28070,No
28071,Yes
28072,Yes
28073,No
28074,No
28075,No
28076,No
28077,Yes
28078,Yes
28079,No
28080,No
28081,No
28082,No
28083,No
28084,No
28085,No
28086,No
28087,No
28088,Yes
28089,Yes
28090,No
28091,Yes
28092,No
28093,Yes
28094,Yes
28095,Yes
28096,Yes
28097,Yes
28098,No
28099,Yes
28100,Yes
28101,No
28102,No
28103,Yes
28104,Yes
28105,No
28106,No
28107,No
28108,No
28109,No
28110,No
28111,Yes
28112,No
28113,No
28114,No
28115,No
28116,No
28117,No
28118,Yes
28119,No
28120,No
28121,Yes
28122,No
28123,No
28124,No
28125,Yes
28126,Yes
28127,Yes
28128,No
28129,Yes
28130,No
28131,No
28132,No
28133,No
28134,No
28135,No
28136,No
28137,No
28138,Yes
28139,No
28140,Yes
28141,No
28142,No
28143,No
28144,Yes
28145,No
28146,No
28147,No
28148,No
28149,Yes
28150,Yes
28151,No
28152,Yes
28153,No
28154,Yes
28155,No
28156,No
28157,No
28158,Yes
28159,No
28160,No
28161,No
28162,No
28163,Yes
28164,No
28165,No
28166,Yes
28167,No
28168,No
28169,No
28170,No
28171,No
28172,No
28173,No
28174,No
28175,No
28176,No
28177,No
28178,Yes
28179,No
28180,No
28181,No
28182,No
28183,No
28184,No
28185,No
28186,No
28187,No
28188,No
28189,No
28190,No
28191,Yes
28192,No
28193,No
28194,No
28195,No
28196,No
28197,No
28198,No
28199,No
28200,No
28201,No
28202,No
28203,No
28204,No
28205,No
28206,No
28207,No
28208,No
28209,No
28210,Yes
28211,No
28212,No
28213,No
28214,No
28215,Yes
28216,Yes
28217,No
28218,No
28219,No
28220,Yes
28221,No
28222,Yes
28223,Yes
28224,No
28225,No
28226,No
28227,No
28228,Yes
28229,Yes
28230,No
28231,No
28232,No
28233,Yes
28234,No
28235,Yes
28236,No
28237,Yes
28238,No
28239,Yes
28240,Yes
28241,Yes
28242,Yes
28243,No
28244,No
28245,No
28246,No
28247,Yes
28248,No
28249,No
28250,No
28251,Yes
28252,Yes
28253,No
28254,No
28255,No
28256,Yes
28257,No
28258,No
28259,No
28260,No
28261,Yes
28262,No
28263,No
28264,No
28265,No
28266,No
28267,No
28268,Yes
28269,Yes
28270,No
28271,No
28272,Yes
28273,Yes
28274,No
28275,Yes
28276,Yes
28277,No
28278,Yes
28279,No
28280,Yes
28281,Yes
28282,Yes
28283,Yes
28284,No
28285,Yes
28286,No
28287,Yes
28288,No
28289,No
28290,No
28291,No
28292,No
28293,No
28294,No
28295,No
28296,No
28297,No
28298,No
28299,Yes
28300,No
28301,Yes
28302,No
28303,No
28304,No
28305,Yes
28306,Yes
28307,No
28308,Yes
28309,No
28310,No
28311,No
28312,Yes
28313,No
28314,No
28315,No
28316,No
28317,Yes
28318,No
28319,No
28320,No
28321,No
28322,No
28323,No
28324,No
28325,Yes
28326,Yes
28327,No
28328,Yes
28329,No
28330,No
28331,No
28332,Yes
28333,Yes
28334,No
28335,No
28336,No
28337,No
28338,No
28339,No
28340,No
28341,Yes
28342,No
28343,No
28344,No
28345,No
28346,No
28347,No
28348,Yes
28349,No
28350,No
28351,No
28352,No
28353,No
28354,No
28355,Yes
28356,No
28357,Yes
28358,No
28359,No
28360,No
28361,No
28362,No
28363,Yes
28364,No
28365,Yes
28366,No
28367,No
28368,Yes
28369,No
28370,Yes
28371,Yes
28372,No
28373,No
28374,Yes
28375,No
28376,No
28377,No
28378,Yes
28379,No
28380,No
28381,Yes
28382,Yes
28383,No
28384,No
28385,No
28386,No
28387,Yes
28388,No
28389,No
28390,Yes
28391,No
28392,No
28393,Yes
28394,Yes
28395,No
28396,Yes
28397,No
28398,Yes
28399,No
28400,No
28401,No
28402,No
28403,No
28404,No
28405,No
28406,No
28407,No
28408,Yes
28409,No
28410,Yes
28411,No
28412,Yes
28413,No
28414,Yes
28415,No
28416,No
28417,No
28418,No
28419,No
28420,Yes
28421,No
28422,No
28423,No
28424,Yes
28425,No
28426,Yes
28427,No
28428,No
28429,No
28430,Yes
28431,No
28432,No
28433,Yes
28434,No
28435,No
28436,No
28437,No
28438,No
28439,No
28440,No
28441,Yes
28442,No
28443,Yes
28444,Yes
28445,No
28446,No
28447,No
28448,Yes
28449,Yes
28450,Yes
28451,No
28452,No
28453,No
28454,No
28455,No
28456,Yes
28457,Yes
28458,No
28459,No
28460,No
28461,No
28462,Yes
28463,Yes
28464,No
28465,Yes
28466,No
28467,No
28468,No
28469,No
28470,Yes
28471,No
28472,No
28473,Yes
28474,No
28475,No
28476,No
28477,Yes
28478,No
28479,Yes
28480,No
28481,No
28482,Yes
28483,Yes
28484,No
28485,No
28486,No
28487,Yes
28488,No
28489,No
28490,Yes
28491,Yes
28492,No
28493,No
28494,Yes
28495,No
28496,No
28497,No
28498,Yes
28499,Yes
28500,No
28501,No
28502,Yes
28503,Yes
28504,No
28505,Yes
28506,No
28507,Yes
28508,Yes
28509,Yes
28510,No
28511,No
28512,Yes
28513,No
28514,No
28515,No
28516,Yes
28517,No
28518,Yes
28519,No
28520,No
28521,No
28522,No
28523,No
28524,No
28525,No
28526,No
28527,No
28528,Yes
28529,No
28530,Yes
28531,No
28532,No
28533,No
28534,No
28535,No
28536,No
28537,No
28538,Yes
28539,No
28540,Yes
28541,Yes
28542,No
28543,No
28544,No
28545,No
28546,No
28547,No
28548,No
28549,No
28550,Yes
28551,No
28552,No
28553,Yes
28554,No
28555,No
28556,No
28557,No
28558,No
28559,Yes
28560,No
28561,No
28562,Yes
28563,Yes
28564,No
28565,No
28566,Yes
28567,No
28568,No
28569,No
28570,Yes
28571,No
28572,No
28573,No
28574,No
28575,No
28576,No
28577,Yes
28578,Yes
28579,No
28580,No
28581,No
28582,No
28583,Yes
28584,No
28585,Yes
28586,Yes
28587,No
28588,No
28589,No
28590,No
28591,No
28592,No
28593,No
28594,No
28595,No
28596,No
28597,No
28598,No
28599,No
28600,No
28601,Yes
28602,No
28603,No
28604,Yes
28605,No
28606,Yes
28607,No
28608,Yes
28609,Yes
28610,Yes
28611,No
28612,No
28613,Yes
28614,No
28615,Yes
28616,Yes
28617,No
28618,No
28619,Yes
28620,Yes
28621,No
28622,No
28623,No
28624,No
28625,No
28626,No
28627,No
28628,No
28629,No
28630,No
28631,No
28632,Yes
28633,No
28634,Yes
28635,No
28636,No
28637,No
28638,No
28639,Yes
28640,Yes
28641,No
28642,No
28643,Yes
28644,No
28645,No
28646,Yes
28647,Yes
28648,No
28649,No
28650,No
28651,No
28652,No
28653,No
28654,Yes
28655,No
28656,No
28657,Yes
28658,No
28659,No
28660,No
28661,Yes
28662,No
28663,Yes
28664,No
28665,No
28666,No
28667,No
28668,No
28669,Yes
28670,No
28671,No
28672,No
28673,No
28674,No
28675,No
28676,Yes
28677,Yes
28678,No
28679,No
28680,No
28681,No
28682,No
28683,Yes
28684,No
28685,No
28686,Yes
28687,Yes
28688,Yes
28689,No
28690,No
28691,Yes
28692,No
28693,No
28694,Yes
28695,No
28696,No
28697,No
28698,No
28699,No
28700,No
28701,No
28702,No
28703,No
28704,No
28705,Yes
28706,No
28707,No
28708,No
28709,No
28710,No
28711,No
28712,Yes
28713,Yes
28714,No
28715,No
28716,No
28717,Yes
28718,No
28719,No
28720,Yes
28721,Yes
28722,No
28723,Yes
28724,No
28725,No
28726,No
28727,No
28728,No
28729,No
28730,Yes
28731,Yes
28732,No
28733,Yes
28734,No
28735,Yes
28736,Yes
28737,No
28738,No
28739,Yes
28740,Yes
28741,No
28742,No
28743,Yes
28744,No
28745,No
28746,No
28747,Yes
28748,No
28749,No
28750,No
28751,No
28752,No
28753,No
28754,Yes
28755,Yes
28756,No
28757,Yes
28758,No
28759,No
28760,Yes
28761,Yes
28762,No
28763,No
28764,No
28765,No
28766,No
28767,Yes
28768,No
28769,No
28770,Yes
28771,No
28772,No
28773,No
28774,No
28775,Yes
28776,Yes
28777,Yes
28778,No
28779,Yes
28780,No
28781,No
28782,No
28783,No
28784,Yes
28785,Yes
28786,Yes
28787,No
28788,No
28789,No
28790,No
28791,Yes
28792,Yes
28793,No
28794,No
28795,Yes
28796,No
28797,No
28798,Yes
28799,No
28800,No
28801,No
28802,No
28803,No
28804,No
28805,No
28806,No
28807,No
28808,No
28809,No
28810,No
28811,No
28812,Yes
28813,No
28814,Yes
28815,No
28816,Yes
28817,Yes
28818,No
28819,No
28820,Yes
28821,No
28822,No
28823,No
28824,No
28825,No
28826,No
28827,No
28828,No
28829,No
28830,No
28831,No
28832,Yes
28833,No
28834,No
28835,No
28836,No
28837,No
28838,No
28839,No
28840,No
28841,No
28842,Yes
28843,No
28844,No
28845,No
28846,No
28847,No
28848,No
28849,No
28850,No
28851,No
28852,No
28853,No
28854,No
28855,No
28856,Yes
28857,No
28858,Yes
28859,No
28860,No
28861,No
28862,No
28863,No
28864,No
28865,No
28866,No
28867,Yes
28868,No
28869,Yes
28870,Yes
28871,No
28872,No
28873,No
28874,No
28875,No
28876,Yes
28877,No
28878,Yes
28879,Yes
28880,No
28881,No
28882,Yes
28883,No
28884,No
28885,No
28886,Yes
28887,No
28888,Yes
28889,Yes
28890,Yes
28891,No
28892,No
28893,No
28894,No
28895,No
28896,No
28897,No
28898,Yes
28899,No
28900,No
28901,No
28902,No
28903,No
28904,Yes
28905,No
28906,No
28907,No
28908,No
28909,No
28910,No
28911,No
28912,No
28913,No
28914,No
28915,No
28916,No
28917,No
28918,No
28919,No
28920,No
28921,Yes
28922,No
28923,No
28924,No
28925,No
28926,No
28927,No
28928,No
28929,No
28930,No
28931,Yes
28932,No
28933,No
28934,No
28935,No
28936,No
28937,No
28938,No
28939,Yes
28940,No
28941,No
28942,No
28943,No
28944,No
28945,No
28946,No
28947,No
28948,No
28949,Yes
28950,No
28951,Yes
28952,No
28953,No
28954,Yes
28955,No
28956,No
28957,Yes
28958,No
28959,No
28960,No
28961,No
28962,Yes
28963,Yes
28964,No
28965,No
28966,No
28967,No
28968,No
28969,No
28970,Yes
28971,Yes
28972,Yes
28973,No
28974,No
28975,Yes
28976,No
28977,No
28978,Yes
28979,No
28980,No
28981,No
28982,No
28983,No
28984,No
28985,No
28986,Yes
28987,Yes
28988,Yes
28989,Yes
28990,Yes
28991,No
28992,No
28993,No
28994,No
28995,No
28996,No
28997,Yes
28998,No
28999,Yes
29000,No
29001,No
29002,Yes
29003,No
29004,No
29005,No
29006,No
29007,No
29008,No
29009,No
29010,No
29011,Yes
29012,No
29013,No
29014,Yes
29015,Yes
29016,No
29017,No
29018,No
29019,Yes
29020,No
29021,No
29022,No
29023,No
29024,Yes
29025,Yes
29026,No
29027,No
29028,No
29029,Yes
29030,No
29031,No
29032,No
29033,No
29034,No
29035,No
29036,No
29037,Yes
29038,No
29039,Yes
29040,No
29041,No
29042,No
29043,No
29044,No
29045,No
29046,No
29047,No
29048,No
29049,No
29050,Yes
29051,No
29052,No
29053,Yes
29054,Yes
29055,Yes
29056,No
29057,No
29058,No
29059,Yes
29060,Yes
29061,Yes
29062,No
29063,Yes
29064,No
29065,Yes
29066,Yes
29067,No
29068,No
29069,No
29070,Yes
29071,No
29072,No
29073,No
29074,Yes
29075,No
29076,Yes
29077,No
29078,Yes
29079,Yes
29080,Yes
29081,No
29082,Yes
29083,Yes
29084,No
29085,No
29086,Yes
29087,Yes
29088,No
29089,No
29090,No
29091,No
29092,Yes
29093,No
29094,No
29095,No
29096,No
29097,No
29098,No
29099,Yes
29100,No
29101,Yes
29102,No
29103,No
29104,No
29105,No
29106,No
29107,No
29108,No
29109,Yes
29110,No
29111,Yes
29112,No
29113,No
29114,No
29115,No
29116,Yes
29117,No
29118,No
29119,No
29120,No
29121,Yes
29122,No
29123,Yes
29124,No
29125,Yes
29126,No
29127,No
29128,No
29129,No
29130,No
29131,Yes
29132,No
29133,No
29134,Yes
29135,Yes
29136,No
29137,Yes
29138,Yes
29139,No
29140,No
29141,No
29142,No
29143,No
29144,Yes
29145,No
29146,Yes
29147,No
29148,No
29149,No
29150,Yes
29151,No
29152,No
29153,Yes
29154,Yes
29155,No
29156,No
29157,No
29158,No
29159,No
29160,No
29161,Yes
29162,Yes
29163,No
29164,No
29165,No
29166,No
29167,No
29168,No
29169,No
29170,No
29171,No
29172,Yes
29173,No
29174,Yes
29175,No
29176,Yes
29177,No
29178,No
29179,No
29180,No
29181,No
29182,No
29183,Yes
29184,No
29185,No
29186,No
29187,No
29188,No
29189,No
29190,No
29191,Yes
29192,No
29193,No
29194,No
29195,Yes
29196,No
29197,No
29198,No
29199,Yes
29200,Yes
29201,Yes
29202,Yes
29203,No
29204,No
29205,No
29206,No
29207,No
29208,Yes
29209,No
29210,Yes
29211,No
29212,No
29213,No
29214,No
29215,No
29216,No
29217,No
29218,No
29219,Yes
29220,No
29221,No
29222,No
29223,Yes
29224,Yes
29225,No
29226,No
29227,Yes
29228,No
29229,Yes
29230,No
29231,No
29232,No
29233,No
29234,No
29235,Yes
29236,Yes
29237,No
29238,No
29239,No
29240,No
29241,No
29242,Yes
29243,No
29244,Yes
29245,Yes
29246,Yes
29247,No
29248,No
29249,No
29250,Yes
29251,No
29252,No
29253,Yes
29254,Yes
29255,No
29256,No
29257,No
29258,Yes
29259,No
29260,Yes
29261,No
29262,No
29263,No
29264,Yes
29265,No
29266,Yes
29267,No
29268,No
29269,No
29270,No
29271,No
29272,No
29273,No
29274,No
29275,No
29276,No
29277,No
29278,Yes
29279,Yes
29280,No
29281,No
29282,Yes
29283,No
29284,No
29285,No
29286,Yes
29287,No
29288,No
29289,No
29290,No
29291,Yes
29292,No
29293,No
29294,No
29295,Yes
29296,No
29297,No
29298,Yes
29299,No
29300,No
29301,Yes
29302,No
29303,Yes
29304,No
29305,Yes
29306,No
29307,No
29308,Yes
29309,No
29310,No
29311,No
29312,No
29313,No
29314,Yes
29315,No
29316,No
29317,No
29318,Yes
29319,Yes
29320,Yes
29321,Yes
29322,No
29323,No
29324,No
29325,No
29326,No
29327,No
29328,No
29329,No
29330,No
29331,No
29332,No
29333,No
29334,No
29335,No
29336,No
29337,No
29338,No
29339,No
29340,Yes
29341,No
29342,No
29343,No
29344,No
29345,Yes
29346,No
29347,No
29348,No
29349,Yes
29350,No
29351,Yes
29352,No
29353,No
29354,Yes
29355,No
29356,No
29357,No
29358,No
29359,No
29360,No
29361,No
29362,No
29363,No
29364,No
29365,No
29366,No
29367,No
29368,No
29369,No
29370,No
29371,No
29372,No
29373,Yes
29374,No
29375,No
29376,No
29377,No
29378,No
29379,No
29380,No
29381,Yes
29382,No
29383,No
29384,No
29385,No
29386,Yes
29387,No
29388,No
29389,Yes
29390,Yes
29391,Yes
29392,No
29393,Yes
29394,No
29395,No
29396,No
29397,No
29398,No
29399,No
29400,No
29401,No
29402,No
29403,No
29404,No
29405,No
29406,Yes
29407,Yes
29408,Yes
29409,No
29410,No
29411,No
29412,No
29413,No
29414,No
29415,Yes
29416,No
29417,No
29418,No
29419,Yes
29420,Yes
29421,No
29422,Yes
29423,Yes
29424,Yes
29425,No
29426,No
29427,No
29428,Yes
29429,No
29430,No
29431,No
29432,No
29433,Yes
29434,No
29435,No
29436,No
29437,No
29438,No
29439,Yes
29440,No
29441,No
29442,No
29443,No
29444,Yes
29445,No
29446,No
29447,No
29448,No
29449,No
29450,Yes
29451,No
29452,No
29453,No
29454,Yes
29455,No
29456,No
29457,No
29458,Yes
29459,Yes
29460,No
29461,Yes
29462,Yes
29463,Yes
29464,No
29465,Yes
29466,No
29467,No
29468,Yes
29469,No
29470,No
29471,No
29472,No
29473,No
29474,Yes
29475,No
29476,No
29477,No
29478,No
29479,No
29480,No
29481,No
29482,No
29483,No
29484,No
29485,No
29486,No
29487,No
29488,Yes
29489,No
29490,No
29491,No
29492,No
29493,No
29494,No
29495,Yes
29496,No
29497,Yes
29498,Yes
29499,No
29500,No
29501,Yes
29502,No
29503,No
29504,No
29505,Yes
29506,No
29507,Yes
29508,No
29509,No
29510,No
29511,Yes
29512,No
29513,Yes
29514,Yes
29515,No
29516,No
29517,No
29518,No
29519,No
29520,No
29521,No
29522,No
29523,No
29524,No
29525,No
29526,No
29527,No
29528,No
29529,Yes
29530,No
29531,No
29532,No
29533,No
29534,Yes
29535,No
29536,Yes
29537,Yes
29538,No
29539,Yes
29540,Yes
29541,Yes
29542,No
29543,Yes
29544,Yes
29545,No
29546,No
29547,Yes
29548,Yes
29549,No
29550,Yes
29551,No
29552,Yes
29553,Yes
29554,No
29555,No
29556,No
29557,No
29558,No
29559,No
29560,Yes
29561,No
29562,No
29563,No
29564,Yes
29565,Yes
29566,No
29567,No
29568,No
29569,Yes
29570,No
29571,No
29572,No
29573,No
29574,Yes
29575,No
29576,No
29577,No
29578,Yes
29579,No
29580,No
29581,No
29582,No
29583,Yes
29584,No
29585,No
29586,No
29587,No
29588,No
29589,Yes
29590,No
29591,Yes
29592,No
29593,Yes
29594,Yes
29595,Yes
29596,No
29597,No
29598,No
29599,No
29600,No
29601,No
29602,Yes
29603,No
29604,No
29605,Yes
29606,No
29607,No
29608,Yes
29609,Yes
29610,No
29611,Yes
29612,No
29613,Yes
29614,No
29615,Yes
29616,No
29617,No
29618,No
29619,No
29620,No
29621,No
29622,No
29623,No
29624,No
29625,No
29626,No
29627,No
29628,No
29629,No
29630,No
29631,Yes
29632,No
29633,No
29634,Yes
29635,Yes
29636,No
29637,No
29638,Yes
29639,No
29640,Yes
29641,Yes
29642,No
29643,No
29644,Yes
29645,No
29646,No
29647,No
29648,Yes
29649,No
29650,Yes
29651,Yes
29652,No
29653,No
29654,No
29655,No
29656,No
29657,Yes
29658,Yes
29659,Yes
29660,No
29661,No
29662,No
29663,Yes
29664,No
29665,No
29666,Yes
29667,No
29668,No
29669,No
29670,Yes
29671,Yes
29672,No
29673,No
29674,No
29675,No
29676,No
29677,No
29678,No
29679,No
29680,No
29681,No
29682,No
29683,No
29684,Yes
29685,No
29686,No
29687,No
29688,No
29689,No
29690,No
29691,No
29692,Yes
29693,No
29694,No
29695,No
29696,No
29697,Yes
29698,No
29699,No
29700,No
29701,No
29702,Yes
29703,Yes
29704,No
29705,No
29706,No
29707,No
29708,Yes
29709,No
29710,No
29711,No
29712,No
29713,Yes
29714,No
29715,Yes
29716,No
29717,No
29718,No
29719,No
29720,No
29721,No
29722,No
29723,Yes
29724,No
29725,No
29726,Yes
29727,No
29728,No
29729,No
29730,Yes
29731,No
29732,No
29733,No
29734,No
29735,Yes
29736,No
29737,No
29738,No
29739,Yes
29740,Yes
29741,No
29742,Yes
29743,No
29744,No
29745,No
29746,No
29747,No
29748,No
29749,No
29750,Yes
29751,No
29752,No
29753,No
29754,No
29755,No
29756,No
29757,No
29758,No
29759,Yes
29760,No
29761,Yes
29762,Yes
29763,No
29764,No
29765,Yes
29766,No
29767,No
29768,Yes
29769,Yes
29770,No
29771,No
29772,No
29773,Yes
29774,No
29775,No
29776,No
29777,No
29778,No
29779,No
29780,No
29781,No
29782,No
29783,No
29784,No
29785,No
29786,No
29787,Yes
29788,No
29789,No
29790,No
29791,Yes
29792,No
29793,No
29794,Yes
29795,Yes
29796,No
29797,Yes
29798,No
29799,No
29800,No
29801,No
29802,No
29803,No
29804,Yes
29805,No
29806,No
29807,No
29808,Yes
29809,No
29810,No
29811,No
29812,Yes
29813,No
29814,Yes
29815,No
29816,Yes
29817,No
29818,Yes
29819,No
29820,No
29821,No
29822,No
29823,Yes
29824,No
29825,No
29826,Yes
29827,Yes
29828,No
29829,Yes
29830,Yes
29831,No
29832,No
29833,No
29834,Yes
29835,No
29836,No
29837,No
29838,No
29839,No
29840,No
29841,No
29842,No
29843,No
29844,No
29845,No
29846,Yes
29847,Yes
29848,No
29849,No
29850,No
29851,No
29852,No
29853,No
29854,No
29855,No
29856,Yes
29857,No
29858,No
29859,No
29860,No
29861,No
29862,Yes
29863,Yes
29864,No
29865,No
29866,Yes
29867,No
29868,Yes
29869,No
29870,Yes
29871,No
29872,No
29873,No
29874,Yes
29875,No
29876,No
29877,No
29878,No
29879,No
29880,No
29881,No
29882,No
29883,No
29884,No
29885,No
29886,No
29887,No
29888,No
29889,No
29890,No
29891,No
29892,No
29893,No
29894,No
29895,No
29896,No
29897,Yes
29898,Yes
29899,Yes
29900,No
29901,No
29902,Yes
29903,No
29904,Yes
29905,No
29906,No
29907,Yes
29908,No
29909,No
29910,Yes
29911,No
29912,No
29913,No
29914,No
29915,Yes
29916,No
29917,Yes
29918,No
29919,No
29920,No
29921,Yes
29922,Yes
29923,No
29924,Yes
29925,Yes
29926,No
29927,No
29928,No
29929,Yes
29930,No
29931,No
29932,No
29933,No
29934,No
29935,No
29936,No
29937,No
29938,No
29939,No
29940,No
29941,No
29942,Yes
29943,No
29944,Yes
29945,Yes
29946,No
29947,No
29948,No
29949,Yes
29950,No
29951,No
29952,No
29953,No
29954,No
29955,No
29956,Yes
29957,No
29958,No
29959,No
29960,No
29961,No
29962,No
29963,No
29964,No
29965,No
29966,No
29967,Yes
29968,No
29969,No
29970,No
29971,No
29972,No
29973,No
29974,No
29975,No
29976,Yes
29977,No
29978,No
29979,Yes
29980,No
29981,No
29982,No
29983,No
29984,Yes
29985,No
29986,No
29987,No
29988,No
29989,No
29990,Yes
29991,No
29992,No
29993,No
29994,Yes
29995,Yes
29996,No
29997,No
29998,No
29999,Yes
30000,No
30001,No
30002,No
30003,Yes
30004,No
30005,No
30006,No
30007,No
30008,Yes
30009,No
30010,Yes
30011,No
30012,Yes
30013,Yes
30014,No
30015,No
30016,No
30017,No
30018,No
30019,No
30020,No
30021,No
30022,Yes
30023,No
30024,No
30025,No
30026,No
30027,Yes
30028,No
30029,No
30030,No
30031,No
30032,No
30033,No
30034,No
30035,No
30036,No
30037,No
30038,No
30039,No
30040,Yes
30041,No
30042,No
30043,No
30044,Yes
30045,Yes
30046,No
30047,Yes
30048,No
30049,No
30050,No
30051,No
30052,No
30053,No
30054,No
30055,Yes
30056,No
30057,No
30058,Yes
30059,Yes
30060,No
30061,No
30062,Yes
30063,Yes
30064,No
30065,No
30066,No
30067,Yes
30068,No
30069,Yes
30070,No
30071,No
30072,No
30073,No
30074,Yes
30075,No
30076,No
30077,No
30078,No
30079,No
30080,No
30081,No
30082,No
30083,No
30084,Yes
30085,Yes
30086,No
30087,No
30088,No
30089,No
30090,Yes
30091,No
30092,No
30093,Yes
30094,No
30095,Yes
30096,No
30097,No
30098,No
30099,Yes
30100,Yes
30101,No
30102,Yes
30103,No
30104,No
30105,Yes
30106,Yes
30107,No
30108,No
30109,No
30110,No
30111,No
30112,No
30113,No
30114,No
30115,No
30116,No
30117,No
30118,Yes
30119,No
30120,No
30121,Yes
30122,Yes
30123,Yes
30124,Yes
30125,Yes
30126,No
30127,Yes
30128,No
30129,No
30130,No
30131,Yes
30132,Yes
30133,No
30134,No
30135,Yes
30136,Yes
30137,No
30138,No
30139,No
30140,Yes
30141,No
30142,No
30143,No
30144,No
30145,No
30146,No
30147,No
30148,Yes
30149,No
30150,No
30151,No
30152,No
30153,No
30154,No
30155,No
30156,No
30157,Yes
30158,No
30159,No
30160,No
30161,No
30162,No
30163,Yes
30164,Yes
30165,No
30166,No
30167,No
30168,No
30169,No
30170,No
30171,No
30172,No
30173,No
30174,No
30175,No
30176,Yes
30177,Yes
30178,No
30179,No
30180,No
30181,No
30182,Yes
30183,Yes
30184,Yes
30185,No
30186,Yes
30187,No
30188,No
30189,Yes
30190,No
30191,No
30192,No
30193,No
30194,No
30195,No
30196,Yes
30197,No
30198,No
30199,No
30200,No
30201,No
30202,Yes
30203,Yes
30204,No
30205,Yes
30206,No
30207,Yes
30208,No
30209,No
30210,No
30211,No
30212,Yes
30213,No
30214,No
30215,No
30216,No
30217,Yes
30218,Yes
30219,Yes
30220,No
30221,Yes
30222,No
30223,No
30224,Yes
30225,No
30226,Yes
30227,No
30228,No
30229,No
30230,No
30231,No
30232,No
30233,Yes
30234,No
30235,No
30236,No
30237,No
30238,No
30239,No
30240,No
30241,No
30242,No
30243,No
30244,No
30245,No
30246,No
30247,Yes
30248,Yes
30249,No
30250,Yes
30251,No
30252,Yes
30253,Yes
30254,Yes
30255,Yes
30256,No
30257,Yes
30258,No
30259,Yes
30260,Yes
30261,No
30262,No
30263,No
30264,No
30265,Yes
30266,No
30267,No
30268,No
30269,No
30270,Yes
30271,Yes
30272,Yes
30273,No
30274,No
30275,Yes
30276,No
30277,Yes
30278,No
30279,No
30280,No
30281,Yes
30282,Yes
30283,No
30284,No
30285,No
30286,Yes
30287,No
30288,No
30289,No
30290,No
30291,No
30292,No
30293,No
30294,Yes
30295,No
30296,No
30297,No
30298,No
30299,No
30300,No
30301,No
30302,No
30303,No
30304,Yes
30305,Yes
30306,No
30307,Yes
30308,No
30309,No
30310,Yes
30311,Yes
30312,No
30313,Yes
30314,Yes
30315,No
30316,No
30317,No
30318,No
30319,No
30320,No
30321,Yes
30322,Yes
30323,No
30324,No
30325,No
30326,No
30327,No
30328,No
30329,No
30330,No
30331,No
30332,No
30333,No
30334,No
30335,No
30336,No
30337,No
30338,No
30339,No
30340,No
30341,No
30342,No
30343,No
30344,Yes
30345,No
30346,Yes
30347,No
30348,No
30349,No
30350,No
30351,No
30352,No
30353,No
30354,No
30355,No
30356,No
30357,No
30358,Yes
30359,No
30360,Yes
30361,No
30362,No
30363,Yes
30364,No
30365,No
30366,No
30367,No
30368,No
30369,Yes
30370,Yes
30371,No
30372,Yes
30373,No
30374,No
30375,Yes
30376,No
30377,Yes
30378,No
30379,No
30380,No
30381,No
30382,Yes
30383,No
30384,No
30385,No
30386,No
30387,No
30388,No
30389,No
30390,No
30391,Yes
30392,Yes
30393,No
30394,Yes
30395,No
30396,Yes
30397,No
30398,No
30399,No
30400,No
30401,No
30402,No
30403,No
30404,No
30405,No
30406,Yes
30407,Yes
30408,Yes
30409,Yes
30410,No
30411,No
30412,Yes
30413,No
30414,No
30415,No
30416,No
30417,No
30418,No
30419,No
30420,Yes
30421,No
30422,No
30423,No
30424,No
30425,Yes
30426,No
30427,No
30428,No
30429,No
30430,No
30431,No
30432,No
30433,Yes
30434,Yes
30435,Yes
30436,No
30437,No
30438,No
30439,No
30440,No
30441,No
30442,No
30443,No
30444,No
30445,No
30446,Yes
30447,No
30448,Yes
30449,No
30450,No
30451,No
30452,No
30453,Yes
30454,No
30455,Yes
30456,No
30457,No
30458,Yes
30459,No
30460,No
30461,Yes
30462,Yes
30463,No
30464,Yes
30465,No
30466,No
30467,No
30468,No
30469,No
30470,No
30471,No
30472,No
30473,No
30474,No
30475,No
30476,No
30477,No
30478,No
30479,No
30480,No
30481,No
30482,Yes
30483,No
30484,No
30485,No
30486,No
30487,No
30488,No
30489,Yes
30490,No
30491,Yes
30492,No
30493,No
30494,No
30495,Yes
30496,No
30497,No
30498,Yes
30499,No
30500,No
30501,No
30502,No
30503,No
30504,No
30505,No
30506,No
30507,No
30508,No
30509,Yes
30510,Yes
30511,Yes
30512,No
30513,Yes
30514,No
30515,No
30516,Yes
30517,No
30518,Yes
30519,No
30520,No
30521,Yes
30522,No
30523,No
30524,No
30525,No
30526,No
30527,No
30528,Yes
30529,No
30530,No
30531,No
30532,No
30533,No
30534,No
30535,No
30536,No
30537,No
30538,No
30539,No
30540,No
30541,Yes
30542,No
30543,No
30544,No
30545,No
30546,Yes
30547,No
30548,No
30549,Yes
30550,No
30551,No
30552,No
30553,No
30554,No
30555,No
30556,No
30557,No
30558,Yes
30559,No
30560,No
30561,Yes
30562,Yes
30563,No
30564,No
30565,No
30566,No
30567,No
30568,No
30569,No
30570,No
30571,No
30572,No
30573,Yes
30574,Yes
30575,No
30576,Yes
30577,No
30578,No
30579,Yes
30580,No
30581,No
30582,No
30583,No
30584,No
30585,No
30586,Yes
30587,No
30588,Yes
30589,No
30590,No
30591,Yes
30592,No
30593,No
30594,No
30595,Yes
30596,No
30597,No
30598,Yes
30599,No
30600,No
30601,Yes
30602,No
30603,No
30604,No
30605,No
30606,No
30607,No
30608,No
30609,No
30610,No
30611,No
30612,No
30613,No
30614,No
30615,No
30616,No
30617,Yes
30618,No
30619,No
30620,No
30621,No
30622,No
30623,No
30624,No
30625,No
30626,Yes
30627,No
30628,No
30629,No
30630,No
30631,No
30632,No
30633,No
30634,No
30635,No
30636,No
30637,No
30638,No
30639,No
30640,Yes
30641,Yes
30642,No
30643,No
30644,No
30645,No
30646,No
30647,No
30648,No
30649,No
30650,No
30651,No
30652,No
30653,No
30654,No
30655,Yes
30656,Yes
30657,No
30658,No
30659,No
30660,No
30661,No
30662,No
30663,Yes
30664,No
30665,No
30666,No
30667,No
30668,No
30669,No
30670,Yes
30671,No
30672,No
30673,Yes
30674,Yes
30675,No
30676,No
30677,Yes
30678,No
30679,Yes
30680,No
30681,No
30682,Yes
30683,No
30684,No
30685,No
30686,No
30687,No
30688,No
30689,Yes
30690,No
30691,No
30692,Yes
30693,Yes
30694,Yes
30695,No
30696,No
30697,No
30698,No
30699,No
30700,Yes
30701,No
30702,No
30703,No
30704,No
30705,No
30706,No
30707,Yes
30708,No
30709,No
30710,No
30711,No
30712,Yes
30713,Yes
30714,No
30715,No
30716,Yes
30717,No
30718,No
30719,No
30720,No
30721,No
30722,No
30723,No
30724,Yes
30725,No
30726,No
30727,No
30728,No
30729,No
30730,No
30731,Yes
30732,No
30733,No
30734,No
30735,No
30736,No
30737,Yes
30738,No
30739,No
30740,No
30741,No
30742,No
30743,No
30744,No
30745,No
30746,No
30747,No
30748,Yes
30749,No
30750,No
30751,No
30752,No
30753,No
30754,Yes
30755,No
30756,No
30757,Yes
30758,Yes
30759,No
30760,No
30761,No
30762,No
30763,No
30764,No
30765,No
30766,Yes
30767,Yes
30768,Yes
30769,No
30770,No
30771,Yes
30772,No
30773,Yes
30774,Yes
30775,Yes
30776,Yes
30777,No
30778,No
30779,No
30780,No
30781,Yes
30782,No
30783,No
30784,No
30785,No
30786,No
30787,Yes
30788,No
30789,Yes
30790,No
30791,No
30792,No
30793,Yes
30794,No
30795,No
30796,Yes
30797,No
30798,Yes
30799,No
30800,Yes
30801,No
30802,Yes
30803,No
30804,No
30805,No
30806,No
30807,No
30808,No
30809,No
30810,No
30811,No
30812,No
30813,No
30814,Yes
30815,No
30816,No
30817,Yes
30818,No
30819,No
30820,Yes
30821,No
30822,Yes
30823,Yes
30824,No
30825,No
30826,No
30827,No
30828,No
30829,No
30830,Yes
30831,Yes
30832,Yes
30833,No
30834,No
30835,No
30836,No
30837,No
30838,No
30839,No
30840,No
30841,No
30842,No
30843,No
30844,No
30845,No
30846,No
30847,No
30848,No
30849,Yes
30850,No
30851,No
30852,No
30853,No
30854,No
30855,No
30856,Yes
30857,No
30858,Yes
30859,No
30860,Yes
30861,Yes
30862,Yes
30863,No
30864,No
30865,No
30866,No
30867,No
30868,No
30869,No
30870,Yes
30871,No
30872,No
30873,Yes
30874,No
30875,No
30876,No
30877,Yes
30878,No
30879,No
30880,No
30881,No
30882,No
30883,Yes
30884,No
30885,No
30886,Yes
30887,No
30888,Yes
30889,No
30890,No
30891,No
30892,No
30893,No
30894,Yes
30895,No
30896,No
30897,Yes
30898,No
30899,No
30900,No
30901,No
30902,No
30903,No
30904,No
30905,No
30906,Yes
30907,Yes
30908,No
30909,No
30910,Yes
30911,No
30912,No
30913,No
30914,No
30915,No
30916,Yes
30917,No
30918,No
30919,No
30920,No
30921,No
30922,No
30923,No
30924,Yes
30925,No
30926,Yes
30927,No
30928,No
30929,No
30930,No
30931,No
30932,No
30933,No
30934,No
30935,No
30936,Yes
30937,Yes
30938,Yes
30939,No
30940,No
30941,No
30942,Yes
30943,No
30944,No
30945,No
30946,No
30947,No
30948,No
30949,No
30950,No
30951,No
30952,Yes
30953,No
30954,No
30955,No
30956,Yes
30957,No
30958,Yes
30959,Yes
30960,No
30961,Yes
30962,No
30963,No
30964,No
30965,No
30966,No
30967,No
30968,Yes
30969,Yes
30970,No
30971,No
30972,Yes
30973,No
30974,No
30975,No
30976,Yes
30977,No
30978,No
30979,No
30980,No
30981,Yes
30982,No
30983,No
30984,Yes
30985,Yes
30986,No
30987,Yes
30988,No
30989,No
30990,Yes
30991,Yes
30992,No
30993,No
30994,No
30995,No
30996,No
30997,No
30998,No
30999,No
31000,No
31001,No
31002,No
31003,Yes
31004,No
31005,No
31006,No
31007,No
31008,No
31009,Yes
31010,No
31011,Yes
31012,No
31013,Yes
31014,Yes
31015,No
31016,Yes
31017,Yes
31018,Yes
31019,No
31020,Yes
31021,No
31022,No
31023,No
31024,Yes
31025,No
31026,No
31027,Yes
31028,No
31029,No
31030,No
31031,No
31032,No
31033,Yes
31034,No
31035,No
31036,Yes
31037,Yes
31038,No
31039,No
31040,No
31041,No
31042,No
31043,No
31044,Yes
31045,No
31046,No
31047,No
31048,No
31049,Yes
31050,No
31051,No
31052,No
31053,Yes
31054,No
31055,No
31056,No
31057,No
31058,No
31059,No
31060,Yes
31061,No
31062,No
31063,No
31064,No
31065,No
31066,No
31067,No
31068,No
31069,No
31070,Yes
31071,No
31072,No
31073,Yes
31074,No
31075,No
31076,No
31077,No
31078,No
31079,Yes
31080,No
31081,No
31082,Yes
31083,Yes
31084,No
31085,No
31086,No
31087,No
31088,No
31089,No
31090,No
31091,No
31092,No
31093,Yes
31094,No
31095,Yes
31096,No
31097,No
31098,No
31099,No
31100,Yes
31101,No
31102,No
31103,No
31104,No
31105,No
31106,No
31107,Yes
31108,No
31109,No
31110,No
31111,Yes
31112,Yes
31113,No
31114,No
31115,No
31116,No
31117,No
31118,No
31119,No
31120,No
31121,Yes
31122,No
31123,Yes
31124,No
31125,No
31126,No
31127,Yes
31128,Yes
31129,No
31130,No
31131,No
31132,No
31133,No
31134,No
31135,No
31136,No
31137,No
31138,Yes
31139,No
31140,No
31141,No
31142,No
31143,Yes
31144,No
31145,No
31146,No
31147,Yes
31148,No
31149,No
31150,Yes
31151,No
31152,No
31153,Yes
31154,No
31155,No
31156,Yes
31157,Yes
31158,No
31159,No
31160,No
31161,Yes
31162,No
31163,No
31164,Yes
31165,No
31166,Yes
31167,No
31168,No
31169,No
31170,No
31171,Yes
31172,No
31173,No
31174,No
31175,No
31176,No
31177,No
31178,No
31179,No
31180,No
31181,Yes
31182,No
31183,Yes
31184,Yes
31185,No
31186,No
31187,No
31188,No
31189,No
31190,No
31191,No
31192,No
31193,No
31194,Yes
31195,No
31196,Yes
31197,No
31198,Yes
31199,No
31200,No
31201,No
31202,Yes
31203,No
31204,Yes
31205,Yes
31206,No
31207,Yes
31208,Yes
31209,No
31210,No
31211,No
31212,No
31213,No
31214,No
31215,No
31216,No
31217,No
31218,No
31219,Yes
31220,Yes
31221,No
31222,No
31223,No
31224,No
31225,No
31226,Yes
31227,Yes
31228,No
31229,Yes
31230,Yes
31231,No
31232,Yes
31233,No
31234,No
31235,No
31236,No
31237,No
31238,No
31239,No
31240,No
31241,No
31242,No
31243,Yes
31244,No
31245,No
31246,No
31247,Yes
31248,No
31249,No
31250,No
31251,No
31252,Yes
31253,No
31254,Yes
31255,No
31256,Yes
31257,Yes
31258,Yes
31259,No
31260,Yes
31261,No
31262,Yes
31263,No
31264,Yes
31265,Yes
31266,No
31267,No
31268,Yes
31269,No
31270,No
31271,No
31272,No
31273,No
31274,Yes
31275,Yes
31276,No
31277,No
31278,No
31279,No
31280,Yes
31281,Yes
31282,No
31283,No
31284,No
31285,No
31286,No
31287,No
31288,No
31289,Yes
31290,No
31291,Yes
31292,Yes
31293,No
31294,Yes
31295,Yes
31296,Yes
31297,No
31298,No
31299,No
31300,Yes
31301,No
31302,Yes
31303,No
31304,No
31305,Yes
31306,No
31307,No
31308,No
31309,Yes
31310,No
31311,No
31312,Yes
31313,No
31314,No
31315,No
31316,No
31317,No
31318,Yes
31319,Yes
31320,No
31321,No
31322,No
31323,Yes
31324,No
31325,Yes
31326,No
31327,No
31328,Yes
31329,No
31330,No
31331,No
31332,Yes
31333,No
31334,No
31335,No
31336,No
31337,No
31338,Yes
31339,No
31340,No
31341,Yes
31342,No
31343,No
31344,No
31345,No
31346,No
31347,Yes
31348,No
31349,Yes
31350,No
31351,No
31352,No
31353,No
31354,No
31355,No
31356,No
31357,No
31358,No
31359,No
31360,Yes
31361,No
31362,No
31363,Yes
31364,No
31365,No
31366,Yes
31367,No
31368,Yes
31369,No
31370,No
31371,No
31372,Yes
31373,No
31374,Yes
31375,No
31376,No
31377,Yes
31378,No
31379,Yes
31380,No
31381,Yes
31382,Yes
31383,No
31384,No
31385,No
31386,No
31387,No
31388,No
31389,Yes
31390,No
31391,No
31392,No
31393,No
31394,No
31395,No
31396,No
31397,No
31398,No
31399,No
31400,No
31401,No
31402,No
31403,No
31404,No
31405,No
31406,Yes
31407,Yes
31408,Yes
31409,No
31410,No
31411,No
31412,No
31413,No
31414,Yes
31415,No
31416,No
31417,No
31418,No
31419,No
31420,No
31421,No
31422,No
31423,Yes
31424,No
31425,No
31426,No
31427,No
31428,Yes
31429,No
31430,Yes
31431,No
31432,No
31433,No
31434,No
31435,No
31436,Yes
31437,No
31438,No
31439,No
31440,No
31441,No
31442,No
31443,No
31444,No
31445,No
31446,Yes
31447,No
31448,No
31449,No
31450,Yes
31451,No
31452,No
31453,No
31454,No
31455,No
31456,Yes
31457,Yes
31458,No
31459,No
31460,Yes
31461,Yes
31462,No
31463,No
31464,No
31465,Yes
31466,No
31467,No
31468,No
31469,No
31470,Yes
31471,Yes
31472,Yes
31473,No
31474,No
31475,Yes
31476,No
31477,No
31478,Yes
31479,No
31480,No
31481,No
31482,No
31483,No
31484,Yes
31485,No
31486,Yes
31487,No
31488,No
31489,Yes
31490,Yes
31491,No
31492,No
31493,No
31494,Yes
31495,No
31496,No
31497,No
31498,No
31499,Yes
31500,No
31501,No
31502,No
31503,No
31504,No
31505,No
31506,No
31507,No
31508,No
31509,No
31510,No
31511,No
31512,Yes
31513,No
31514,No
31515,No
31516,Yes
31517,No
31518,Yes
31519,Yes
31520,No
31521,No
31522,No
31523,No
31524,No
31525,No
31526,No
31527,No
31528,No
31529,No
31530,No
31531,No
31532,No
31533,No
31534,No
31535,No
31536,No
31537,Yes
31538,Yes
31539,No
31540,Yes
31541,No
31542,No
31543,No
31544,No
31545,No
31546,No
31547,Yes
31548,No
31549,No
31550,No
31551,No
31552,No
31553,No
31554,No
31555,No
31556,No
31557,No
31558,No
31559,No
31560,No
31561,No
31562,No
31563,Yes
31564,No
31565,No
31566,Yes
31567,Yes
31568,Yes
31569,No
31570,No
31571,No
31572,No
31573,No
31574,No
31575,No
31576,No
31577,No
31578,No
31579,No
31580,Yes
31581,No
31582,No
31583,Yes
31584,No
31585,No
31586,No
31587,No
31588,No
31589,Yes
31590,Yes
31591,Yes
31592,Yes
31593,Yes
31594,Yes
31595,Yes
31596,Yes
31597,Yes
31598,No
31599,No
31600,No
31601,No
31602,No
31603,No
31604,Yes
31605,No
31606,No
31607,No
31608,No
31609,Yes
31610,Yes
31611,No
31612,Yes
31613,No
31614,No
31615,Yes
31616,Yes
31617,No
31618,No
31619,Yes
31620,No
31621,No
31622,No
31623,No
31624,Yes
31625,No
31626,Yes
31627,No
31628,Yes
31629,Yes
31630,No
31631,No
31632,No
31633,Yes
31634,No
31635,Yes
31636,No
31637,Yes
31638,No
31639,Yes
31640,No
31641,Yes
31642,Yes
31643,No
31644,No
31645,No
31646,No
31647,No
31648,No
31649,No
31650,No
31651,No
31652,No
31653,No
31654,Yes
31655,No
31656,No
31657,No
31658,No
31659,No
31660,No
31661,No
31662,No
31663,No
31664,No
31665,Yes
31666,No
31667,No
31668,No
31669,No
31670,No
31671,No
31672,No
31673,No
31674,Yes
31675,No
31676,No
31677,Yes
31678,No
31679,No
31680,No
31681,No
31682,Yes
31683,No
31684,No
31685,No
31686,No
31687,No
31688,No
31689,No
31690,No
31691,No
31692,No
31693,Yes
31694,No
31695,Yes
31696,No
31697,Yes
31698,No
31699,No
31700,No
31701,Yes
31702,No
31703,Yes
31704,No
31705,No
31706,No
31707,No
31708,No
31709,Yes
31710,No
31711,No
31712,No
31713,No
31714,No
31715,Yes
31716,No
31717,Yes
31718,No
31719,No
31720,Yes
31721,No
31722,No
31723,No
31724,No
31725,No
31726,Yes
31727,No
31728,No
31729,Yes
31730,No
31731,Yes
31732,Yes
31733,No
31734,No
31735,Yes
31736,Yes
31737,No
31738,No
31739,No
31740,Yes
31741,Yes
31742,No
31743,No
31744,No
31745,No
31746,No
31747,No
31748,Yes
31749,Yes
31750,No
31751,No
31752,Yes
31753,No
31754,No
31755,Yes
31756,Yes
31757,Yes
31758,No
31759,No
31760,No
31761,No
31762,No
31763,No
31764,No
31765,Yes
31766,No
31767,No
31768,No
31769,Yes
31770,Yes
31771,No
31772,No
31773,No
31774,No
31775,No
31776,Yes
31777,Yes
31778,No
31779,Yes
31780,Yes
31781,No
31782,No
31783,No
31784,Yes
31785,No
31786,No
31787,No
31788,No
31789,Yes
31790,No
31791,No
31792,No
31793,No
31794,No
31795,No
31796,No
31797,No
31798,No
31799,No
31800,No
31801,No
31802,No
31803,No
31804,No
31805,No
31806,No
31807,No
31808,No
31809,No
31810,No
31811,Yes
31812,No
31813,No
31814,Yes
31815,No
31816,No
31817,No
31818,No
31819,No
31820,No
31821,No
31822,Yes
31823,No
31824,Yes
31825,No
31826,No
31827,No
31828,No
31829,Yes
31830,No
31831,No
31832,No
31833,Yes
31834,No
31835,No
31836,No
31837,No
31838,No
31839,Yes
31840,Yes
31841,No
31842,No
31843,No
31844,No
31845,No
31846,No
31847,No
31848,No
31849,Yes
31850,Yes
31851,Yes
31852,No
31853,No
31854,Yes
31855,No
31856,No
31857,No
31858,No
31859,No
31860,No
31861,No
31862,Yes
31863,No
31864,No
31865,No
31866,No
31867,No
31868,No
31869,Yes
31870,No
31871,Yes
31872,No
31873,No
31874,No
31875,No
31876,No
31877,No
31878,No
31879,Yes
31880,No
31881,No
31882,Yes
31883,Yes
31884,Yes
31885,No
31886,No
31887,No
31888,No
31889,No
31890,No
31891,No
31892,No
31893,No
31894,No
31895,No
31896,No
31897,No
31898,No
31899,No
31900,No
31901,No
31902,No
31903,No
31904,No
31905,No
31906,No
31907,No
31908,Yes
31909,Yes
31910,Yes
31911,No
31912,No
31913,No
31914,Yes
31915,No
31916,Yes
31917,No
31918,No
31919,Yes
31920,No
31921,No
31922,No
31923,Yes
31924,Yes
31925,No
31926,Yes
31927,No
31928,No
31929,Yes
31930,Yes
31931,Yes
31932,No
31933,Yes
31934,No
31935,Yes
31936,No
31937,No
31938,No
31939,No
31940,No
31941,No
31942,Yes
31943,Yes
31944,No
31945,Yes
31946,Yes
31947,Yes
31948,No
31949,No
31950,No
31951,No
31952,No
31953,No
31954,Yes
31955,No
31956,No
31957,No
31958,Yes
31959,No
31960,No
31961,No
31962,No
31963,No
31964,Yes
31965,Yes
31966,No
31967,No
31968,Yes
31969,No
31970,Yes
31971,No
31972,No
31973,No
31974,No
31975,No
31976,Yes
31977,No
31978,No
31979,No
31980,No
31981,No
31982,No
31983,No
31984,Yes
31985,No
31986,No
31987,No
31988,No
31989,No
31990,Yes
31991,No
31992,Yes
31993,No
31994,No
31995,No
31996,No
31997,No
31998,No
31999,No
32000,No
32001,Yes
32002,No
32003,No
32004,Yes
32005,Yes
32006,No
32007,No
32008,No
32009,No
32010,No
32011,No
32012,Yes
32013,No
32014,No
32015,Yes
32016,No
32017,No
32018,Yes
32019,No
32020,No
32021,Yes
32022,Yes
32023,No
32024,No
32025,No
32026,Yes
32027,No
32028,Yes
32029,Yes
32030,No
32031,No
32032,No
32033,No
32034,Yes
32035,Yes
32036,Yes
32037,No
32038,No
32039,Yes
32040,No
32041,No
32042,Yes
32043,No
32044,Yes
32045,Yes
32046,No
32047,No
32048,Yes
32049,Yes
32050,No
32051,Yes
32052,No
32053,No
32054,Yes
32055,Yes
32056,No
32057,No
32058,Yes
32059,No
32060,No
32061,Yes
32062,No
32063,No
32064,Yes
32065,No
32066,No
32067,No
32068,Yes
32069,No
32070,No
32071,No
32072,No
32073,Yes
32074,No
32075,No
32076,Yes
32077,Yes
32078,Yes
32079,No
32080,Yes
32081,No
32082,No
32083,Yes
32084,No
32085,No
32086,No
32087,Yes
32088,Yes
32089,No
32090,Yes
32091,No
32092,Yes
32093,No
32094,No
32095,No
32096,No
32097,No
32098,No
32099,No
32100,No
32101,No
32102,No
32103,No
32104,No
32105,Yes
32106,No
32107,No
32108,No
32109,Yes
32110,Yes
32111,No
32112,No
32113,Yes
32114,No
32115,No
32116,No
32117,No
32118,Yes
32119,No
32120,No
32121,No
32122,No
32123,No
32124,Yes
32125,No
32126,No
32127,No
32128,No
32129,No
32130,No
32131,Yes
32132,Yes
32133,Yes
32134,No
32135,Yes
32136,Yes
32137,No
32138,Yes
32139,No
32140,No
32141,Yes
32142,No
32143,Yes
32144,No
32145,No
32146,No
32147,No
32148,Yes
32149,No
32150,Yes
32151,No
32152,No
32153,No
32154,No
32155,Yes
32156,No
32157,Yes
32158,Yes
32159,No
32160,No
32161,No
32162,No
32163,No
32164,No
32165,No
32166,Yes
32167,No
32168,No
32169,Yes
32170,Yes
32171,Yes
32172,No
32173,Yes
32174,No
32175,No
32176,No
32177,No
32178,No
32179,No
32180,No
32181,No
32182,No
32183,No
32184,No
32185,No
32186,No
32187,No
32188,Yes
32189,No
32190,No
32191,No
32192,Yes
32193,Yes
32194,Yes
32195,No
32196,No
32197,No
32198,No
32199,Yes
32200,No
32201,No
32202,Yes
32203,No
32204,No
32205,Yes
32206,No
32207,No
32208,No
32209,No
32210,No
32211,Yes
32212,Yes
32213,No
32214,Yes
32215,No
32216,No
32217,No
32218,No
32219,No
32220,No
32221,No
32222,No
32223,No
32224,No
32225,Yes
32226,No
32227,No
32228,No
32229,No
32230,No
32231,No
32232,Yes
32233,No
32234,No
32235,No
32236,No
32237,No
32238,No
32239,No
32240,Yes
32241,No
32242,No
32243,No
32244,Yes
32245,Yes
32246,No
32247,Yes
32248,No
32249,No
32250,No
32251,No
32252,No
32253,No
32254,Yes
32255,No
32256,Yes
32257,Yes
32258,No
32259,No
32260,No
32261,No
32262,No
32263,No
32264,No
32265,No
32266,No
32267,No
32268,Yes
32269,No
32270,Yes
32271,Yes
32272,No
32273,Yes
32274,No
32275,No
32276,Yes
32277,Yes
32278,Yes
32279,Yes
32280,No
32281,No
32282,Yes
32283,No
32284,No
32285,Yes
32286,No
32287,Yes
32288,Yes
32289,Yes
32290,No
32291,No
32292,No
32293,No
32294,No
32295,Yes
32296,No
32297,No
32298,Yes
32299,Yes
32300,No
32301,No
32302,No
32303,Yes
32304,Yes
32305,No
32306,Yes
32307,Yes
32308,No
32309,No
32310,No
32311,Yes
32312,Yes
32313,No
32314,Yes
32315,No
32316,No
32317,No
32318,No
32319,No
32320,No
32321,No
32322,Yes
32323,Yes
32324,Yes
32325,No
32326,No
32327,Yes
32328,No
32329,Yes
32330,No
32331,No
32332,No
32333,No
32334,No
32335,Yes
32336,No
32337,Yes
32338,No
32339,No
32340,Yes
32341,No
32342,No
32343,No
32344,No
32345,No
32346,Yes
32347,No
32348,No
32349,Yes
32350,No
32351,Yes
32352,Yes
32353,No
32354,No
32355,No
32356,No
32357,No
32358,No
32359,No
32360,No
32361,No
32362,No
32363,Yes
32364,No
32365,No
32366,No
32367,Yes
32368,Yes
32369,Yes
32370,No
32371,Yes
32372,No
32373,No
32374,No
32375,No
32376,Yes
32377,Yes
32378,No
32379,No
32380,Yes
32381,Yes
32382,No
32383,No
32384,No
32385,No
32386,No
32387,No
32388,No
32389,No
32390,Yes
32391,No
32392,No
32393,No
32394,No
32395,No
32396,Yes
32397,No
32398,No
32399,No
32400,No
32401,No
32402,Yes
32403,Yes
32404,No
32405,No
32406,Yes
32407,No
32408,No
32409,No
32410,No
32411,Yes
32412,No
32413,No
32414,No
32415,Yes
32416,No
32417,No
32418,No
32419,No
32420,No
32421,No
32422,No
32423,No
32424,Yes
32425,No
32426,No
32427,No
32428,No
32429,No
32430,Yes
32431,Yes
32432,No
32433,No
32434,No
32435,No
32436,No
32437,No
32438,No
32439,No
32440,No
32441,Yes
32442,No
32443,No
32444,No
32445,No
32446,No
32447,Yes
32448,Yes
32449,Yes
32450,No
32451,Yes
32452,No
32453,No
32454,No
32455,No
32456,No
32457,No
32458,Yes
32459,No
32460,Yes
32461,No
32462,Yes
32463,No
32464,No
32465,Yes
32466,No
32467,No
32468,No
32469,No
32470,No
32471,No
32472,No
32473,Yes
32474,No
32475,Yes
32476,Yes
32477,No
32478,No
32479,No
32480,No
32481,No
32482,No
32483,Yes
32484,No
32485,No
32486,Yes
32487,Yes
32488,Yes
32489,No
32490,No
32491,No
32492,No
32493,No
32494,No
32495,No
32496,Yes
32497,No
32498,No
32499,Yes
32500,No
32501,No
32502,No
32503,No
32504,No
32505,No
32506,No
32507,No
32508,No
32509,No
32510,No
32511,Yes
32512,No
32513,No
32514,No
32515,Yes
32516,Yes
32517,No
32518,No
32519,No
32520,No
32521,No
32522,No
32523,No
32524,Yes
32525,Yes
32526,No
32527,No
32528,No
32529,No
32530,No
32531,No
32532,Yes
32533,Yes
32534,Yes
32535,No
32536,No
32537,No
32538,No
32539,Yes
32540,No
32541,No
32542,No
32543,No
32544,No
32545,No
32546,No
32547,No
32548,No
32549,No
32550,No
32551,No
32552,No
32553,Yes
32554,Yes
32555,Yes
32556,No
32557,No
32558,Yes
32559,Yes
32560,No
32561,Yes
32562,No
32563,No
32564,No
32565,Yes
32566,No
32567,No
32568,No
32569,No
32570,Yes
32571,No
32572,No
32573,Yes
32574,Yes
32575,No
32576,No
32577,No
32578,No
32579,No
32580,No
32581,No
32582,Yes
32583,No
32584,No
32585,No
32586,No
32587,Yes
32588,Yes
32589,No
32590,No
32591,No
32592,No
32593,Yes
32594,No
32595,Yes
32596,No
32597,Yes
32598,No
32599,No
32600,Yes
32601,No
32602,No
32603,No
32604,No
32605,No
32606,Yes
32607,Yes
32608,No
32609,No
32610,Yes
32611,No
32612,No
32613,Yes
32614,No
32615,No
32616,No
32617,Yes
32618,Yes
32619,No
32620,No
32621,Yes
32622,Yes
32623,No
32624,No
32625,No
32626,No
32627,No
32628,Yes
32629,No
32630,No
32631,No
32632,No
32633,No
32634,Yes
32635,Yes
32636,No
32637,No
32638,No
32639,No
32640,No
32641,Yes
32642,No
32643,Yes
32644,No
32645,Yes
32646,No
32647,No
32648,No
32649,No
32650,Yes
32651,No
32652,No
32653,No
32654,No
32655,No
32656,No
32657,No
32658,No
32659,Yes
32660,Yes
32661,No
32662,Yes
32663,Yes
32664,No
32665,No
32666,No
32667,No
32668,No
32669,Yes
32670,No
32671,No
32672,No
32673,No
32674,Yes
32675,No
32676,No
32677,No
32678,Yes
32679,No
32680,No
32681,Yes
32682,Yes
32683,No
32684,No
32685,No
32686,Yes
32687,No
32688,No
32689,No
32690,Yes
32691,Yes
32692,No
32693,No
32694,Yes
32695,No
32696,No
32697,No
32698,No
32699,No
32700,No
32701,No
32702,No
32703,No
32704,Yes
32705,Yes
32706,Yes
32707,No
32708,Yes
32709,No
32710,Yes
32711,No
32712,Yes
32713,No
32714,No
32715,No
32716,No
32717,No
32718,No
32719,No
32720,No
32721,Yes
32722,Yes
32723,Yes
32724,No
32725,No
32726,Yes
32727,Yes
32728,No
32729,No
32730,No
32731,No
32732,No
32733,No
32734,Yes
32735,No
32736,Yes
32737,No
32738,Yes
32739,No
32740,No
32741,No
32742,Yes
32743,Yes
32744,No
32745,No
32746,No
32747,No
32748,No
32749,No
32750,No
32751,No
32752,No
32753,Yes
32754,Yes
32755,No
32756,No
32757,No
32758,No
32759,No
32760,No
32761,No
32762,No
32763,No
32764,Yes
32765,No
32766,No
32767,No
32768,No
32769,No
32770,Yes
32771,Yes
32772,No
32773,No
32774,No
32775,No
32776,No
32777,No
32778,No
32779,No
32780,No
32781,Yes
32782,Yes
32783,No
32784,No
32785,No
32786,No
32787,No
32788,Yes
32789,No
32790,No
32791,No
32792,No
32793,No
32794,No
32795,No
32796,Yes
32797,Yes
32798,No
32799,No
32800,No
32801,No
32802,No
32803,Yes
32804,Yes
32805,No
32806,No
32807,No
32808,Yes
32809,No
32810,No
32811,No
32812,No
32813,No
32814,No
32815,Yes
32816,Yes
32817,No
32818,No
32819,No
32820,Yes
32821,No
32822,Yes
32823,No
32824,No
32825,Yes
32826,No
32827,No
32828,No
32829,No
32830,No
32831,No
32832,Yes
32833,Yes
32834,No
32835,No
32836,No
32837,No
32838,No
32839,No
32840,No
32841,Yes
32842,Yes
32843,No
32844,No
32845,No
32846,Yes
32847,No
32848,No
32849,No
32850,Yes
32851,No
32852,No
32853,Yes
32854,No
32855,No
32856,Yes
32857,No
32858,No
32859,No
32860,Yes
32861,Yes
32862,Yes
32863,No
32864,Yes
32865,Yes
32866,Yes
32867,Yes
32868,No
32869,No
32870,No
32871,Yes
32872,No
32873,Yes
32874,No
32875,No
32876,No
32877,No
32878,No
32879,No
32880,No
32881,No
32882,No
32883,Yes
32884,No
32885,Yes
32886,Yes
32887,Yes
32888,No
32889,No
32890,No
32891,No
32892,No
32893,Yes
32894,No
32895,No
32896,No
32897,No
32898,No
32899,Yes
32900,No
32901,No
32902,No
32903,No
32904,No
32905,Yes
32906,No
32907,Yes
32908,No
32909,No
32910,No
32911,No
32912,Yes
32913,No
32914,No
32915,No
32916,No
32917,No
32918,No
32919,No
32920,No
32921,Yes
32922,No
32923,No
32924,No
32925,No
32926,No
32927,No
32928,No
32929,No
32930,No
32931,Yes
32932,Yes
32933,No
32934,Yes
32935,No
32936,No
32937,No
32938,No
32939,Yes
32940,Yes
32941,No
32942,Yes
32943,Yes
32944,Yes
32945,No
32946,No
32947,No
32948,No
32949,Yes
32950,No
32951,No
32952,Yes
32953,Yes
32954,No
32955,No
32956,No
32957,No
32958,Yes
32959,Yes
32960,Yes
32961,No
32962,No
32963,No
32964,No
32965,No
32966,Yes
32967,Yes
32968,No
32969,No
32970,No
32971,Yes
32972,No
32973,Yes
32974,No
32975,Yes
32976,No
32977,No
32978,No
32979,No
32980,No
32981,No
32982,No
32983,No
32984,Yes
32985,No
32986,Yes
32987,Yes
32988,No
32989,No
32990,No
32991,Yes
32992,No
32993,No
32994,No
32995,No
32996,No
32997,Yes
32998,No
32999,Yes
33000,No
33001,No
33002,Yes
33003,No
33004,Yes
33005,No
33006,No
33007,Yes
33008,Yes
33009,Yes
33010,Yes
33011,No
33012,Yes
33013,No
33014,No
33015,No
33016,No
33017,No
33018,Yes
33019,Yes
33020,No
33021,No
33022,Yes
33023,No
33024,No
33025,Yes
33026,No
33027,No
33028,No
33029,No
33030,Yes
33031,No
33032,Yes
33033,No
33034,No
33035,No
33036,No
33037,No
33038,No
33039,No
33040,No
33041,No
33042,No
33043,No
33044,Yes
33045,No
33046,No
33047,No
33048,No
33049,No
33050,No
33051,Yes
33052,No
33053,No
33054,Yes
33055,No
33056,No
33057,No
33058,No
33059,No
33060,Yes
33061,No
33062,No
33063,No
33064,Yes
33065,Yes
33066,No
33067,No
33068,No
33069,No
33070,No
33071,Yes
33072,No
33073,No
33074,Yes
33075,Yes
33076,No
33077,Yes
33078,No
33079,Yes
33080,No
33081,No
33082,No
33083,No
33084,No
33085,No
33086,No
33087,No
33088,Yes
33089,Yes
33090,No
33091,No
33092,No
33093,No
33094,No
33095,No
33096,No
33097,Yes
33098,No
33099,No
33100,Yes
33101,No
33102,No
33103,No
33104,Yes
33105,No
33106,No
33107,No
33108,No
33109,Yes
33110,No
33111,No
33112,No
33113,No
33114,No
33115,Yes
33116,No
33117,No
33118,No
33119,No
33120,No
33121,No
33122,No
33123,No
33124,Yes
33125,No
33126,No
33127,No
33128,Yes
33129,No
33130,No
33131,No
33132,No
33133,Yes
33134,No
33135,No
33136,No
33137,Yes
33138,No
33139,No
33140,No
33141,No
33142,No
33143,Yes
33144,No
33145,Yes
33146,No
33147,No
33148,No
33149,No
33150,No
33151,No
33152,No
33153,No
33154,No
33155,No
33156,No
33157,No
33158,Yes
33159,Yes
33160,No
33161,No
33162,No
33163,No
33164,Yes
33165,Yes
33166,Yes
33167,Yes
33168,Yes
33169,Yes
33170,No
33171,No
33172,Yes
33173,No
33174,No
33175,No
33176,No
33177,No
33178,No
33179,No
33180,No
33181,No
33182,No
33183,Yes
33184,No
33185,No
33186,Yes
33187,No
33188,Yes
33189,No
33190,Yes
33191,No
33192,No
33193,Yes
33194,Yes
33195,No
33196,No
33197,Yes
33198,No
33199,No
33200,No
33201,No
33202,No
33203,Yes
33204,No
33205,No
33206,Yes
33207,No
33208,No
33209,Yes
33210,No
33211,No
33212,Yes
33213,Yes
33214,No
33215,No
33216,No
33217,No
33218,No
33219,No
33220,No
33221,Yes
33222,Yes
33223,No
33224,No
33225,No
33226,Yes
33227,Yes
33228,Yes
33229,No
33230,No
33231,No
33232,No
33233,No
33234,No
33235,No
33236,No
33237,No
33238,Yes
33239,No
33240,No
33241,No
33242,No
33243,Yes
33244,No
33245,No
33246,No
33247,Yes
33248,No
33249,No
33250,No
33251,Yes
33252,No
33253,No
33254,No
33255,No
33256,Yes
33257,Yes
33258,No
33259,No
33260,No
33261,Yes
33262,Yes
33263,No
33264,Yes
33265,No
33266,Yes
33267,No
33268,No
33269,No
33270,No
33271,No
33272,No
33273,No
33274,Yes
33275,No
33276,No
33277,No
33278,No
33279,Yes
33280,No
33281,No
33282,No
33283,Yes
33284,No
33285,No
33286,No
33287,No
33288,No
33289,Yes
33290,No
33291,Yes
33292,No
33293,No
33294,No
33295,No
33296,No
33297,No
33298,No
33299,No
33300,No
33301,Yes
33302,No
33303,No
33304,No
33305,Yes
33306,Yes
33307,No
33308,Yes
33309,No
33310,Yes
33311,No
33312,No
33313,No
33314,No
33315,No
33316,Yes
33317,Yes
33318,No
33319,Yes
33320,No
33321,Yes
33322,Yes
33323,Yes
33324,Yes
33325,No
33326,No
33327,Yes
33328,No
33329,No
33330,No
33331,No
33332,Yes
33333,No
33334,No
33335,No
33336,Yes
33337,No
33338,Yes
33339,Yes
33340,No
33341,Yes
33342,Yes
33343,No
33344,No
33345,No
33346,No
33347,No
33348,No
33349,No
33350,No
33351,No
33352,Yes
33353,Yes
33354,Yes
33355,No
33356,No
33357,No
33358,No
33359,No
33360,No
33361,No
33362,No
33363,No
33364,No
33365,Yes
33366,No
33367,No
33368,No
33369,No
33370,No
33371,Yes
33372,No
33373,No
33374,No
33375,No
33376,No
33377,Yes
33378,No
33379,No
33380,No
33381,No
33382,No
33383,Yes
33384,No
33385,No
33386,No
33387,No
33388,No
33389,No
33390,Yes
33391,No
33392,No
33393,Yes
33394,No
33395,Yes
33396,No
33397,No
33398,No
33399,No
33400,No
33401,No
33402,No
33403,No
33404,No
33405,No
33406,No
33407,Yes
33408,No
33409,Yes
33410,No
33411,No
33412,No
33413,No
33414,No
33415,No
33416,No
33417,No
33418,Yes
33419,No
33420,No
33421,Yes
33422,No
33423,No
33424,Yes
33425,No
33426,No
33427,No
33428,Yes
33429,No
33430,No
33431,No
33432,No
33433,No
33434,Yes
33435,No
33436,Yes
33437,No
33438,No
33439,No
33440,No
33441,No
33442,Yes
33443,No
33444,Yes
33445,No
33446,Yes
33447,Yes
33448,No
33449,No
33450,No
33451,No
33452,No
33453,No
33454,No
33455,Yes
33456,No
33457,No
33458,No
33459,No
33460,No
33461,No
33462,No
33463,Yes
33464,No
33465,No
33466,No
33467,Yes
33468,Yes
33469,No
33470,No
33471,No
33472,No
33473,No
33474,No
33475,No
33476,Yes
33477,No
33478,No
33479,No
33480,No
33481,No
33482,No
33483,No
33484,Yes
33485,No
33486,No
33487,Yes
33488,No
33489,No
33490,No
33491,Yes
33492,No
33493,No
33494,No
33495,No
33496,No
33497,No
33498,No
33499,Yes
33500,Yes
33501,No
33502,No
33503,Yes
33504,Yes
33505,No
33506,Yes
33507,No
33508,Yes
33509,No
33510,Yes
33511,Yes
33512,No
33513,No
33514,No
33515,No
33516,Yes
33517,Yes
33518,Yes
33519,No
33520,No
33521,No
33522,No
33523,Yes
33524,No
33525,Yes
33526,No
33527,No
33528,Yes
33529,No
33530,No
33531,No
33532,No
33533,No
33534,Yes
33535,No
33536,No
33537,No
33538,Yes
33539,Yes
33540,No
33541,Yes
33542,No
33543,Yes
33544,No
33545,No
33546,Yes
33547,No
33548,No
33549,No
33550,No
33551,No
33552,No
33553,Yes
33554,No
33555,No
33556,No
33557,No
33558,No
33559,No
33560,No
33561,No
33562,No
33563,No
33564,No
33565,Yes
33566,No
33567,Yes
33568,No
33569,Yes
33570,No
33571,No
33572,No
33573,No
33574,No
33575,No
33576,Yes
33577,No
33578,No
33579,Yes
33580,Yes
33581,Yes
33582,No
33583,No
33584,No
33585,No
33586,No
33587,Yes
33588,No
33589,No
33590,No
33591,No
33592,Yes
33593,No
33594,No
33595,Yes
33596,Yes
33597,No
33598,Yes
33599,Yes
33600,No
33601,Yes
33602,No
33603,No
33604,No
33605,No
33606,Yes
33607,Yes
33608,No
33609,No
33610,No
33611,No
33612,No
33613,No
33614,Yes
33615,No
33616,No
33617,No
33618,Yes
33619,No
33620,No
33621,Yes
33622,No
33623,No
33624,No
33625,No
33626,No
33627,Yes
33628,Yes
33629,No
33630,No
33631,No
33632,Yes
33633,No
33634,Yes
33635,Yes
33636,No
33637,No
33638,Yes
33639,No
33640,No
33641,Yes
33642,No
33643,No
33644,No
33645,No
33646,No
33647,No
33648,No
33649,No
33650,No
33651,No
33652,No
33653,Yes
33654,No
33655,No
33656,No
33657,No
33658,No
33659,Yes
33660,Yes
33661,No
33662,No
33663,No
33664,No
33665,No
33666,Yes
33667,Yes
33668,No
33669,No
33670,No
33671,No
33672,No
33673,No
33674,Yes
33675,Yes
33676,Yes
33677,No
33678,No
33679,No
33680,No
33681,Yes
33682,No
33683,No
33684,No
33685,No
33686,No
33687,Yes
33688,Yes
33689,Yes
33690,No
33691,No
33692,No
33693,No
33694,No
33695,No
33696,Yes
33697,No
33698,No
33699,No
33700,No
33701,No
33702,No
33703,Yes
33704,No
33705,No
33706,No
33707,Yes
33708,No
33709,Yes
33710,No
33711,No
33712,No
33713,No
33714,No
33715,No
33716,Yes
33717,Yes
33718,No
33719,No
33720,No
33721,Yes
33722,No
33723,Yes
33724,No
33725,No
33726,No
33727,No
33728,Yes
33729,No
33730,Yes
33731,No
33732,No
33733,No
33734,No
33735,No
33736,No
33737,Yes
33738,No
33739,No
33740,No
33741,Yes
33742,No
33743,No
33744,No
33745,No
33746,Yes
33747,No
33748,Yes
33749,No
33750,No
33751,No
33752,No
33753,No
33754,No
33755,No
33756,Yes
33757,Yes
33758,Yes
33759,Yes
33760,Yes
33761,Yes
33762,Yes
33763,No
33764,No
33765,No
33766,No
33767,No
33768,Yes
33769,No
33770,Yes
33771,Yes
33772,No
33773,Yes
33774,Yes
33775,No
33776,No
33777,No
33778,Yes
33779,No
33780,Yes
33781,No
33782,No
33783,No
33784,No
33785,No
33786,Yes
33787,No
33788,No
33789,No
33790,No
33791,No
33792,No
33793,No
33794,Yes
33795,No
33796,Yes
33797,No
33798,No
33799,No
33800,No
33801,No
33802,No
33803,No
33804,No
33805,Yes
33806,Yes
33807,No
33808,No
33809,Yes
33810,No
33811,Yes
33812,No
33813,No
33814,Yes
33815,No
33816,No
33817,No
33818,Yes
33819,No
33820,No
33821,Yes
33822,Yes
33823,No
33824,Yes
33825,No
33826,No
33827,Yes
33828,No
33829,No
33830,No
33831,Yes
33832,No
33833,No
33834,No
33835,No
33836,No
33837,No
33838,No
33839,No
33840,Yes
33841,No
33842,No
33843,Yes
33844,No
33845,Yes
33846,Yes
33847,Yes
33848,Yes
33849,No
33850,No
33851,No
33852,No
33853,No
33854,Yes
33855,No
33856,No
33857,No
33858,No
33859,No
33860,No
33861,No
33862,No
33863,No
33864,No
33865,Yes
33866,No
33867,No
33868,No
33869,Yes
33870,No
33871,No
33872,No
33873,No
33874,No
33875,Yes
33876,No
33877,Yes
33878,No
33879,Yes
33880,No
33881,No
33882,No
33883,Yes
33884,No
33885,No
33886,No
33887,No
33888,No
33889,Yes
33890,No
33891,No
33892,Yes
33893,No
33894,No
33895,No
33896,Yes
33897,No
33898,Yes
33899,No
33900,Yes
33901,No
33902,No
33903,No
33904,No
33905,No
33906,No
33907,No
33908,Yes
33909,No
33910,No
33911,Yes
33912,No
33913,No
33914,No
33915,Yes
33916,Yes
33917,No
33918,No
33919,No
33920,Yes
33921,No
33922,Yes
33923,No
33924,No
33925,No
33926,No
33927,Yes
33928,No
33929,No
33930,Yes
33931,Yes
33932,No
33933,Yes
33934,No
33935,No
33936,No
33937,No
33938,Yes
33939,No
33940,No
33941,Yes
33942,Yes
33943,No
33944,No
33945,Yes
33946,No
33947,No
33948,No
33949,No
33950,No
33951,No
33952,Yes
33953,No
33954,No
33955,No
33956,No
33957,No
33958,No
33959,Yes
33960,No
33961,No
33962,Yes
33963,No
33964,Yes
33965,Yes
33966,No
33967,No
33968,No
33969,Yes
33970,Yes
33971,No
33972,No
33973,Yes
33974,No
33975,No
33976,No
33977,No
33978,No
33979,No
33980,Yes
33981,No
33982,Yes
33983,No
33984,Yes
33985,No
33986,Yes
33987,No
33988,Yes
33989,No
33990,No
33991,No
33992,Yes
33993,No
33994,Yes
33995,No
33996,Yes
33997,Yes
33998,No
33999,No
34000,No
34001,Yes
34002,No
34003,Yes
34004,No
34005,No
34006,No
34007,No
34008,No
34009,No
34010,No
34011,Yes
34012,Yes
34013,No
34014,No
34015,Yes
34016,No
34017,Yes
34018,No
34019,Yes
34020,Yes
34021,No
34022,No
34023,No
34024,No
34025,No
34026,No
34027,No
34028,No
34029,No
34030,No
34031,No
34032,Yes
34033,Yes
34034,Yes
34035,No
34036,No
34037,Yes
34038,No
34039,No
34040,No
34041,No
34042,No
34043,No
34044,No
34045,No
34046,No
34047,No
34048,Yes
34049,Yes
34050,No
34051,No
34052,No
34053,No
34054,No
34055,No
34056,Yes
34057,No
34058,No
34059,No
34060,No
34061,No
34062,Yes
34063,No
34064,No
34065,No
34066,No
34067,Yes
34068,No
34069,No
34070,Yes
34071,No
34072,No
34073,Yes
34074,Yes
34075,No
34076,No
34077,No
34078,No
34079,No
34080,No
34081,No
34082,No
34083,No
34084,No
34085,No
34086,No
34087,Yes
34088,Yes
34089,No
34090,No
34091,No
34092,No
34093,No
34094,No
34095,No
34096,No
34097,No
34098,Yes
34099,No
34100,No
34101,Yes
34102,Yes
34103,No
34104,Yes
34105,No
34106,No
34107,No
34108,Yes
34109,No
34110,No
34111,No
34112,No
34113,No
34114,No
34115,No
34116,No
34117,No
34118,No
34119,No
34120,No
34121,No
34122,No
34123,No
34124,Yes
34125,Yes
34126,No
34127,No
34128,No
34129,Yes
34130,No
34131,Yes
34132,No
34133,Yes
34134,No
34135,No
34136,Yes
34137,No
34138,Yes
34139,No
34140,No
34141,No
34142,No
34143,No
34144,No
34145,No
34146,No
34147,Yes
34148,No
34149,No
34150,No
34151,Yes
34152,No
34153,No
34154,No
34155,No
34156,No
34157,No
34158,No
34159,No
34160,Yes
34161,No
34162,No
34163,No
34164,Yes
34165,Yes
34166,No
34167,No
34168,Yes
34169,No
34170,No
34171,Yes
34172,Yes
34173,No
34174,No
34175,No
34176,Yes
34177,No
34178,No
34179,No
34180,Yes
34181,No
34182,Yes
34183,Yes
34184,Yes
34185,Yes
34186,No
34187,No
34188,No
34189,No
34190,Yes
34191,No
34192,No
34193,No
34194,No
34195,Yes
34196,Yes
34197,No
34198,No
34199,No
34200,No
34201,No
34202,No
34203,No
34204,No
34205,Yes
34206,Yes
34207,Yes
34208,No
34209,No
34210,Yes
34211,No
34212,Yes
34213,No
34214,No
34215,Yes
34216,No
34217,No
34218,No
34219,Yes
34220,Yes
34221,No
34222,No
34223,Yes
34224,No
34225,Yes
34226,Yes
34227,No
34228,No
34229,No
34230,No
34231,Yes
34232,No
34233,Yes
34234,No
34235,No
34236,No
34237,Yes
34238,No
34239,No
34240,No
34241,No
34242,Yes
34243,No
34244,No
34245,No
34246,No
34247,No
34248,No
34249,No
34250,No
34251,No
34252,No
34253,Yes
34254,No
34255,Yes
34256,Yes
34257,Yes
34258,No
34259,No
34260,Yes
34261,No
34262,No
34263,No
34264,No
34265,No
34266,Yes
34267,No
34268,Yes
34269,Yes
34270,No
34271,No
34272,No
34273,Yes
34274,No
34275,No
34276,No
34277,No
34278,Yes
34279,No
34280,No
34281,Yes
34282,No
34283,No
34284,Yes
34285,No
34286,Yes
34287,No
34288,No
34289,Yes
34290,No
34291,No
34292,No
34293,No
34294,No
34295,No
34296,Yes
34297,No
34298,No
34299,No
34300,Yes
34301,No
34302,Yes
34303,No
34304,No
34305,No
34306,Yes
34307,No
34308,Yes
34309,Yes
34310,No
34311,No
34312,No
34313,Yes
34314,Yes
34315,No
34316,Yes
34317,No
34318,No
34319,No
34320,No
34321,No
34322,Yes
34323,No
34324,No
34325,No
34326,No
34327,No
34328,No
34329,No
34330,No
34331,No
34332,No
34333,No
34334,No
34335,No
34336,No
34337,No
34338,No
34339,No
34340,Yes
34341,Yes
34342,No
34343,No
34344,Yes
34345,No
34346,No
34347,No
34348,No
34349,Yes
34350,No
34351,No
34352,No
34353,No
34354,No
34355,Yes
34356,No
34357,No
34358,No
34359,No
34360,Yes
34361,No
34362,No
34363,Yes
34364,No
34365,No
34366,Yes
34367,No
34368,No
34369,Yes
34370,No
34371,No
34372,No
34373,No
34374,No
34375,No
34376,Yes
34377,Yes
34378,Yes
34379,Yes
34380,No
34381,No
34382,No
34383,No
34384,No
34385,No
34386,No
34387,No
34388,No
34389,No
34390,Yes
34391,No
34392,Yes
34393,No
34394,No
34395,No
34396,Yes
34397,Yes
34398,No
34399,No
34400,Yes
34401,No
34402,No
34403,No
34404,Yes
34405,Yes
34406,No
34407,No
34408,No
34409,No
34410,No
34411,Yes
34412,Yes
34413,No
34414,No
34415,No
34416,No
34417,No
34418,No
34419,Yes
34420,No
34421,Yes
34422,Yes
34423,No
34424,No
34425,Yes
34426,No
34427,No
34428,Yes
34429,Yes
34430,No
34431,Yes
34432,No
34433,No
34434,No
34435,No
34436,No
34437,No
34438,No
34439,No
34440,No
34441,No
34442,Yes
34443,No
34444,No
34445,No
34446,No
34447,Yes
34448,Yes
34449,No
34450,Yes
34451,No
34452,No
34453,Yes
34454,No
34455,No
34456,No
34457,No
34458,No
34459,No
34460,No
34461,No
34462,No
34463,No
34464,Yes
34465,No
34466,Yes
34467,No
34468,No
34469,No
34470,No
34471,Yes
34472,No
34473,No
34474,Yes
34475,Yes
34476,Yes
34477,Yes
34478,No
34479,No
34480,Yes
34481,Yes
34482,Yes
34483,No
34484,No
34485,No
34486,No
34487,No
34488,Yes
34489,No
34490,No
34491,No
34492,No
34493,Yes
34494,Yes
34495,No
34496,No
34497,No
34498,No
34499,No
34500,No
34501,Yes
34502,No
34503,No
34504,No
34505,No
34506,No
34507,No
34508,Yes
34509,No
34510,No
34511,Yes
34512,No
34513,No
34514,No
34515,No
34516,No
34517,No
34518,Yes
34519,Yes
34520,No
34521,Yes
34522,No
34523,Yes
34524,No
34525,No
34526,Yes
34527,No
34528,No
34529,No
34530,No
34531,No
34532,No
34533,No
34534,Yes
34535,No
34536,No
34537,No
34538,No
34539,No
34540,No
34541,No
34542,Yes
34543,No
34544,No
34545,No
34546,No
34547,No
34548,No
34549,Yes
34550,No
34551,No
34552,No
34553,No
34554,No
34555,No
34556,Yes
34557,No
34558,No
34559,No
34560,No
34561,Yes
34562,No
34563,No
34564,Yes
34565,Yes
34566,Yes
34567,No
34568,Yes
34569,Yes
34570,No
34571,No
34572,Yes
34573,Yes
34574,No
34575,No
34576,Yes
34577,No
34578,No
34579,Yes
34580,Yes
34581,No
34582,Yes
34583,No
34584,No
34585,No
34586,No
34587,No
34588,No
34589,No
34590,No
34591,Yes
34592,No
34593,Yes
34594,Yes
34595,No
34596,Yes
34597,Yes
34598,No
34599,Yes
34600,No
34601,Yes
34602,No
34603,No
34604,No
34605,No
34606,No
34607,No
34608,No
34609,No
34610,No
34611,No
34612,No
34613,No
34614,No
34615,No
34616,No
34617,Yes
34618,Yes
34619,No
34620,No
34621,No
34622,No
34623,Yes
34624,No
34625,No
34626,No
34627,No
34628,No
34629,No
34630,Yes
34631,No
34632,No
34633,No
34634,No
34635,No
34636,No
34637,Yes
34638,Yes
34639,Yes
34640,No
34641,Yes
34642,No
34643,No
34644,No
34645,Yes
34646,No
34647,No
34648,No
34649,No
34650,Yes
34651,Yes
34652,No
34653,No
34654,Yes
34655,No
34656,Yes
34657,Yes
34658,No
34659,No
34660,No
34661,No
34662,No
34663,No
34664,No
34665,No
34666,No
34667,No
34668,Yes
34669,No
34670,Yes
34671,No
34672,Yes
34673,No
34674,Yes
34675,No
34676,No
34677,Yes
34678,No
34679,No
34680,Yes
34681,No
34682,No
34683,Yes
34684,No
34685,Yes
34686,No
34687,No
34688,No
34689,No
34690,Yes
34691,No
34692,Yes
34693,Yes
34694,Yes
34695,Yes
34696,No
34697,No
34698,Yes
34699,No
34700,Yes
34701,No
34702,No
34703,Yes
34704,No
34705,No
34706,No
34707,No
34708,No
34709,No
34710,No
34711,Yes
34712,No
34713,Yes
34714,No
34715,No
34716,No
34717,No
34718,No
34719,No
34720,No
34721,Yes
34722,Yes
34723,No
34724,No
34725,No
34726,No
34727,No
34728,Yes
34729,No
34730,Yes
34731,No
34732,Yes
34733,No
34734,No
34735,No
34736,No
34737,No
34738,No
34739,Yes
34740,Yes
34741,Yes
34742,No
34743,No
34744,Yes
34745,Yes
34746,No
34747,No
34748,Yes
34749,No
34750,Yes
34751,No
34752,No
34753,No
34754,No
34755,No
34756,No
34757,No
34758,No
34759,No
34760,No
34761,No
34762,No
34763,No
34764,No
34765,No
34766,No
34767,Yes
34768,No
34769,No
34770,No
34771,Yes
34772,No
34773,Yes
34774,No
34775,Yes
34776,No
34777,Yes
34778,No
34779,No
34780,No
34781,No
34782,Yes
34783,No
34784,No
34785,No
34786,Yes
34787,Yes
34788,No
34789,No
34790,No
34791,No
34792,Yes
34793,No
34794,Yes
34795,Yes
34796,Yes
34797,Yes
34798,No
34799,No
34800,No
34801,No
34802,Yes
34803,No
34804,No
34805,Yes
34806,No
34807,No
34808,No
34809,Yes
34810,No
34811,No
34812,No
34813,No
34814,No
34815,No
34816,No
34817,No
34818,No
34819,No
34820,No
34821,Yes
34822,No
34823,No
34824,Yes
34825,No
34826,Yes
34827,No
34828,No
34829,No
34830,No
34831,No
34832,No
34833,No
34834,Yes
34835,Yes
34836,No
34837,No
34838,Yes
34839,Yes
34840,Yes
34841,Yes
34842,Yes
34843,Yes
34844,Yes
34845,No
34846,No
34847,Yes
34848,No
34849,No
34850,No
34851,No
34852,Yes
34853,Yes
34854,No
34855,No
34856,Yes
34857,Yes
34858,Yes
34859,No
34860,Yes
34861,Yes
34862,No
34863,Yes
34864,No
34865,No
34866,No
34867,No
34868,Yes
34869,No
34870,No
34871,Yes
34872,No
34873,Yes
34874,No
34875,No
34876,Yes
34877,No
34878,No
34879,No
34880,No
34881,No
34882,Yes
34883,Yes
34884,Yes
34885,Yes
34886,No
34887,No
34888,No
34889,Yes
34890,No
34891,No
34892,No
34893,No
34894,No
34895,No
34896,No
34897,Yes
34898,No
34899,No
34900,No
34901,No
34902,No
34903,Yes
34904,Yes
34905,No
34906,No
34907,No
34908,Yes
34909,No
34910,No
34911,No
34912,Yes
34913,No
34914,No
34915,No
34916,No
34917,No
34918,Yes
34919,No
34920,Yes
34921,No
34922,Yes
34923,No
34924,No
34925,No
34926,No
34927,No
34928,No
34929,No
34930,No
34931,No
34932,No
34933,Yes
34934,Yes
34935,No
34936,No
34937,No
34938,No
34939,No
34940,Yes
34941,No
34942,No
34943,No
34944,No
34945,Yes
34946,No
34947,No
34948,No
34949,No
34950,No
34951,Yes
34952,Yes
34953,No
34954,No
34955,No
34956,No
34957,No
34958,No
34959,Yes
34960,Yes
34961,No
34962,No
34963,No
34964,No
34965,Yes
34966,No
34967,No
34968,Yes
34969,No
34970,Yes
34971,No
34972,No
34973,Yes
34974,Yes
34975,No
34976,No
34977,No
34978,Yes
34979,No
34980,No
34981,No
34982,Yes
34983,No
34984,Yes
34985,No
34986,Yes
34987,No
34988,No
34989,No
34990,No
34991,No
34992,No
34993,No
34994,No
34995,Yes
34996,Yes
34997,No
34998,No
34999,No
35000,No
35001,Yes
35002,No
35003,Yes
35004,Yes
35005,No
35006,No
35007,No
35008,Yes
35009,Yes
35010,No
35011,No
35012,No
35013,Yes
35014,No
35015,No
35016,Yes
35017,No
35018,No
35019,Yes
35020,No
35021,Yes
35022,No
35023,No
35024,No
35025,No
35026,No
35027,No
35028,No
35029,No
35030,No
35031,No
35032,No
35033,No
35034,No
35035,No
35036,No
35037,No
35038,No
35039,No
35040,No
35041,Yes
35042,Yes
35043,No
35044,No
35045,No
35046,Yes
35047,Yes
35048,No
35049,No
35050,Yes
35051,No
35052,No
35053,No
35054,Yes
35055,No
35056,No
35057,No
35058,No
35059,Yes
35060,No
35061,No
35062,No
35063,No
35064,No
35065,No
35066,Yes
35067,Yes
35068,No
35069,No
35070,No
35071,Yes
35072,No
35073,Yes
35074,No
35075,No
35076,Yes
35077,No
35078,No
35079,Yes
35080,No
35081,No
35082,Yes
35083,No
35084,No
35085,No
35086,Yes
35087,No
35088,Yes
35089,No
35090,No
35091,No
35092,Yes
35093,No
35094,No
35095,No
35096,No
35097,No
35098,No
35099,Yes
35100,No
35101,No
35102,No
35103,No
35104,Yes
35105,No
35106,Yes
35107,Yes
35108,No
35109,No
35110,Yes
35111,No
35112,No
35113,Yes
35114,No
35115,No
35116,No
35117,No
35118,No
35119,No
35120,No
35121,Yes
35122,No
35123,No
35124,Yes
35125,No
35126,No
35127,No
35128,No
35129,No
35130,No
35131,Yes
35132,No
35133,No
35134,No
35135,No
35136,No
35137,No
35138,No
35139,Yes
35140,Yes
35141,No
35142,Yes
35143,No
35144,No
35145,Yes
35146,Yes
35147,Yes
35148,No
35149,No
35150,No
35151,Yes
35152,No
35153,No
35154,No
35155,Yes
35156,Yes
35157,No
35158,No
35159,Yes
35160,No
35161,Yes
35162,Yes
35163,No
35164,No
35165,No
35166,Yes
35167,Yes
35168,No
35169,No
35170,No
35171,No
35172,Yes
35173,No
35174,No
35175,No
35176,No
35177,No
35178,No
35179,Yes
35180,No
35181,No
35182,No
35183,No
35184,Yes
35185,No
35186,No
35187,No
35188,Yes
35189,No
35190,No
35191,Yes
35192,No
35193,Yes
35194,No
35195,No
35196,No
35197,No
35198,No
35199,Yes
35200,No
35201,No
35202,Yes
35203,No
35204,No
35205,No
35206,No
35207,No
35208,No
35209,Yes
35210,No
35211,No
35212,Yes
35213,No
35214,No
35215,No
35216,Yes
35217,No
35218,No
35219,No
35220,No
35221,No
35222,Yes
35223,No
35224,No
35225,No
35226,No
35227,No
35228,No
35229,No
35230,No
35231,No
35232,No
35233,No
35234,No
35235,No
35236,No
35237,No
35238,No
35239,Yes
35240,No
35241,No
35242,No
35243,No
35244,Yes
35245,No
35246,No
35247,No
35248,No
35249,Yes
35250,Yes
35251,Yes
35252,No
35253,Yes
35254,No
35255,No
35256,No
35257,No
35258,No
35259,No
35260,No
35261,No
35262,Yes
35263,No
35264,No
35265,Yes
35266,No
35267,No
35268,Yes
35269,No
35270,No
35271,No
35272,Yes
35273,No
35274,No
35275,No
35276,No
35277,No
35278,No
35279,No
35280,No
35281,No
35282,No
35283,No
35284,No
35285,No
35286,No
35287,No
35288,No
35289,No
35290,Yes
35291,Yes
35292,No
35293,No
35294,No
35295,No
35296,No
35297,No
35298,Yes
35299,No
35300,Yes
35301,Yes
35302,Yes
35303,No
35304,Yes
35305,No
35306,No
35307,No
35308,No
35309,No
35310,Yes
35311,No
35312,No
35313,No
35314,No
35315,No
35316,No
35317,No
35318,Yes
35319,No
35320,No
35321,No
35322,No
35323,No
35324,No
35325,No
35326,Yes
35327,No
35328,No
35329,No
35330,No
35331,No
35332,No
35333,No
35334,No
35335,No
35336,No
35337,No
35338,No
35339,Yes
35340,No
35341,No
35342,No
35343,No
35344,Yes
35345,Yes
35346,No
35347,No
35348,Yes
35349,No
35350,No
35351,No
35352,No
35353,Yes
35354,No
35355,No
35356,No
35357,No
35358,Yes
35359,No
35360,Yes
35361,No
35362,No
35363,No
35364,No
35365,No
35366,No
35367,No
35368,No
35369,Yes
35370,Yes
35371,Yes
35372,Yes
35373,No
35374,No
35375,Yes
35376,No
35377,No
35378,No
35379,No
35380,No
35381,No
35382,Yes
35383,No
35384,No
35385,No
35386,No
35387,No
35388,No
35389,No
35390,No
35391,Yes
35392,Yes
35393,Yes
35394,No
35395,No
35396,No
35397,No
35398,No
35399,No
35400,Yes
35401,No
35402,No
35403,No
35404,No
35405,No
35406,No
35407,No
35408,Yes
35409,Yes
35410,No
35411,No
35412,No
35413,No
35414,No
35415,No
35416,No
35417,Yes
35418,No
35419,No
35420,Yes
35421,No
35422,Yes
35423,No
35424,No
35425,Yes
35426,No
35427,Yes
35428,Yes
35429,No
35430,Yes
35431,Yes
35432,No
35433,No
35434,No
35435,No
35436,Yes
35437,Yes
35438,No
35439,No
35440,No
35441,No
35442,Yes
35443,Yes
35444,Yes
35445,Yes
35446,No
35447,No
35448,Yes
35449,Yes
35450,No
35451,No
35452,Yes
35453,Yes
35454,No
35455,No
35456,No
35457,Yes
35458,No
35459,Yes
35460,No
35461,No
35462,Yes
35463,No
35464,No
35465,No
35466,Yes
35467,Yes
35468,Yes
35469,No
35470,Yes
35471,No
35472,Yes
35473,No
35474,No
35475,Yes
35476,No
35477,No
35478,No
35479,No
35480,No
35481,No
35482,Yes
35483,No
35484,Yes
35485,Yes
35486,No
35487,Yes
35488,No
35489,No
35490,No
35491,No
35492,No
35493,No
35494,No
35495,No
35496,No
35497,No
35498,No
35499,No
35500,No
35501,No
35502,Yes
35503,No
35504,Yes
35505,Yes
35506,No
35507,Yes
35508,No
35509,No
35510,Yes
35511,No
35512,No
35513,No
35514,No
35515,Yes
35516,No
35517,No
35518,No
35519,Yes
35520,No
35521,Yes
35522,No
35523,No
35524,No
35525,No
35526,No
35527,Yes
35528,No
35529,Yes
35530,Yes
35531,No
35532,Yes
35533,No
35534,No
35535,No
35536,No
35537,Yes
35538,No
35539,No
35540,No
35541,Yes
35542,No
35543,Yes
35544,Yes
35545,No
35546,No
35547,No
35548,No
35549,No
35550,Yes
35551,No
35552,No
35553,Yes
35554,No
35555,Yes
35556,No
35557,No
35558,No
35559,No
35560,No
35561,No
35562,No
35563,No
35564,No
35565,No
35566,No
35567,Yes
35568,No
35569,No
35570,No
35571,Yes
35572,No
35573,No
35574,Yes
35575,Yes
35576,No
35577,Yes
35578,Yes
35579,Yes
35580,No
35581,No
35582,No
35583,No
35584,Yes
35585,Yes
35586,No
35587,No
35588,No
35589,Yes
35590,No
35591,No
35592,No
35593,No
35594,No
35595,No
35596,Yes
35597,No
35598,Yes
35599,Yes
35600,No
35601,No
35602,No
35603,No
35604,No
35605,No
35606,No
35607,No
35608,No
35609,No
35610,No
35611,No
35612,Yes
35613,No
35614,No
35615,No
35616,No
35617,No
35618,No
35619,No
35620,Yes
35621,Yes
35622,Yes
35623,No
35624,Yes
35625,No
35626,No
35627,No
35628,No
35629,Yes
35630,No
35631,No
35632,No
35633,No
35634,No
35635,Yes
35636,No
35637,No
35638,No
35639,Yes
35640,No
35641,No
35642,Yes
35643,No
35644,No
35645,Yes
35646,No
35647,No
35648,No
35649,Yes
35650,No
35651,No
35652,No
35653,No
35654,No
35655,No
35656,No
35657,Yes
35658,No
35659,No
35660,Yes
35661,No
35662,Yes
35663,No
35664,Yes
35665,No
35666,No
35667,No
35668,No
35669,Yes
35670,No
35671,No
35672,No
35673,Yes
35674,Yes
35675,Yes
35676,No
35677,Yes
35678,Yes
35679,No
35680,No
35681,No
35682,No
35683,No
35684,No
35685,Yes
35686,No
35687,Yes
35688,No
35689,No
35690,No
35691,No
35692,No
35693,No
35694,Yes
35695,Yes
35696,No
35697,No
35698,No
35699,No
35700,No
35701,No
35702,Yes
35703,No
35704,Yes
35705,No
35706,No
35707,No
35708,No
35709,No
35710,No
35711,No
35712,No
35713,No
35714,No
35715,No
35716,No
35717,No
35718,No
35719,Yes
35720,No
35721,No
35722,No
35723,Yes
35724,No
35725,No
35726,No
35727,No
35728,No
35729,Yes
35730,No
35731,No
35732,No
35733,Yes
35734,No
35735,No
35736,No
35737,No
35738,No
35739,Yes
35740,No
35741,No
35742,No
35743,No
35744,Yes
35745,No
35746,Yes
35747,Yes
35748,No
35749,No
35750,No
35751,No
35752,No
35753,No
35754,No
35755,Yes
35756,No
35757,No
35758,No
35759,No
35760,No
35761,No
35762,No
35763,No
35764,No
35765,No
35766,Yes
35767,Yes
35768,No
35769,No
35770,No
35771,No
35772,Yes
35773,No
35774,No
35775,Yes
35776,No
35777,No
35778,No
35779,No
35780,No
35781,Yes
35782,No
35783,No
35784,No
35785,Yes
35786,No
35787,Yes
35788,No
35789,No
35790,No
35791,No
35792,No
35793,No
35794,Yes
35795,Yes
35796,No
35797,No
35798,No
35799,Yes
35800,Yes
35801,No
35802,No
35803,No
35804,Yes
35805,No
35806,No
35807,No
35808,No
35809,Yes
35810,Yes
35811,No
35812,No
35813,No
35814,Yes
35815,No
35816,No
35817,No
35818,No
35819,No
35820,No
35821,No
35822,Yes
35823,Yes
35824,No
35825,No
35826,No
35827,No
35828,No
35829,No
35830,No
35831,Yes
35832,No
35833,No
35834,Yes
35835,Yes
35836,No
35837,No
35838,No
35839,No
35840,No
35841,Yes
35842,No
35843,No
35844,No
35845,No
35846,No
35847,Yes
35848,Yes
35849,No
35850,No
35851,No
35852,No
35853,No
35854,No
35855,Yes
35856,Yes
35857,No
35858,No
35859,No
35860,Yes
35861,No
35862,No
35863,No
35864,Yes
35865,No
35866,Yes
35867,No
35868,No
35869,No
35870,Yes
35871,Yes
35872,No
35873,No
35874,No
35875,No
35876,Yes
35877,No
35878,No
35879,No
35880,No
35881,No
35882,No
35883,No
35884,No
35885,No
35886,No
35887,No
35888,No
35889,No
35890,No
35891,No
35892,No
35893,No
35894,No
35895,Yes
35896,No
35897,Yes
35898,No
35899,No
35900,No
35901,No
35902,Yes
35903,No
35904,No
35905,Yes
35906,No
35907,No
35908,No
35909,No
35910,No
35911,Yes
35912,No
35913,No
35914,No
35915,No
35916,No
35917,No
35918,No
35919,No
35920,Yes
35921,Yes
35922,No
35923,No
35924,No
35925,No
35926,No
35927,No
35928,No
35929,No
35930,No
35931,No
35932,Yes
35933,No
35934,Yes
35935,No
35936,Yes
35937,Yes
35938,No
35939,No
35940,Yes
35941,No
35942,Yes
35943,Yes
35944,Yes
35945,Yes
35946,Yes
35947,No
35948,Yes
35949,No
35950,Yes
35951,No
35952,No
35953,No
35954,No
35955,No
35956,No
35957,No
35958,Yes
35959,No
35960,No
35961,No
35962,No
35963,No
35964,Yes
35965,No
35966,No
35967,No
35968,No
35969,No
35970,No
35971,No
35972,No
35973,No
35974,Yes
35975,No
35976,No
35977,No
35978,No
35979,No
35980,Yes
35981,No
35982,No
35983,No
35984,Yes
35985,No
35986,Yes
35987,No
35988,No
35989,No
35990,No
35991,No
35992,No
35993,No
35994,No
35995,Yes
35996,No
35997,No
35998,No
35999,Yes
36000,No
36001,Yes
36002,No
36003,No
36004,No
36005,Yes
36006,No
36007,No
36008,No
36009,Yes
36010,Yes
36011,Yes
36012,No
36013,No
36014,No
36015,No
36016,No
36017,No
36018,No
36019,No
36020,No
36021,No
36022,Yes
36023,No
36024,No
36025,No
36026,No
36027,Yes
36028,No
36029,No
36030,No
36031,Yes
36032,Yes
36033,No
36034,Yes
36035,No
36036,No
36037,Yes
36038,No
36039,Yes
36040,No
36041,No
36042,No
36043,No
36044,No
36045,No
36046,Yes
36047,Yes
36048,No
36049,Yes
36050,No
36051,No
36052,Yes
36053,No
36054,Yes
36055,No
36056,Yes
36057,No
36058,No
36059,No
36060,No
36061,Yes
36062,Yes
36063,No
36064,Yes
36065,Yes
36066,Yes
36067,No
36068,No
36069,No
36070,Yes
36071,No
36072,Yes
36073,No
36074,No
36075,Yes
36076,Yes
36077,No
36078,Yes
36079,No
36080,Yes
36081,No
36082,No
36083,Yes
36084,No
36085,No
36086,No
36087,No
36088,No
36089,Yes
36090,Yes
36091,No
36092,No
36093,No
36094,No
36095,Yes
36096,No
36097,Yes
36098,No
36099,No
36100,No
36101,Yes
36102,Yes
36103,No
36104,Yes
36105,No
36106,No
36107,Yes
36108,No
36109,Yes
36110,No
36111,Yes
36112,No
36113,No
36114,No
36115,No
36116,No
36117,No
36118,Yes
36119,Yes
36120,Yes
36121,Yes
36122,No
36123,Yes
36124,Yes
36125,No
36126,Yes
36127,Yes
36128,No
36129,No
36130,No
36131,Yes
36132,No
36133,No
36134,No
36135,Yes
36136,No
36137,No
36138,Yes
36139,No
36140,No
36141,No
36142,No
36143,Yes
36144,No
36145,No
36146,Yes
36147,No
36148,Yes
36149,No
36150,No
36151,No
36152,No
36153,Yes
36154,Yes
36155,Yes
36156,Yes
36157,No
36158,No
36159,No
36160,No
36161,No
36162,No
36163,No
36164,Yes
36165,Yes
36166,No
36167,No
36168,No
36169,No
36170,No
36171,No
36172,No
36173,No
36174,No
36175,No
36176,Yes
36177,No
36178,No
36179,No
36180,Yes
36181,Yes
36182,No
36183,Yes
36184,No
36185,No
36186,No
36187,Yes
36188,No
36189,No
36190,No
36191,No
36192,No
36193,No
36194,Yes
36195,No
36196,No
36197,No
36198,No
36199,No
36200,No
36201,No
36202,No
36203,No
36204,No
36205,No
36206,No
36207,Yes
36208,No
36209,Yes
36210,No
36211,No
36212,No
36213,No
36214,No
36215,Yes
36216,No
36217,Yes
36218,No
36219,No
36220,Yes
36221,Yes
36222,Yes
36223,Yes
36224,No
36225,No
36226,No
36227,No
36228,No
36229,Yes
36230,No
36231,No
36232,No
36233,Yes
36234,No
36235,No
36236,Yes
36237,No
36238,Yes
36239,No
36240,No
36241,Yes
36242,No
36243,No
36244,Yes
36245,No
36246,No
36247,No
36248,No
36249,No
36250,Yes
36251,No
36252,No
36253,No
36254,No
36255,No
36256,No
36257,Yes
36258,No
36259,No
36260,No
36261,No
36262,Yes
36263,No
36264,No
36265,Yes
36266,No
36267,No
36268,No
36269,No
36270,No
36271,No
36272,No
36273,Yes
36274,No
36275,No
36276,No
36277,No
36278,Yes
36279,No
36280,No
36281,No
36282,Yes
36283,Yes
36284,Yes
36285,Yes
36286,No
36287,No
36288,Yes
36289,No
36290,No
36291,Yes
36292,Yes
36293,No
36294,No
36295,Yes
36296,Yes
36297,No
36298,No
36299,No
36300,Yes
36301,No
36302,No
36303,Yes
36304,No
36305,No
36306,Yes
36307,Yes
36308,No
36309,Yes
36310,No
36311,No
36312,Yes
36313,No
36314,Yes
36315,Yes
36316,Yes
36317,No
36318,Yes
36319,Yes
36320,No
36321,No
36322,No
36323,Yes
36324,No
36325,No
36326,No
36327,No
36328,No
36329,No
36330,Yes
36331,No
36332,No
36333,No
36334,No
36335,Yes
36336,No
36337,No
36338,Yes
36339,Yes
36340,No
36341,Yes
36342,No
36343,No
36344,Yes
36345,Yes
36346,Yes
36347,No
36348,Yes
36349,No
36350,Yes
36351,Yes
36352,Yes
36353,No
36354,Yes
36355,No
36356,No
36357,No
36358,No
36359,No
36360,Yes
36361,No
36362,No
36363,No
36364,Yes
36365,No
36366,No
36367,No
36368,No
36369,No
36370,Yes
36371,No
36372,No
36373,No
36374,No
36375,No
36376,Yes
36377,No
36378,No
36379,No
36380,No
36381,Yes
36382,No
36383,No
36384,Yes
36385,No
36386,Yes
36387,No
36388,No
36389,Yes
36390,Yes
36391,No
36392,No
36393,No
36394,No
36395,No
36396,Yes
36397,Yes
36398,No
36399,No
36400,No
36401,Yes
36402,Yes
36403,No
36404,No
36405,Yes
36406,Yes
36407,No
36408,No
36409,No
36410,No
36411,Yes
36412,Yes
36413,Yes
36414,No
36415,No
36416,No
36417,No
36418,No
36419,Yes
36420,No
36421,No
36422,No
36423,Yes
36424,No
36425,No
36426,No
36427,No
36428,No
36429,Yes
36430,No
36431,No
36432,No
36433,No
36434,No
36435,No
36436,No
36437,No
36438,No
36439,No
36440,No
36441,No
36442,Yes
36443,No
36444,No
36445,Yes
36446,No
36447,Yes
36448,Yes
36449,Yes
36450,No
36451,No
36452,No
36453,No
36454,Yes
36455,No
36456,No
36457,No
36458,No
36459,No
36460,No
36461,No
36462,No
36463,No
36464,No
36465,No
36466,No
36467,No
36468,No
36469,Yes
36470,No
36471,No
36472,No
36473,Yes
36474,No
36475,Yes
36476,Yes
36477,No
36478,Yes
36479,No
36480,No
36481,No
36482,No
36483,No
36484,Yes
36485,No
36486,No
36487,No
36488,No
36489,No
36490,No
36491,No
36492,No
36493,No
36494,No
36495,No
36496,Yes
36497,Yes
36498,No
36499,No
36500,Yes
36501,No
36502,No
36503,Yes
36504,No
36505,No
36506,Yes
36507,No
36508,No
36509,No
36510,Yes
36511,No
36512,Yes
36513,No
36514,No
36515,Yes
36516,Yes
36517,Yes
36518,No
36519,No
36520,No
36521,No
36522,No
36523,No
36524,Yes
36525,Yes
36526,No
36527,Yes
36528,Yes
36529,No
36530,Yes
36531,Yes
36532,Yes
36533,Yes
36534,No
36535,No
36536,No
36537,No
36538,No
36539,Yes
36540,No
36541,Yes
36542,No
36543,No
36544,No
36545,No
36546,No
36547,No
36548,No
36549,Yes
36550,Yes
36551,No
36552,No
36553,Yes
36554,No
36555,Yes
36556,No
36557,Yes
36558,No
36559,Yes
36560,No
36561,Yes
36562,No
36563,Yes
36564,Yes
36565,Yes
36566,No
36567,No
36568,No
36569,Yes
36570,No
36571,No
36572,No
36573,No
36574,Yes
36575,No
36576,No
36577,No
36578,No
36579,No
36580,No
36581,No
36582,Yes
36583,Yes
36584,No
36585,No
36586,Yes
36587,Yes
36588,No
36589,No
36590,Yes
36591,No
36592,Yes
36593,No
36594,No
36595,Yes
36596,Yes
36597,No
36598,No
36599,No
36600,No
36601,No
36602,No
36603,No
36604,Yes
36605,No
36606,No
36607,No
36608,No
36609,Yes
36610,No
36611,No
36612,No
36613,No
36614,Yes
36615,Yes
36616,Yes
36617,Yes
36618,No
36619,No
36620,No
36621,Yes
36622,No
36623,No
36624,No
36625,Yes
36626,No
36627,No
36628,No
36629,No
36630,No
36631,Yes
36632,No
36633,No
36634,Yes
36635,No
36636,No
36637,Yes
36638,No
36639,No
36640,Yes
36641,No
36642,Yes
36643,No
36644,Yes
36645,No
36646,No
36647,Yes
36648,No
36649,No
36650,No
36651,No
36652,Yes
36653,Yes
36654,Yes
36655,Yes
36656,No
36657,No
36658,No
36659,Yes
36660,Yes
36661,No
36662,No
36663,Yes
36664,No
36665,No
36666,No
36667,No
36668,No
36669,Yes
36670,No
36671,Yes
36672,No
36673,No
36674,No
36675,No
36676,No
36677,No
36678,No
36679,No
36680,Yes
36681,No
36682,Yes
36683,No
36684,Yes
36685,No
36686,No
36687,Yes
36688,Yes
36689,No
36690,Yes
36691,Yes
36692,No
36693,No
36694,No
36695,No
36696,Yes
36697,No
36698,No
36699,No
36700,No
36701,No
36702,No
36703,Yes
36704,No
36705,No
36706,No
36707,Yes
36708,No
36709,No
36710,No
36711,No
36712,No
36713,No
36714,No
36715,Yes
36716,Yes
36717,No
36718,No
36719,No
36720,No
36721,No
36722,Yes
36723,Yes
36724,Yes
36725,No
36726,No
36727,Yes
36728,No
36729,No
36730,Yes
36731,Yes
36732,Yes
36733,Yes
36734,Yes
36735,No
36736,No
36737,No
36738,No
36739,Yes
36740,Yes
36741,No
36742,No
36743,Yes
36744,No
36745,No
36746,No
36747,No
36748,No
36749,No
36750,Yes
36751,Yes
36752,No
36753,Yes
36754,No
36755,No
36756,No
36757,Yes
36758,No
36759,Yes
36760,No
36761,No
36762,No
36763,Yes
36764,No
36765,Yes
36766,No
36767,Yes
36768,No
36769,No
36770,Yes
36771,No
36772,No
36773,No
36774,No
36775,No
36776,No
36777,No
36778,No
36779,No
36780,Yes
36781,No
36782,No
36783,No
36784,No
36785,No
36786,No
36787,Yes
36788,No
36789,No
36790,No
36791,No
36792,Yes
36793,No
36794,No
36795,No
36796,No
36797,No
36798,No
36799,No
36800,Yes
36801,Yes
36802,No
36803,No
36804,Yes
36805,No
36806,No
36807,No
36808,No
36809,No
36810,No
36811,No
36812,No
36813,No
36814,Yes
36815,Yes
36816,No
36817,No
36818,No
36819,Yes
36820,No
36821,No
36822,No
36823,No
36824,Yes
36825,No
36826,No
36827,No
36828,No
36829,No
36830,No
36831,Yes
36832,No
36833,No
36834,Yes
36835,No
36836,Yes
36837,No
36838,Yes
36839,No
36840,Yes
36841,No
36842,No
36843,No
36844,No
36845,No
36846,No
36847,No
36848,No
36849,No
36850,No
36851,No
36852,No
36853,No
36854,No
36855,Yes
36856,No
36857,No
36858,No
36859,No
36860,No
36861,No
36862,Yes
36863,No
36864,No
36865,No
36866,No
36867,No
36868,Yes
36869,Yes
36870,No
36871,No
36872,Yes
36873,No
36874,No
36875,No
36876,Yes
36877,No
36878,No
36879,No
36880,No
36881,No
36882,Yes
36883,No
36884,Yes
36885,No
36886,No
36887,Yes
36888,No
36889,No
36890,No
36891,No
36892,No
36893,No
36894,No
36895,No
36896,Yes
36897,No
36898,Yes
36899,No
36900,Yes
36901,No
36902,Yes
36903,Yes
36904,No
36905,No
36906,No
36907,No
36908,No
36909,No
36910,No
36911,No
36912,No
36913,No
36914,No
36915,No
36916,Yes
36917,Yes
36918,No
36919,No
36920,No
36921,No
36922,Yes
36923,No
36924,Yes
36925,Yes
36926,No
36927,No
36928,No
36929,No
36930,Yes
36931,No
36932,Yes
36933,No
36934,No
36935,No
36936,No
36937,Yes
36938,No
36939,No
36940,No
36941,No
36942,No
36943,No
36944,No
36945,No
36946,No
36947,No
36948,Yes
36949,Yes
36950,Yes
36951,Yes
36952,No
36953,No
36954,No
36955,Yes
36956,No
36957,No
36958,No
36959,No
36960,No
36961,No
36962,Yes
36963,No
36964,Yes
36965,No
36966,No
36967,Yes
36968,No
36969,Yes
36970,No
36971,No
36972,Yes
36973,No
36974,Yes
36975,No
36976,No
36977,No
36978,No
36979,No
36980,No
36981,No
36982,Yes
36983,No
36984,No
36985,Yes
36986,No
36987,Yes
36988,No
36989,No
36990,No
36991,No
36992,No
36993,Yes
36994,No
36995,Yes
36996,Yes
36997,Yes
36998,Yes
36999,No
37000,Yes
37001,No
37002,No
37003,No
37004,No
37005,No
37006,Yes
37007,No
37008,No
37009,No
37010,No
37011,No
37012,No
37013,No
37014,Yes
37015,No
37016,No
37017,No
37018,No
37019,No
37020,Yes
37021,Yes
37022,No
37023,No
37024,No
37025,No
37026,No
37027,No
37028,No
37029,No
37030,No
37031,No
37032,No
37033,Yes
37034,No
37035,No
37036,Yes
37037,No
37038,Yes
37039,Yes
37040,No
37041,No
37042,No
37043,No
37044,No
37045,No
37046,No
37047,No
37048,No
37049,Yes
37050,No
37051,No
37052,No
37053,No
37054,Yes
37055,No
37056,No
37057,Yes
37058,No
37059,No
37060,No
37061,No
37062,Yes
37063,No
37064,Yes
37065,No
37066,No
37067,Yes
37068,No
37069,No
37070,No
37071,No
37072,No
37073,No
37074,No
37075,No
37076,No
37077,No
37078,No
37079,Yes
37080,Yes
37081,No
37082,No
37083,No
37084,No
37085,Yes
37086,Yes
37087,No
37088,No
37089,Yes
37090,No
37091,No
37092,Yes
37093,Yes
37094,Yes
37095,No
37096,No
37097,No
37098,No
37099,Yes
37100,No
37101,Yes
37102,No
37103,No
37104,No
37105,No
37106,No
37107,No
37108,No
37109,No
37110,No
37111,Yes
37112,No
37113,Yes
37114,No
37115,No
37116,No
37117,Yes
37118,No
37119,Yes
37120,No
37121,No
37122,No
37123,Yes
37124,No
37125,No
37126,No
37127,No
37128,No
37129,Yes
37130,No
37131,No
37132,No
37133,Yes
37134,No
37135,No
37136,Yes
37137,Yes
37138,No
37139,No
37140,Yes
37141,Yes
37142,No
37143,No
37144,No
37145,No
37146,No
37147,Yes
37148,Yes
37149,No
37150,No
37151,Yes
37152,Yes
37153,No
37154,Yes
37155,No
37156,No
37157,No
37158,No
37159,No
37160,No
37161,No
37162,No
37163,Yes
37164,No
37165,No
37166,Yes
37167,No
37168,No
37169,No
37170,No
37171,Yes
37172,No
37173,No
37174,No
37175,No
37176,Yes
37177,No
37178,No
37179,No
37180,No
37181,No
37182,No
37183,No
37184,No
37185,Yes
37186,No
37187,Yes
37188,No
37189,No
37190,Yes
37191,Yes
37192,No
37193,No
37194,Yes
37195,No
37196,Yes
37197,No
37198,No
37199,No
37200,No
37201,No
37202,No
37203,No
37204,No
37205,No
37206,No
37207,No
37208,No
37209,Yes
37210,No
37211,No
37212,No
37213,No
37214,Yes
37215,No
37216,No
37217,No
37218,No
37219,No
37220,No
37221,No
37222,No
37223,No
37224,No
37225,No
37226,No
37227,No
37228,No
37229,No
37230,Yes
37231,No
37232,No
37233,No
37234,Yes
37235,No
37236,No
37237,No
37238,No
37239,Yes
37240,Yes
37241,Yes
37242,No
37243,No
37244,No
37245,No
37246,No
37247,Yes
37248,No
37249,No
37250,Yes
37251,No
37252,Yes
37253,Yes
37254,Yes
37255,No
37256,Yes
37257,No
37258,No
37259,No
37260,Yes
37261,No
37262,Yes
37263,No
37264,No
37265,Yes
37266,No
37267,No
37268,Yes
37269,Yes
37270,No
37271,No
37272,Yes
37273,No
37274,No
37275,No
37276,No
37277,No
37278,Yes
37279,No
37280,No
37281,No
37282,Yes
37283,No
37284,No
37285,No
37286,No
37287,No
37288,No
37289,Yes
37290,No
37291,No
37292,No
37293,Yes
37294,No
37295,No
37296,No
37297,Yes
37298,No
37299,No
37300,No
37301,No
37302,No
37303,No
37304,No
37305,Yes
37306,No
37307,No
37308,No
37309,Yes
37310,Yes
37311,No
37312,No
37313,Yes
37314,No
37315,No
37316,No
37317,Yes
37318,Yes
37319,Yes
37320,No
37321,No
37322,No
37323,No
37324,No
37325,Yes
37326,No
37327,No
37328,No
37329,Yes
37330,No
37331,No
37332,No
37333,No
37334,No
37335,Yes
37336,Yes
37337,No
37338,No
37339,Yes
37340,Yes
37341,No
37342,Yes
37343,No
37344,Yes
37345,No
37346,No
37347,No
37348,Yes
37349,No
37350,No
37351,Yes
37352,No
37353,Yes
37354,Yes
37355,No
37356,No
37357,No
37358,No
37359,Yes
37360,No
37361,No
37362,No
37363,No
37364,Yes
37365,Yes
37366,No
37367,No
37368,No
37369,Yes
37370,No
37371,No
37372,No
37373,Yes
37374,No
37375,Yes
37376,No
37377,Yes
37378,No
37379,No
37380,No
37381,Yes
37382,No
37383,No
37384,No
37385,Yes
37386,Yes
37387,Yes
37388,No
37389,No
37390,No
37391,No
37392,Yes
37393,No
37394,No
37395,No
37396,No
37397,No
37398,Yes
37399,No
37400,No
37401,No
37402,No
37403,No
37404,No
37405,No
37406,No
37407,No
37408,Yes
37409,No
37410,No
37411,No
37412,No
37413,No
37414,No
37415,Yes
37416,No
37417,Yes
37418,Yes
37419,No
37420,No
37421,No
37422,No
37423,No
37424,No
37425,Yes
37426,No
37427,No
37428,Yes
37429,No
37430,Yes
37431,No
37432,No
37433,No
37434,Yes
37435,No
37436,Yes
37437,No
37438,No
37439,No
37440,No
37441,Yes
37442,No
37443,Yes
37444,No
37445,No
37446,Yes
37447,No
37448,Yes
37449,No
37450,No
37451,No
37452,No
37453,No
37454,No
37455,No
37456,No
37457,No
37458,Yes
37459,No
37460,No
37461,No
37462,Yes
37463,Yes
37464,Yes
37465,No
37466,No
37467,No
37468,No
37469,No
37470,No
37471,No
37472,No
37473,Yes
37474,No
37475,No
37476,No
37477,No
37478,Yes
37479,No
37480,No
37481,No
37482,Yes
37483,No
37484,No
37485,Yes
37486,No
37487,No
37488,No
37489,No
37490,No
37491,Yes
37492,Yes
37493,No
37494,Yes
37495,No
37496,No
37497,No
37498,No
37499,Yes
37500,No
37501,Yes
37502,No
37503,Yes
37504,No
37505,No
37506,No
37507,No
37508,No
37509,Yes
37510,No
37511,Yes
37512,Yes
37513,No
37514,Yes
37515,No
37516,No
37517,No
37518,No
37519,Yes
37520,No
37521,No
37522,No
37523,No
37524,No
37525,No
37526,Yes
37527,No
37528,No
37529,Yes
37530,No
37531,No
37532,No
37533,Yes
37534,Yes
37535,No
37536,No
37537,No
37538,Yes
37539,No
37540,No
37541,No
37542,No
37543,No
37544,No
37545,No
37546,Yes
37547,Yes
37548,No
37549,No
37550,No
37551,No
37552,No
37553,No
37554,No
37555,No
37556,No
37557,No
37558,Yes
37559,No
37560,No
37561,No
37562,No
37563,No
37564,Yes
37565,No
37566,No
37567,No
37568,Yes
37569,Yes
37570,Yes
37571,No
37572,Yes
37573,Yes
37574,No
37575,No
37576,No
37577,No
37578,No
37579,No
37580,No
37581,No
37582,No
37583,Yes
37584,No
37585,Yes
37586,No
37587,No
37588,No
37589,No
37590,No
37591,No
37592,Yes
37593,No
37594,No
37595,Yes
37596,No
37597,Yes
37598,No
37599,No
37600,No
37601,No
37602,Yes
37603,Yes
37604,No
37605,No
37606,No
37607,No
37608,No
37609,No
37610,Yes
37611,Yes
37612,No
37613,No
37614,No
37615,No
37616,Yes
37617,No
37618,No
37619,Yes
37620,Yes
37621,No
37622,Yes
37623,Yes
37624,No
37625,No
37626,No
37627,No
37628,Yes
37629,No
37630,Yes
37631,No
37632,No
37633,No
37634,No
37635,Yes
37636,No
37637,No
37638,No
37639,No
37640,No
37641,No
37642,Yes
37643,No
37644,No
37645,Yes
37646,No
37647,No
37648,No
37649,No
37650,Yes
37651,No
37652,No
37653,No
37654,No
37655,No
37656,No
37657,No
37658,No
37659,No
37660,No
37661,No
37662,Yes
37663,No
37664,No
37665,No
37666,Yes
37667,Yes
37668,No
37669,No
37670,Yes
37671,No
37672,No
37673,Yes
37674,No
37675,No
37676,Yes
37677,Yes
37678,No
37679,Yes
37680,Yes
37681,No
37682,No
37683,No
37684,No
37685,No
37686,No
37687,No
37688,No
37689,No
37690,No
37691,No
37692,No
37693,No
37694,Yes
37695,No
37696,Yes
37697,No
37698,Yes
37699,No
37700,Yes
37701,Yes
37702,No
37703,No
37704,Yes
37705,No
37706,No
37707,No
37708,Yes
37709,Yes
37710,Yes
37711,No
37712,No
37713,No
37714,No
37715,Yes
37716,No
37717,No
37718,Yes
37719,No
37720,No
37721,No
37722,No
37723,No
37724,No
37725,No
37726,No
37727,Yes
37728,Yes
37729,Yes
37730,No
37731,No
37732,No
37733,No
37734,No
37735,No
37736,No
37737,No
37738,No
37739,No
37740,Yes
37741,No
37742,No
37743,Yes
37744,No
37745,No
37746,No
37747,No
37748,Yes
37749,Yes
37750,No
37751,No
37752,No
37753,Yes
37754,No
37755,No
37756,No
37757,No
37758,No
37759,No
37760,No
37761,No
37762,No
37763,No
37764,Yes
37765,No
37766,No
37767,No
37768,Yes
37769,No
37770,No
37771,No
37772,No
37773,No
37774,No
37775,Yes
37776,No
37777,Yes
37778,No
37779,Yes
37780,No
37781,No
37782,Yes
37783,No
37784,Yes
37785,No
37786,Yes
37787,No
37788,No
37789,No
37790,Yes
37791,No
37792,Yes
37793,Yes
37794,Yes
37795,Yes
37796,Yes
37797,No
37798,No
37799,No
37800,No
37801,No
37802,No
37803,No
37804,No
37805,No
37806,No
37807,No
37808,No
37809,Yes
37810,No
37811,No
37812,No
37813,No
37814,Yes
37815,No
37816,No
37817,No
37818,Yes
37819,No
37820,No
37821,No
37822,No
37823,No
37824,No
37825,No
37826,No
37827,No
37828,Yes
37829,No
37830,No
37831,No
37832,No
37833,No
37834,No
37835,No
37836,No
37837,No
37838,No
37839,No
37840,Yes
37841,No
37842,No
37843,No
37844,Yes
37845,Yes
37846,No
37847,No
37848,No
37849,No
37850,No
37851,No
37852,No
37853,No
37854,No
37855,No
37856,Yes
37857,No
37858,No
37859,Yes
37860,No
37861,Yes
37862,No
37863,No
37864,No
37865,No
37866,No
37867,Yes
37868,No
37869,No
37870,No
37871,No
37872,No
37873,No
37874,No
37875,No
37876,No
37877,No
37878,Yes
37879,No
37880,No
37881,No
37882,No
37883,No
37884,No
37885,No
37886,No
37887,No
37888,No
37889,No
37890,Yes
37891,Yes
37892,No
37893,No
37894,No
37895,No
37896,No
37897,No
37898,No
37899,Yes
37900,No
37901,Yes
37902,Yes
37903,No
37904,No
37905,No
37906,No
37907,No
37908,Yes
37909,Yes
37910,No
37911,No
37912,No
37913,No
37914,No
37915,No
37916,Yes
37917,No
37918,No
37919,No
37920,No
37921,No
37922,Yes
37923,No
37924,No
37925,No
37926,No
37927,Yes
37928,No
37929,No
37930,No
37931,No
37932,Yes
37933,Yes
37934,Yes
37935,No
37936,No
37937,No
37938,No
37939,No
37940,No
37941,No
37942,No
37943,No
37944,No
37945,No
37946,No
37947,No
37948,No
37949,Yes
37950,No
37951,No
37952,Yes
37953,Yes
37954,No
37955,Yes
37956,No
37957,No
37958,No
37959,No
37960,No
37961,No
37962,Yes
37963,Yes
37964,No
37965,No
37966,No
37967,No
37968,No
37969,No
37970,No
37971,No
37972,No
37973,No
37974,No
37975,No
37976,No
37977,No
37978,Yes
37979,No
37980,No
37981,Yes
37982,Yes
37983,No
37984,No
37985,No
37986,No
37987,Yes
37988,Yes
37989,No
37990,No
37991,No
37992,No
37993,No
37994,Yes
37995,Yes
37996,No
37997,Yes
37998,Yes
37999,Yes
38000,No
38001,No
38002,Yes
38003,No
38004,No
38005,No
38006,No
38007,No
38008,No
38009,Yes
38010,No
38011,Yes
38012,No
38013,No
38014,No
38015,Yes
38016,No
38017,No
38018,No
38019,No
38020,No
38021,No
38022,Yes
38023,No
38024,No
38025,No
38026,Yes
38027,Yes
38028,No
38029,No
38030,Yes
38031,No
38032,Yes
38033,No
38034,No
38035,Yes
38036,No
38037,Yes
38038,No
38039,No
38040,No
38041,No
38042,No
38043,Yes
38044,Yes
38045,No
38046,No
38047,No
38048,No
38049,No
38050,No
38051,No
38052,Yes
38053,No
38054,No
38055,No
38056,No
38057,No
38058,Yes
38059,No
38060,No
38061,No
38062,Yes
38063,No
38064,No
38065,Yes
38066,No
38067,No
38068,No
38069,Yes
38070,No
38071,Yes
38072,No
38073,No
38074,No
38075,No
38076,No
38077,No
38078,No
38079,No
38080,Yes
38081,No
38082,Yes
38083,No
38084,Yes
38085,Yes
38086,No
38087,No
38088,No
38089,Yes
38090,No
38091,No
38092,No
38093,No
38094,No
38095,No
38096,No
38097,No
38098,No
38099,Yes
38100,No
38101,No
38102,No
38103,No
38104,No
38105,No
38106,No
38107,Yes
38108,No
38109,Yes
38110,No
38111,No
38112,No
38113,No
38114,Yes
38115,Yes
38116,No
38117,No
38118,No
38119,No
38120,No
38121,No
38122,No
38123,Yes
38124,No
38125,No
38126,Yes
38127,No
38128,No
38129,Yes
38130,Yes
38131,No
38132,Yes
38133,No
38134,Yes
38135,Yes
38136,No
38137,No
38138,Yes
38139,No
38140,Yes
38141,No
38142,No
38143,Yes
38144,No
38145,No
38146,No
38147,No
38148,No
38149,Yes
38150,Yes
38151,Yes
38152,No
38153,Yes
38154,Yes
38155,Yes
38156,Yes
38157,Yes
38158,Yes
38159,No
38160,No
38161,No
38162,No
38163,No
38164,No
38165,No
38166,Yes
38167,No
38168,Yes
38169,Yes
38170,No
38171,Yes
38172,No
38173,No
38174,No
38175,No
38176,No
38177,Yes
38178,No
38179,No
38180,No
38181,No
38182,No
38183,No
38184,No
38185,Yes
38186,Yes
38187,No
38188,Yes
38189,No
38190,No
38191,Yes
38192,No
38193,Yes
38194,No
38195,No
38196,No
38197,Yes
38198,Yes
38199,No
38200,No
38201,No
38202,Yes
38203,No
38204,Yes
38205,No
38206,No
38207,No
38208,No
38209,No
38210,No
38211,Yes
38212,Yes
38213,No
38214,No
38215,No
38216,Yes
38217,Yes
38218,No
38219,No
38220,No
38221,No
38222,Yes
38223,Yes
38224,No
38225,No
38226,No
38227,No
38228,No
38229,Yes
38230,No
38231,Yes
38232,No
38233,Yes
38234,No
38235,No
38236,Yes
38237,No
38238,No
38239,No
38240,No
38241,Yes
38242,Yes
38243,Yes
38244,No
38245,Yes
38246,Yes
38247,Yes
38248,No
38249,No
38250,No
38251,No
38252,No
38253,No
38254,No
38255,No
38256,Yes
38257,Yes
38258,No
38259,No
38260,No
38261,No
38262,Yes
38263,No
38264,Yes
38265,No
38266,No
38267,No
38268,Yes
38269,Yes
38270,No
38271,Yes
38272,Yes
38273,Yes
38274,Yes
38275,No
38276,No
38277,No
38278,No
38279,Yes
38280,No
38281,No
38282,No
38283,No
38284,No
38285,Yes
38286,No
38287,No
38288,No
38289,No
38290,No
38291,No
38292,Yes
38293,No
38294,No
38295,Yes
38296,No
38297,No
38298,No
38299,Yes
38300,No
38301,No
38302,Yes
38303,No
38304,No
38305,No
38306,No
38307,No
38308,No
38309,No
38310,No
38311,No
38312,No
38313,No
38314,No
38315,No
38316,No
38317,No
38318,No
38319,No
38320,No
38321,No
38322,No
38323,No
38324,No
38325,No
38326,Yes
38327,No
38328,No
38329,Yes
38330,Yes
38331,Yes
38332,No
38333,No
38334,No
38335,No
38336,No
38337,No
38338,No
38339,No
38340,No
38341,No
38342,No
38343,No
38344,No
38345,No
38346,Yes
38347,Yes
38348,No
38349,No
38350,No
38351,No
38352,No
38353,No
38354,Yes
38355,No
38356,No
38357,No
38358,No
38359,No
38360,No
38361,Yes
38362,Yes
38363,No
38364,No
38365,No
38366,Yes
38367,No
38368,Yes
38369,No
38370,No
38371,Yes
38372,Yes
38373,Yes
38374,No
38375,No
38376,No
38377,Yes
38378,No
38379,No
38380,No
38381,No
38382,Yes
38383,Yes
38384,Yes
38385,No
38386,No
38387,No
38388,Yes
38389,Yes
38390,No
38391,No
38392,No
38393,Yes
38394,Yes
38395,Yes
38396,No
38397,No
38398,Yes
38399,No
38400,No
38401,No
38402,Yes
38403,No
38404,No
38405,Yes
38406,No
38407,No
38408,No
38409,No
38410,No
38411,No
38412,No
38413,No
38414,Yes
38415,No
38416,Yes
38417,No
38418,Yes
38419,No
38420,No
38421,No
38422,No
38423,No
38424,No
38425,No
38426,No
38427,No
38428,No
38429,No
38430,No
38431,Yes
38432,No
38433,No
38434,No
38435,No
38436,No
38437,No
38438,No
38439,No
38440,No
38441,No
38442,Yes
38443,No
38444,No
38445,Yes
38446,No
38447,Yes
38448,Yes
38449,No
38450,Yes
38451,No
38452,No
38453,Yes
38454,No
38455,No
38456,No
38457,No
38458,Yes
38459,Yes
38460,No
38461,Yes
38462,No
38463,Yes
38464,No
38465,Yes
38466,No
38467,No
38468,No
38469,Yes
38470,No
38471,Yes
38472,Yes
38473,Yes
38474,No
38475,No
38476,No
38477,No
38478,Yes
38479,No
38480,No
38481,No
38482,Yes
38483,No
38484,No
38485,No
38486,Yes
38487,No
38488,No
38489,No
38490,No
38491,No
38492,No
38493,No
38494,No
38495,Yes
38496,No
38497,No
38498,No
38499,Yes
38500,No
38501,No
38502,No
38503,No
38504,No
38505,Yes
38506,No
38507,Yes
38508,No
38509,No
38510,No
38511,Yes
38512,Yes
38513,No
38514,No
38515,No
38516,Yes
38517,Yes
38518,No
38519,No
38520,Yes
38521,No
38522,Yes
38523,No
38524,Yes
38525,No
38526,No
38527,Yes
38528,Yes
38529,Yes
38530,No
38531,No
38532,No
38533,No
38534,No
38535,No
38536,No
38537,No
38538,No
38539,No
38540,Yes
38541,Yes
38542,Yes
38543,Yes
38544,No
38545,No
38546,No
38547,No
38548,No
38549,No
38550,No
38551,No
38552,Yes
38553,No
38554,Yes
38555,No
38556,No
38557,No
38558,No
38559,Yes
38560,No
38561,No
38562,No
38563,No
38564,Yes
38565,Yes
38566,Yes
38567,Yes
38568,No
38569,No
38570,No
38571,Yes
38572,No
38573,No
38574,No
38575,No
38576,No
38577,Yes
38578,No
38579,No
38580,No
38581,No
38582,No
38583,No
38584,No
38585,No
38586,Yes
38587,Yes
38588,Yes
38589,Yes
38590,No
38591,No
38592,No
38593,No
38594,No
38595,No
38596,No
38597,No
38598,Yes
38599,Yes
38600,No
38601,No
38602,No
38603,No
38604,No
38605,Yes
38606,Yes
38607,No
38608,No
38609,No
38610,No
38611,No
38612,Yes
38613,Yes
38614,No
38615,Yes
38616,No
38617,No
38618,No
38619,No
38620,Yes
38621,No
38622,No
38623,No
38624,No
38625,Yes
38626,No
38627,No
38628,No
38629,Yes
38630,No
38631,No
38632,Yes
38633,Yes
38634,No
38635,No
38636,No
38637,Yes
38638,No
38639,Yes
38640,No
38641,No
38642,Yes
38643,No
38644,No
38645,No
38646,No
38647,No
38648,No
38649,No
38650,No
38651,No
38652,No
38653,No
38654,Yes
38655,No
38656,No
38657,No
38658,No
38659,No
38660,No
38661,Yes
38662,No
38663,No
38664,No
38665,No
38666,No
38667,Yes
38668,No
38669,No
38670,No
38671,No
38672,No
38673,Yes
38674,No
38675,No
38676,No
38677,Yes
38678,No
38679,No
38680,No
38681,No
38682,No
38683,No
38684,No
38685,No
38686,No
38687,No
38688,Yes
38689,No
38690,No
38691,Yes
38692,No
38693,No
38694,Yes
38695,No
38696,No
38697,No
38698,No
38699,No
38700,No
38701,Yes
38702,No
38703,No
38704,No
38705,No
38706,No
38707,No
38708,No
38709,Yes
38710,Yes
38711,No
38712,No
38713,No
38714,Yes
38715,No
38716,Yes
38717,No
38718,Yes
38719,No
38720,No
38721,Yes
38722,No
38723,No
38724,No
38725,Yes
38726,No
38727,No
38728,Yes
38729,No
38730,No
38731,No
38732,No
38733,No
38734,No
38735,No
38736,Yes
38737,No
38738,No
38739,No
38740,No
38741,No
38742,No
38743,No
38744,No
38745,No
38746,No
38747,Yes
38748,Yes
38749,No
38750,Yes
38751,No
38752,No
38753,No
38754,Yes
38755,No
38756,Yes
38757,No
38758,No
38759,No
38760,No
38761,No
38762,No
38763,Yes
38764,No
38765,No
38766,Yes
38767,No
38768,No
38769,No
38770,No
38771,No
38772,No
38773,No
38774,No
38775,Yes
38776,No
38777,No
38778,Yes
38779,Yes
38780,No
38781,No
38782,No
38783,Yes
38784,Yes
38785,No
38786,No
38787,No
38788,No
38789,No
38790,Yes
38791,Yes
38792,No
38793,Yes
38794,No
38795,Yes
38796,No
38797,Yes
38798,No
38799,Yes
38800,No
38801,Yes
38802,Yes
38803,Yes
38804,No
38805,No
38806,No
38807,No
38808,Yes
38809,No
38810,Yes
38811,No
38812,No
38813,No
38814,No
38815,Yes
38816,No
38817,No
38818,No
38819,No
38820,No
38821,No
38822,Yes
38823,No
38824,No
38825,No
38826,No
38827,No
38828,Yes
38829,No
38830,No
38831,Yes
38832,No
38833,No
38834,No
38835,Yes
38836,Yes
38837,No
38838,No
38839,No
38840,Yes
38841,No
38842,Yes
38843,Yes
38844,No
38845,No
38846,No
38847,No
38848,No
38849,No
38850,No
38851,No
38852,No
38853,Yes
38854,No
38855,No
38856,No
38857,No
38858,No
38859,No
38860,No
38861,No
38862,No
38863,No
38864,Yes
38865,No
38866,No
38867,No
38868,Yes
38869,No
38870,No
38871,Yes
38872,No
38873,No
38874,No
38875,No
38876,No
38877,No
38878,No
38879,No
38880,No
38881,Yes
38882,Yes
38883,No
38884,No
38885,No
38886,No
38887,No
38888,No
38889,No
38890,No
38891,Yes
38892,No
38893,No
38894,No
38895,No
38896,No
38897,No
38898,No
38899,No
38900,No
38901,No
38902,No
38903,No
38904,No
38905,No
38906,No
38907,No
38908,No
38909,No
38910,Yes
38911,No
38912,Yes
38913,Yes
38914,Yes
38915,Yes
38916,Yes
38917,No
38918,No
38919,No
38920,Yes
38921,No
38922,No
38923,No
38924,Yes
38925,No
38926,Yes
38927,No
38928,No
38929,No
38930,No
38931,No
38932,No
38933,Yes
38934,No
38935,No
38936,No
38937,Yes
38938,Yes
38939,No
38940,No
38941,No
38942,No
38943,No
38944,Yes
38945,Yes
38946,No
38947,No
38948,No
38949,No
38950,No
38951,No
38952,No
38953,Yes
38954,No
38955,No
38956,No
38957,Yes
38958,No
38959,No
38960,No
38961,No
38962,Yes
38963,No
38964,No
38965,No
38966,No
38967,No
38968,No
38969,Yes
38970,No
38971,No
38972,Yes
38973,No
38974,Yes
38975,Yes
38976,No
38977,No
38978,No
38979,Yes
38980,No
38981,No
38982,No
38983,No
38984,No
38985,Yes
38986,No
38987,No
38988,No
38989,No
38990,No
38991,Yes
38992,No
38993,Yes
38994,No
38995,Yes
38996,No
38997,No
38998,Yes
38999,No
39000,No
39001,No
39002,No
39003,Yes
39004,No
39005,Yes
39006,Yes
39007,Yes
39008,No
39009,Yes
39010,No
39011,Yes
39012,Yes
39013,No
39014,No
39015,No
39016,Yes
39017,No
39018,No
39019,No
39020,No
39021,No
39022,Yes
39023,No
39024,Yes
39025,Yes
39026,No
39027,No
39028,No
39029,Yes
39030,Yes
39031,No
39032,No
39033,No
39034,No
39035,No
39036,No
39037,Yes
39038,No
39039,No
39040,Yes
39041,No
39042,No
39043,No
39044,No
39045,Yes
39046,No
39047,No
39048,No
39049,Yes
39050,Yes
39051,No
39052,No
39053,No
39054,Yes
39055,Yes
39056,Yes
39057,No
39058,No
39059,Yes
39060,No
39061,No
39062,No
39063,No
39064,No
39065,No
39066,No
39067,Yes
39068,No
39069,No
39070,No
39071,No
39072,No
39073,No
39074,No
39075,Yes
39076,No
39077,No
39078,Yes
39079,No
39080,Yes
39081,No
39082,No
39083,Yes
39084,No
39085,Yes
39086,No
39087,No
39088,No
39089,No
39090,No
39091,No
39092,No
39093,No
39094,No
39095,Yes
39096,No
39097,No
39098,Yes
39099,Yes
39100,No
39101,Yes
39102,No
39103,No
39104,No
39105,Yes
39106,Yes
39107,Yes
39108,No
39109,Yes
39110,No
39111,No
39112,No
39113,No
39114,Yes
39115,Yes
39116,No
39117,No
39118,No
39119,No
39120,Yes
39121,No
39122,No
39123,No
39124,No
39125,No
39126,No
39127,No
39128,Yes
39129,No
39130,No
39131,No
39132,Yes
39133,No
39134,No
39135,No
39136,No
39137,Yes
39138,No
39139,No
39140,No
39141,No
39142,No
39143,No
39144,Yes
39145,Yes
39146,Yes
39147,No
39148,No
39149,No
39150,No
39151,No
39152,Yes
39153,No
39154,Yes
39155,No
39156,No
39157,No
39158,No
39159,No
39160,No
39161,No
39162,No
39163,No
39164,No
39165,No
39166,No
39167,No
39168,No
39169,No
39170,No
39171,No
39172,Yes
39173,No
39174,Yes
39175,Yes
39176,Yes
39177,No
39178,Yes
39179,Yes
39180,No
39181,Yes
39182,No
39183,Yes
39184,No
39185,No
39186,Yes
39187,Yes
39188,No
39189,Yes
39190,No
39191,No
39192,No
39193,No
39194,Yes
39195,No
39196,No
39197,No
39198,No
39199,No
39200,No
39201,No
39202,No
39203,No
39204,No
39205,Yes
39206,No
39207,Yes
39208,Yes
39209,No
39210,No
39211,No
39212,No
39213,No
39214,Yes
39215,Yes
39216,Yes
39217,No
39218,No
39219,No
39220,No
39221,Yes
39222,No
39223,No
39224,No
39225,No
39226,No
39227,Yes
39228,No
39229,Yes
39230,No
39231,Yes
39232,Yes
39233,No
39234,No
39235,Yes
39236,No
39237,No
39238,Yes
39239,Yes
39240,No
39241,No
39242,No
39243,Yes
39244,No
39245,No
39246,Yes
39247,No
39248,No
39249,No
39250,No
39251,Yes
39252,No
39253,No
39254,No
39255,Yes
39256,No
39257,No
39258,No
39259,Yes
39260,No
39261,No
39262,No
39263,No
39264,Yes
39265,No
39266,No
39267,No
39268,No
39269,No
39270,Yes
39271,Yes
39272,No
39273,Yes
39274,No
39275,Yes
39276,No
39277,No
39278,No
39279,No
39280,No
39281,No
39282,No
39283,No
39284,Yes
39285,No
39286,Yes
39287,No
39288,Yes
39289,No
39290,No
39291,No
39292,Yes
39293,No
39294,No
39295,No
39296,No
39297,No
39298,No
39299,No
39300,Yes
39301,Yes
39302,No
39303,No
39304,Yes
39305,No
39306,No
39307,Yes
39308,No
39309,No
39310,Yes
39311,Yes
39312,No
39313,No
39314,Yes
39315,Yes
39316,No
39317,No
39318,No
39319,No
39320,No
39321,No
39322,No
39323,Yes
39324,No
39325,No
39326,No
39327,No
39328,Yes
39329,No
39330,No
39331,Yes
39332,No
39333,No
39334,Yes
39335,No
39336,Yes
39337,No
39338,Yes
39339,No
39340,No
39341,No
39342,No
39343,No
39344,No
39345,Yes
39346,No
39347,Yes
39348,No
39349,No
39350,No
39351,No
39352,No
39353,Yes
39354,No
39355,Yes
39356,Yes
39357,No
39358,No
39359,No
39360,No
39361,No
39362,No
39363,Yes
39364,No
39365,No
39366,Yes
39367,No
39368,No
39369,No
39370,No
39371,No
39372,No
39373,No
39374,No
39375,No
39376,No
39377,No
39378,No
39379,Yes
39380,No
39381,No
39382,Yes
39383,No
39384,Yes
39385,No
39386,No
39387,No
39388,No
39389,No
39390,No
39391,No
39392,Yes
39393,Yes
39394,No
39395,Yes
39396,No
39397,No
39398,No
39399,No
39400,No
39401,Yes
39402,No
39403,No
39404,No
39405,No
39406,Yes
39407,No
39408,No
39409,No
39410,No
39411,No
39412,No
39413,No
39414,No
39415,Yes
39416,No
39417,No
39418,No
39419,No
39420,No
39421,No
39422,Yes
39423,No
39424,Yes
39425,Yes
39426,No
39427,No
39428,No
39429,No
39430,No
39431,No
39432,No
39433,No
39434,No
39435,No
39436,Yes
39437,No
39438,No
39439,No
39440,Yes
39441,No
39442,No
39443,No
39444,No
39445,No
39446,No
39447,No
39448,No
39449,Yes
39450,Yes
39451,No
39452,Yes
39453,Yes
39454,Yes
39455,No
39456,No
39457,No
39458,Yes
39459,Yes
39460,No
39461,No
39462,No
39463,Yes
39464,No
39465,No
39466,Yes
39467,No
39468,No
39469,No
39470,No
39471,No
39472,No
39473,Yes
39474,No
39475,No
39476,No
39477,No
39478,Yes
39479,No
39480,Yes
39481,No
39482,No
39483,No
39484,No
39485,No
39486,No
39487,Yes
39488,Yes
39489,No
39490,No
39491,No
39492,No
39493,No
39494,No
39495,No
39496,Yes
39497,Yes
39498,No
39499,No
39500,No
39501,No
39502,No
39503,Yes
39504,No
39505,Yes
39506,No
39507,No
39508,Yes
39509,Yes
39510,No
39511,No
39512,Yes
39513,No
39514,No
39515,Yes
39516,Yes
39517,No
39518,No
39519,Yes
39520,Yes
39521,No
39522,No
39523,Yes
39524,No
39525,No
39526,No
39527,Yes
39528,No
39529,No
39530,No
39531,No
39532,No
39533,Yes
39534,No
39535,No
39536,No
39537,Yes
39538,No
39539,No
39540,Yes
39541,No
39542,No
39543,No
39544,No
39545,No
39546,Yes
39547,Yes
39548,No
39549,No
39550,No
39551,No
39552,No
39553,No
39554,Yes
39555,No
39556,Yes
39557,Yes
39558,No
39559,Yes
39560,No
39561,No
39562,No
39563,No
39564,No
39565,No
39566,No
39567,No
39568,No
39569,No
39570,Yes
39571,No
39572,No
39573,Yes
39574,No
39575,No
39576,No
39577,Yes
39578,Yes
39579,No
39580,Yes
39581,No
39582,No
39583,No
39584,No
39585,No
39586,No
39587,No
39588,No
39589,No
39590,Yes
39591,No
39592,No
39593,No
39594,Yes
39595,No
39596,Yes
39597,Yes
39598,No
39599,Yes
39600,No
39601,No
39602,No
39603,No
39604,Yes
39605,No
39606,No
39607,No
39608,Yes
39609,No
39610,No
39611,Yes
39612,Yes
39613,No
39614,Yes
39615,Yes
39616,No
39617,No
39618,Yes
39619,Yes
39620,Yes
39621,No
39622,No
39623,Yes
39624,No
39625,No
39626,No
39627,No
39628,No
39629,Yes
39630,No
39631,No
39632,Yes
39633,No
39634,No
39635,Yes
39636,Yes
39637,No
39638,No
39639,No
39640,No
39641,No
39642,Yes
39643,No
39644,Yes
39645,No
39646,No
39647,No
39648,No
39649,Yes
39650,No
39651,Yes
39652,No
39653,Yes
39654,Yes
39655,No
39656,Yes
39657,No
39658,No
39659,No
39660,No
39661,No
39662,No
39663,No
39664,No
39665,No
39666,No
39667,No
39668,Yes
39669,Yes
39670,No
39671,No
39672,Yes
39673,No
39674,No
39675,No
39676,No
39677,Yes
39678,No
39679,Yes
39680,No
39681,No
39682,No
39683,No
39684,Yes
39685,No
39686,No
39687,No
39688,No
39689,Yes
39690,No
39691,No
39692,No
39693,No
39694,No
39695,No
39696,No
39697,No
39698,No
39699,Yes
39700,Yes
39701,No
39702,No
39703,No
39704,No
39705,No
39706,Yes
39707,Yes
39708,No
39709,Yes
39710,No
39711,No
39712,No
39713,No
39714,No
39715,No
39716,No
39717,Yes
39718,No
39719,No
39720,Yes
39721,No
39722,No
39723,No
39724,Yes
39725,No
39726,No
39727,No
39728,No
39729,No
39730,No
39731,No
39732,No
39733,No
39734,No
39735,Yes
39736,No
39737,No
39738,No
39739,No
39740,No
39741,No
39742,Yes
39743,No
39744,Yes
39745,No
39746,Yes
39747,Yes
39748,Yes
39749,Yes
39750,No
39751,No
39752,Yes
39753,No
39754,No
39755,No
39756,No
39757,No
39758,Yes
39759,No
39760,Yes
39761,No
39762,No
39763,Yes
39764,No
39765,Yes
39766,No
39767,No
39768,No
39769,No
39770,Yes
39771,Yes
39772,Yes
39773,Yes
39774,No
39775,No
39776,Yes
39777,No
39778,Yes
39779,No
39780,No
39781,No
39782,No
39783,No
39784,No
39785,Yes
39786,No
39787,Yes
39788,No
39789,No
39790,Yes
39791,No
39792,No
39793,No
39794,Yes
39795,No
39796,No
39797,No
39798,No
39799,Yes
39800,No
39801,No
39802,No
39803,No
39804,No
39805,No
39806,Yes
39807,No
39808,No
39809,No
39810,No
39811,Yes
39812,No
39813,Yes
39814,No
39815,No
39816,Yes
39817,Yes
39818,No
39819,No
39820,Yes
39821,No
39822,No
39823,Yes
39824,No
39825,Yes
39826,No
39827,No
39828,No
39829,No
39830,No
39831,No
39832,Yes
39833,No
39834,No
39835,Yes
39836,No
39837,Yes
39838,No
39839,No
39840,Yes
39841,Yes
39842,No
39843,No
39844,No
39845,No
39846,No
39847,No
39848,No
39849,No
39850,No
39851,Yes
39852,Yes
39853,No
39854,Yes
39855,No
39856,No
39857,No
39858,No
39859,Yes
39860,Yes
39861,No
39862,No
39863,Yes
39864,No
39865,Yes
39866,Yes
39867,No
39868,No
39869,No
39870,No
39871,No
39872,Yes
39873,No
39874,No
39875,No
39876,No
39877,Yes
39878,No
39879,No
39880,No
39881,Yes
39882,Yes
39883,No
39884,No
39885,No
39886,No
39887,No
39888,No
39889,Yes
39890,No
39891,No
39892,No
39893,No
39894,No
39895,No
39896,No
39897,Yes
39898,No
39899,No
39900,No
39901,Yes
39902,No
39903,No
39904,No
39905,No
39906,No
39907,No
39908,Yes
39909,No
39910,No
39911,No
39912,No
39913,Yes
39914,No
39915,No
39916,No
39917,No
39918,No
39919,Yes
39920,No
39921,No
39922,No
39923,No
39924,No
39925,No
39926,Yes
39927,No
39928,Yes
39929,No
39930,No
39931,No
39932,No
39933,No
39934,No
39935,Yes
39936,No
39937,No
39938,No
39939,Yes
39940,No
39941,No
39942,No
39943,No
39944,No
39945,No
39946,No
39947,Yes
39948,No
39949,Yes
39950,No
39951,Yes
39952,No
39953,Yes
39954,Yes
39955,No
39956,No
39957,No
39958,No
39959,Yes
39960,No
39961,No
39962,No
39963,No
39964,Yes
39965,Yes
39966,No
39967,Yes
39968,No
39969,No
39970,No
39971,Yes
39972,Yes
39973,No
39974,No
39975,Yes
39976,No
39977,No
39978,No
39979,Yes
39980,No
39981,No
39982,Yes
39983,Yes
39984,No
39985,No
39986,No
39987,Yes
39988,No
39989,No
39990,No
39991,Yes
39992,No
39993,No
39994,Yes
39995,No
39996,No
39997,Yes
39998,No
39999,No
40000,No
40001,No
40002,No
40003,Yes
40004,Yes
40005,No
40006,Yes
40007,Yes
40008,No
40009,Yes
40010,Yes
40011,No
40012,No
40013,No
40014,No
40015,No
40016,No
40017,No
40018,No
40019,Yes
40020,Yes
40021,Yes
40022,No
40023,No
40024,No
40025,No
40026,No
40027,Yes
40028,No
40029,Yes
40030,No
40031,Yes
40032,Yes
40033,Yes
40034,Yes
40035,No
40036,Yes
40037,No
40038,No
40039,No
40040,No
40041,No
40042,No
40043,Yes
40044,No
40045,Yes
40046,No
40047,No
40048,No
40049,Yes
40050,Yes
40051,Yes
40052,No
40053,No
40054,Yes
40055,No
40056,No
40057,Yes
40058,No
40059,Yes
40060,No
40061,No
40062,Yes
40063,No
40064,No
40065,Yes
40066,Yes
40067,Yes
40068,No
40069,No
40070,Yes
40071,No
40072,Yes
40073,No
40074,No
40075,Yes
40076,Yes
40077,No
40078,No
40079,No
40080,No
40081,No
40082,No
40083,No
40084,No
40085,No
40086,Yes
40087,No
40088,No
40089,No
40090,No
40091,No
40092,Yes
40093,No
40094,Yes
40095,Yes
40096,No
40097,No
40098,No
40099,Yes
40100,No
40101,No
40102,No
40103,No
40104,No
40105,Yes
40106,No
40107,No
40108,No
40109,Yes
40110,No
40111,No
40112,No
40113,No
40114,No
40115,No
40116,No
40117,No
40118,No
40119,No
40120,Yes
40121,Yes
40122,Yes
40123,No
40124,Yes
40125,No
40126,No
40127,No
40128,No
40129,Yes
40130,No
40131,Yes
40132,No
40133,No
40134,Yes
40135,No
40136,No
40137,Yes
40138,No
40139,Yes
40140,No
40141,No
40142,No
40143,No
40144,No
40145,No
40146,No
40147,No
40148,No
40149,No
40150,No
40151,No
40152,No
40153,No
40154,No
40155,No
40156,No
40157,No
40158,No
40159,No
40160,No
40161,Yes
40162,No
40163,Yes
40164,No
40165,No
40166,No
40167,No
40168,No
40169,No
40170,No
40171,No
40172,Yes
40173,No
40174,No
40175,No
40176,No
40177,No
40178,No
40179,Yes
40180,No
40181,No
40182,No
40183,No
40184,Yes
40185,Yes
40186,No
40187,Yes
40188,No
40189,Yes
40190,No
40191,No
40192,Yes
40193,Yes
40194,No
40195,No
40196,Yes
40197,Yes
40198,No
40199,No
40200,No
40201,No
40202,No
40203,No
40204,Yes
40205,No
40206,No
40207,No
40208,Yes
40209,No
40210,No
40211,No
40212,Yes
40213,No
40214,No
40215,No
40216,Yes
40217,No
40218,No
40219,No
40220,No
40221,No
40222,No
40223,No
40224,No
40225,No
40226,Yes
40227,No
40228,No
40229,No
40230,No
40231,Yes
40232,No
40233,No
40234,No
40235,No
40236,Yes
40237,Yes
40238,No
40239,No
40240,Yes
40241,No
40242,No
40243,No
40244,Yes
40245,No
40246,No
40247,No
40248,No
40249,Yes
40250,Yes
40251,No
40252,No
40253,No
40254,Yes
40255,No
40256,Yes
40257,No
40258,No
40259,No
40260,No
40261,Yes
40262,No
40263,No
40264,No
40265,No
40266,No
40267,No
40268,No
40269,No
40270,No
40271,No
40272,No
40273,No
40274,No
40275,No
40276,No
40277,No
40278,No
40279,Yes
40280,Yes
40281,No
40282,No
40283,No
40284,No
40285,No
40286,No
40287,No
40288,No
40289,No
40290,No
40291,Yes
40292,No
40293,Yes
40294,No
40295,No
40296,No
40297,No
40298,Yes
40299,No
40300,No
40301,No
40302,No
40303,No
40304,No
40305,No
40306,Yes
40307,No
40308,Yes
40309,Yes
40310,No
40311,No
40312,No
40313,No
40314,No
40315,No
40316,No
40317,No
40318,No
40319,No
40320,No
40321,No
40322,No
40323,Yes
40324,No
40325,No
40326,No
40327,No
40328,No
40329,No
40330,No
40331,No
40332,No
40333,No
40334,No
40335,No
40336,No
40337,No
40338,No
40339,No
40340,No
40341,Yes
40342,No
40343,Yes
40344,No
40345,No
40346,Yes
40347,Yes
40348,No
40349,Yes
40350,No
40351,Yes
40352,No
40353,No
40354,No
40355,Yes
40356,No
40357,Yes
40358,No
40359,No
40360,No
40361,Yes
40362,No
40363,No
40364,Yes
40365,No
40366,No
40367,Yes
40368,No
40369,No
40370,No
40371,No
40372,No
40373,Yes
40374,No
40375,Yes
40376,No
40377,No
40378,Yes
40379,No
40380,No
40381,No
40382,Yes
40383,No
40384,No
40385,Yes
40386,No
40387,Yes
40388,Yes
40389,No
40390,No
40391,No
40392,No
40393,Yes
40394,No
40395,No
40396,No
40397,No
40398,Yes
40399,No
40400,No
40401,No
40402,No
40403,Yes
40404,No
40405,No
40406,Yes
40407,No
40408,Yes
40409,No
40410,Yes
40411,No
40412,No
40413,No
40414,No
40415,No
40416,Yes
40417,No
40418,No
40419,No
40420,Yes
40421,Yes
40422,No
40423,No
40424,Yes
40425,No
40426,No
40427,No
40428,No
40429,Yes
40430,No
40431,No
40432,No
40433,No
40434,Yes
40435,No
40436,No
40437,Yes
40438,No
40439,No
40440,Yes
40441,Yes
40442,No
40443,No
40444,No
40445,No
40446,No
40447,No
40448,Yes
40449,Yes
40450,Yes
40451,Yes
40452,Yes
40453,No
40454,No
40455,No
40456,No
40457,No
40458,Yes
40459,No
40460,No
40461,No
40462,No
40463,Yes
40464,No
40465,No
40466,No
40467,No
40468,No
40469,No
40470,No
40471,Yes
40472,No
40473,No
40474,No
40475,Yes
40476,No
40477,No
40478,No
40479,Yes
40480,No
40481,Yes
40482,Yes
40483,No
40484,No
40485,No
40486,No
40487,No
40488,No
40489,No
40490,No
40491,No
40492,No
40493,No
40494,Yes
40495,No
40496,No
40497,Yes
40498,No
40499,Yes
40500,No
40501,No
40502,No
40503,Yes
40504,No
40505,No
40506,Yes
40507,No
40508,No
40509,Yes
40510,No
40511,No
40512,No
40513,No
40514,No
40515,Yes
40516,No
40517,Yes
40518,No
40519,No
40520,Yes
40521,No
40522,Yes
40523,No
40524,Yes
40525,Yes
40526,No
40527,No
40528,No
40529,No
40530,No
40531,No
40532,No
40533,No
40534,Yes
40535,No
40536,Yes
40537,Yes
40538,No
40539,No
40540,No
40541,No
40542,No
40543,No
40544,No
40545,No
40546,No
40547,Yes
40548,No
40549,No
40550,No
40551,No
40552,No
40553,Yes
40554,No
40555,No
40556,No
40557,No
40558,Yes
40559,No
40560,No
40561,No
40562,Yes
40563,No
40564,No
40565,Yes
40566,No
40567,Yes
40568,Yes
40569,No
40570,No
40571,No
40572,No
40573,No
40574,Yes
40575,No
40576,Yes
40577,No
40578,Yes
40579,No
40580,Yes
40581,No
40582,No
40583,No
40584,No
40585,No
40586,No
40587,No
40588,No
40589,Yes
40590,No
40591,No
40592,No
40593,No
40594,Yes
40595,Yes
40596,Yes
40597,No
40598,Yes
40599,No
40600,No
40601,No
40602,No
40603,No
40604,Yes
40605,No
40606,Yes
40607,No
40608,No
40609,No
40610,No
40611,Yes
40612,Yes
40613,No
40614,Yes
40615,Yes
40616,No
40617,No
40618,No
40619,No
40620,No
40621,No
40622,No
40623,No
40624,No
40625,Yes
40626,No
40627,Yes
40628,No
40629,No
40630,No
40631,No
40632,No
40633,No
40634,Yes
40635,No
40636,No
40637,Yes
40638,No
40639,Yes
40640,No
40641,No
40642,No
40643,No
40644,Yes
40645,Yes
40646,No
40647,Yes
40648,No
40649,No
40650,No
40651,No
40652,No
40653,Yes
40654,No
40655,No
40656,No
40657,No
40658,No
40659,No
40660,No
40661,No
40662,No
40663,No
40664,No
40665,No
40666,No
40667,Yes
40668,No
40669,No
40670,No
40671,Yes
40672,Yes
40673,No
40674,No
40675,No
40676,Yes
40677,No
40678,No
40679,No
40680,No
40681,No
40682,Yes
40683,Yes
40684,No
40685,No
40686,No
40687,No
40688,No
40689,No
40690,No
40691,No
40692,No
40693,No
40694,No
40695,No
40696,No
40697,No
40698,No
40699,No
40700,Yes
40701,No
40702,No
40703,Yes
40704,No
40705,No
40706,No
40707,Yes
40708,No
40709,No
40710,Yes
40711,No
40712,No
40713,No
40714,No
40715,No
40716,Yes
40717,Yes
40718,No
40719,No
40720,No
40721,No
40722,No
40723,No
40724,No
40725,No
40726,No
40727,No
40728,No
40729,No
40730,No
40731,No
40732,No
40733,No
40734,Yes
40735,No
40736,No
40737,Yes
40738,Yes
40739,No
40740,Yes
40741,No
40742,Yes
40743,No
40744,No
40745,No
40746,Yes
40747,No
40748,Yes
40749,Yes
40750,No
40751,No
40752,No
40753,Yes
40754,No
40755,No
40756,Yes
40757,No
40758,Yes
40759,No
40760,No
40761,Yes
40762,No
40763,Yes
40764,Yes
40765,No
40766,Yes
40767,No
40768,Yes
40769,No
40770,No
40771,No
40772,No
40773,No
40774,No
40775,No
40776,No
40777,No
40778,Yes
40779,No
40780,No
40781,Yes
40782,No
40783,No
40784,Yes
40785,No
40786,No
40787,Yes
40788,No
40789,No
40790,No
40791,Yes
40792,No
40793,Yes
40794,Yes
40795,No
40796,Yes
40797,No
40798,No
40799,No
40800,No
40801,No
40802,Yes
40803,No
40804,No
40805,No
40806,Yes
40807,No
40808,Yes
40809,No
40810,No
40811,No
40812,No
40813,No
40814,Yes
40815,Yes
40816,Yes
40817,No
40818,No
40819,No
40820,Yes
40821,No
40822,No
40823,No
40824,No
40825,No
40826,Yes
40827,Yes
40828,No
40829,No
40830,No
40831,No
40832,No
40833,No
40834,No
40835,Yes
40836,No
40837,No
40838,No
40839,No
40840,No
40841,No
40842,No
40843,No
40844,Yes
40845,No
40846,Yes
40847,No
40848,No
40849,No
40850,No
40851,Yes
40852,No
40853,No
40854,No
40855,Yes
40856,No
40857,No
40858,No
40859,No
40860,No
40861,Yes
40862,Yes
40863,Yes
40864,No
40865,No
40866,No
40867,No
40868,Yes
40869,Yes
40870,Yes
40871,Yes
40872,Yes
40873,No
40874,No
40875,Yes
40876,No
40877,No
40878,No
40879,No
40880,No
40881,Yes
40882,Yes
40883,No
40884,No
40885,No
40886,No
40887,No
40888,Yes
40889,No
40890,Yes
40891,No
40892,No
40893,No
40894,No
40895,No
40896,No
40897,No
40898,No
40899,No
40900,Yes
40901,No
40902,No
40903,No
40904,No
40905,No
40906,Yes
40907,No
40908,No
40909,No
40910,No
40911,No
40912,No
40913,Yes
40914,No
40915,No
40916,No
40917,No
40918,No
40919,Yes
40920,No
40921,Yes
40922,No
40923,No
40924,No
40925,Yes
40926,Yes
40927,No
40928,Yes
40929,No
40930,No
40931,No
40932,No
40933,No
40934,No
40935,No
40936,No
40937,No
40938,No
40939,No
40940,No
40941,No
40942,No
40943,No
40944,Yes
40945,No
40946,No
40947,No
40948,No
40949,No
40950,No
40951,No
40952,Yes
40953,No
40954,No
40955,No
40956,No
40957,Yes
40958,No
40959,No
40960,No
40961,No
40962,Yes
40963,Yes
40964,Yes
40965,No
40966,No
40967,No
40968,Yes
40969,No
40970,No
40971,No
40972,Yes
40973,Yes
40974,No
40975,No
40976,Yes
40977,No
40978,No
40979,Yes
40980,Yes
40981,No
40982,No
40983,No
40984,Yes
40985,No
40986,No
40987,No
40988,No
40989,No
40990,No
40991,No
40992,No
40993,No
40994,No
40995,No
40996,No
40997,Yes
40998,Yes
40999,No
41000,Yes
41001,No
41002,No
41003,Yes
41004,Yes
41005,No
41006,No
41007,No
41008,No
41009,No
41010,No
41011,No
41012,No
41013,No
41014,No
41015,Yes
41016,No
41017,No
41018,No
41019,Yes
41020,No
41021,No
41022,No
41023,Yes
41024,No
41025,Yes
41026,Yes
41027,No
41028,Yes
41029,Yes
41030,No
41031,No
41032,No
41033,No
41034,Yes
41035,No
41036,No
41037,No
41038,Yes
41039,No
41040,Yes
41041,No
41042,No
41043,No
41044,Yes
41045,No
41046,No
41047,No
41048,No
41049,No
41050,No
41051,No
41052,No
41053,No
41054,Yes
41055,Yes
41056,No
41057,No
41058,No
41059,No
41060,Yes
41061,No
41062,Yes
41063,No
41064,No
41065,Yes
41066,No
41067,Yes
41068,No
41069,No
41070,No
41071,Yes
41072,No
41073,Yes
41074,No
41075,No
41076,No
41077,No
41078,No
41079,Yes
41080,No
41081,No
41082,No
41083,No
41084,No
41085,No
41086,Yes
41087,No
41088,No
41089,Yes
41090,No
41091,No
41092,Yes
41093,No
41094,No
41095,No
41096,No
41097,Yes
41098,No
41099,No
41100,No
41101,No
41102,No
41103,No
41104,No
41105,Yes
41106,No
41107,Yes
41108,No
41109,No
41110,No
41111,No
41112,No
41113,Yes
41114,No
41115,No
41116,No
41117,Yes
41118,Yes
41119,Yes
41120,No
41121,No
41122,No
41123,No
41124,No
41125,Yes
41126,No
41127,No
41128,No
41129,Yes
41130,No
41131,No
41132,No
41133,No
41134,No
41135,Yes
41136,No
41137,No
41138,No
41139,No
41140,No
41141,No
41142,No
41143,No
41144,Yes
41145,No
41146,No
41147,Yes
41148,No
41149,No
41150,No
41151,No
41152,No
41153,No
41154,Yes
41155,No
41156,No
41157,No
41158,Yes
41159,No
41160,No
41161,No
41162,No
41163,No
41164,No
41165,No
41166,Yes
41167,No
41168,Yes
41169,Yes
41170,No
41171,No
41172,No
41173,Yes
41174,No
41175,No
41176,No
41177,Yes
41178,No
41179,No
41180,Yes
41181,Yes
41182,No
41183,Yes
41184,No
41185,No
41186,Yes
41187,No
41188,No
41189,Yes
41190,No
41191,No
41192,No
41193,Yes
41194,No
41195,No
41196,Yes
41197,No
41198,No
41199,Yes
41200,No
41201,No
41202,No
41203,Yes
41204,No
41205,No
41206,No
41207,No
41208,No
41209,No
41210,No
41211,No
41212,No
41213,No
41214,No
41215,No
41216,Yes
41217,No
41218,No
41219,No
41220,No
41221,No
41222,No
41223,No
41224,Yes
41225,Yes
41226,No
41227,No
41228,Yes
41229,Yes
41230,Yes
41231,Yes
41232,No
41233,No
41234,Yes
41235,Yes
41236,Yes
41237,No
41238,Yes
41239,No
41240,No
41241,No
41242,No
41243,No
41244,No
41245,No
41246,No
41247,No
41248,No
41249,No
41250,No
41251,No
41252,Yes
41253,Yes
41254,No
41255,Yes
41256,No
41257,No
41258,No
41259,No
41260,Yes
41261,No
41262,Yes
41263,No
41264,No
41265,No
41266,No
41267,No
41268,No
41269,No
41270,No
41271,No
41272,No
41273,No
41274,No
41275,Yes
41276,Yes
41277,No
41278,No
41279,No
41280,No
41281,No
41282,No
41283,No
41284,No
41285,Yes
41286,Yes
41287,No
41288,No
41289,No
41290,No
41291,No
41292,No
41293,Yes
41294,No
41295,Yes
41296,No
41297,No
41298,No
41299,Yes
41300,No
41301,No
41302,No
41303,No
41304,No
41305,No
41306,No
41307,No
41308,No
41309,No
41310,No
41311,No
41312,Yes
41313,No
41314,Yes
41315,No
41316,No
41317,No
41318,No
41319,No
41320,No
41321,Yes
41322,No
41323,No
41324,No
41325,No
41326,No
41327,No
41328,Yes
41329,No
41330,Yes
41331,No
41332,No
41333,No
41334,Yes
41335,No
41336,Yes
41337,No
41338,No
41339,Yes
41340,Yes
41341,No
41342,No
41343,No
41344,No
41345,No
41346,No
41347,Yes
41348,Yes
41349,No
41350,No
41351,No
41352,No
41353,Yes
41354,No
41355,No
41356,No
41357,No
41358,No
41359,Yes
41360,Yes
41361,Yes
41362,Yes
41363,No
41364,Yes
41365,No
41366,Yes
41367,No
41368,No
41369,No
41370,No
41371,Yes
41372,No
41373,No
41374,No
41375,Yes
41376,No
41377,Yes
41378,No
41379,Yes
41380,No
41381,No
41382,No
41383,Yes
41384,Yes
41385,No
41386,No
41387,No
41388,No
41389,No
41390,No
41391,Yes
41392,No
41393,Yes
41394,Yes
41395,No
41396,No
41397,No
41398,No
41399,Yes
41400,No
41401,No
41402,Yes
41403,Yes
41404,No
41405,No
41406,No
41407,No
41408,No
41409,Yes
41410,No
41411,No
41412,No
41413,No
41414,Yes
41415,No
41416,Yes
41417,No
41418,No
41419,Yes
41420,Yes
41421,No
41422,Yes
41423,No
41424,No
41425,No
41426,No
41427,Yes
41428,Yes
41429,No
41430,No
41431,No
41432,Yes
41433,Yes
41434,No
41435,Yes
41436,No
41437,No
41438,No
41439,No
41440,No
41441,No
41442,No
41443,No
41444,Yes
41445,Yes
41446,No
41447,No
41448,Yes
41449,Yes
41450,No
41451,Yes
41452,No
41453,Yes
41454,No
41455,Yes
41456,No
41457,No
41458,Yes
41459,No
41460,No
41461,No
41462,No
41463,No
41464,No
41465,Yes
41466,No
41467,Yes
41468,Yes
41469,No
41470,No
41471,No
41472,No
41473,Yes
41474,No
41475,Yes
41476,No
41477,No
41478,Yes
41479,No
41480,No
41481,No
41482,No
41483,Yes
41484,Yes
41485,No
41486,No
41487,No
41488,No
41489,Yes
41490,No
41491,No
41492,No
41493,No
41494,No
41495,Yes
41496,Yes
41497,Yes
41498,No
41499,Yes
41500,No
41501,No
41502,No
41503,No
41504,No
41505,No
41506,No
41507,No
41508,Yes
41509,No
41510,No
41511,No
41512,No
41513,Yes
41514,Yes
41515,Yes
41516,No
41517,No
41518,No
41519,No
41520,No
41521,No
41522,No
41523,No
41524,No
41525,Yes
41526,No
41527,No
41528,Yes
41529,No
41530,No
41531,Yes
41532,No
41533,No
41534,No
41535,Yes
41536,Yes
41537,No
41538,No
41539,No
41540,No
41541,No
41542,Yes
41543,Yes
41544,No
41545,Yes
41546,Yes
41547,No
41548,No
41549,No
41550,No
41551,No
41552,No
41553,No
41554,Yes
41555,No
41556,No
41557,No
41558,No
41559,No
41560,No
41561,No
41562,Yes
41563,Yes
41564,Yes
41565,Yes
41566,No
41567,No
41568,No
41569,No
41570,No
41571,Yes
41572,No
41573,No
41574,No
41575,No
41576,Yes
41577,No
41578,No
41579,Yes
41580,Yes
41581,No
41582,No
41583,No
41584,No
41585,Yes
41586,No
41587,Yes
41588,No
41589,Yes
41590,No
41591,Yes
41592,No
41593,No
41594,No
41595,No
41596,No
41597,No
41598,Yes
41599,Yes
41600,No
41601,No
41602,No
41603,Yes
41604,No
41605,No
41606,No
41607,No
41608,No
41609,No
41610,No
41611,No
41612,Yes
41613,No
41614,No
41615,Yes
41616,No
41617,No
41618,No
41619,No
41620,No
41621,No
41622,No
41623,Yes
41624,No
41625,Yes
41626,No
41627,No
41628,No
41629,No
41630,Yes
41631,No
41632,No
41633,No
41634,No
41635,No
41636,No
41637,Yes
41638,Yes
41639,No
41640,No
41641,No
41642,Yes
41643,No
41644,Yes
41645,No
41646,No
41647,No
41648,No
41649,Yes
41650,Yes
41651,No
41652,No
41653,Yes
41654,No
41655,No
41656,No
41657,No
41658,No
41659,No
41660,Yes
41661,No
41662,Yes
41663,Yes
41664,No
41665,No
41666,No
41667,No
41668,No
41669,No
41670,No
41671,Yes
41672,No
41673,No
41674,No
41675,No
41676,No
41677,Yes
41678,No
41679,No
41680,No
41681,Yes
41682,No
41683,No
41684,Yes
41685,No
41686,Yes
41687,Yes
41688,No
41689,No
41690,Yes
41691,No
41692,No
41693,No
41694,No
41695,Yes
41696,No
41697,No
41698,No
41699,No
41700,No
41701,Yes
41702,No
41703,No
41704,No
41705,No
41706,No
41707,No
41708,No
41709,No
41710,No
41711,No
41712,No
41713,Yes
41714,No
41715,Yes
41716,No
41717,No
41718,No
41719,No
41720,No
41721,No
41722,No
41723,No
41724,Yes
41725,No
41726,No
41727,Yes
41728,No
41729,Yes
41730,Yes
41731,No
41732,Yes
41733,No
41734,Yes
41735,No
41736,No
41737,No
41738,No
41739,No
41740,No
41741,No
41742,No
41743,No
41744,No
41745,Yes
41746,No
41747,No
41748,No
41749,No
41750,Yes
41751,No
41752,No
41753,No
41754,No
41755,Yes
41756,No
41757,Yes
41758,No
41759,No
41760,Yes
41761,No
41762,No
41763,Yes
41764,Yes
41765,No
41766,No
41767,No
41768,No
41769,No
41770,No
41771,No
41772,Yes
41773,No
41774,Yes
41775,Yes
41776,No
41777,No
41778,No
41779,No
41780,Yes
41781,No
41782,Yes
41783,No
41784,Yes
41785,No
41786,Yes
41787,Yes
41788,Yes
41789,No
41790,Yes
41791,Yes
41792,Yes
41793,Yes
41794,No
41795,Yes
41796,No
41797,Yes
41798,No
41799,No
41800,No
41801,No
41802,No
41803,Yes
41804,No
41805,Yes
41806,No
41807,No
41808,No
41809,No
41810,Yes
41811,No
41812,No
41813,No
41814,Yes
41815,No
41816,No
41817,No
41818,No
41819,No
41820,No
41821,No
41822,No
41823,No
41824,No
41825,No
41826,No
41827,No
41828,Yes
41829,No
41830,No
41831,Yes
41832,No
41833,Yes
41834,No
41835,No
41836,Yes
41837,No
41838,No
41839,No
41840,No
41841,No
41842,No
41843,No
41844,No
41845,No
41846,No
41847,Yes
41848,No
41849,No
41850,Yes
41851,Yes
41852,Yes
41853,No
41854,No
41855,Yes
41856,No
41857,Yes
41858,Yes
41859,Yes
41860,Yes
41861,No
41862,No
41863,No
41864,No
41865,Yes
41866,No
41867,No
41868,Yes
41869,No
41870,No
41871,No
41872,No
41873,No
41874,No
41875,No
41876,Yes
41877,No
41878,Yes
41879,Yes
41880,No
41881,No
41882,Yes
41883,No
41884,No
41885,No
41886,Yes
41887,No
41888,No
41889,No
41890,Yes
41891,No
41892,No
41893,No
41894,No
41895,Yes
41896,No
41897,No
41898,No
41899,No
41900,No
41901,No
41902,Yes
41903,Yes
41904,No
41905,No
41906,No
41907,Yes
41908,No
41909,No
41910,Yes
41911,No
41912,No
41913,Yes
41914,No
41915,Yes
41916,No
41917,No
41918,No
41919,No
41920,Yes
41921,No
41922,No
41923,No
41924,No
41925,Yes
41926,No
41927,Yes
41928,Yes
41929,Yes
41930,No
41931,Yes
41932,Yes
41933,No
41934,No
41935,Yes
41936,No
41937,No
41938,Yes
41939,Yes
41940,Yes
41941,Yes
41942,No
41943,No
41944,No
41945,No
41946,No
41947,No
41948,No
41949,No
41950,No
41951,Yes
41952,No
41953,No
41954,No
41955,No
41956,Yes
41957,Yes
41958,Yes
41959,No
41960,Yes
41961,Yes
41962,No
41963,No
41964,No
41965,No
41966,No
41967,No
41968,No
41969,No
41970,No
41971,Yes
41972,Yes
41973,No
41974,No
41975,Yes
41976,No
41977,Yes
41978,No
41979,No
41980,No
41981,No
41982,No
41983,No
41984,No
41985,Yes
41986,Yes
41987,No
41988,No
41989,No
41990,No
41991,Yes
41992,No
41993,Yes
41994,No
41995,No
41996,Yes
41997,No
41998,Yes
41999,Yes
42000,No
42001,Yes
42002,Yes
42003,No
42004,No
42005,No
42006,No
42007,No
42008,Yes
42009,No
42010,Yes
42011,Yes
42012,No
42013,No
42014,No
42015,No
42016,No
42017,Yes
42018,Yes
42019,Yes
42020,No
42021,No
42022,No
42023,No
42024,No
42025,No
42026,No
42027,Yes
42028,No
42029,No
42030,Yes
42031,No
42032,No
42033,Yes
42034,No
42035,Yes
42036,Yes
42037,No
42038,Yes
42039,No
42040,Yes
42041,No
42042,No
42043,No
42044,No
42045,No
42046,Yes
42047,No
42048,No
42049,No
42050,No
42051,Yes
42052,No
42053,No
42054,Yes
42055,No
42056,Yes
42057,Yes
42058,Yes
42059,No
42060,Yes
42061,Yes
42062,Yes
42063,No
42064,No
42065,Yes
42066,Yes
42067,No
42068,No
42069,No
42070,No
42071,No
42072,No
42073,No
42074,No
42075,No
42076,Yes
42077,No
42078,No
42079,No
42080,No
42081,No
42082,No
42083,No
42084,No
42085,No
42086,No
42087,No
42088,No
42089,No
42090,No
42091,No
42092,No
42093,Yes
42094,No
42095,No
42096,No
42097,No
42098,No
42099,No
42100,Yes
42101,No
42102,No
42103,No
42104,No
42105,No
42106,No
42107,No
42108,No
42109,No
42110,No
42111,Yes
42112,No
42113,No
42114,No
42115,No
42116,No
42117,No
42118,No
42119,No
42120,Yes
42121,No
42122,Yes
42123,No
42124,No
42125,Yes
42126,No
42127,No
42128,No
42129,No
42130,No
42131,Yes
42132,No
42133,No
42134,No
42135,Yes
42136,No
42137,No
42138,Yes
42139,Yes
42140,No
42141,Yes
42142,No
42143,Yes
42144,Yes
42145,No
42146,No
42147,No
42148,No
42149,Yes
42150,No
42151,No
42152,No
42153,No
42154,No
42155,Yes
42156,No
42157,No
42158,No
42159,No
42160,No
42161,Yes
42162,Yes
42163,No
42164,No
42165,No
42166,Yes
42167,No
42168,No
42169,No
42170,Yes
42171,Yes
42172,No
42173,Yes
42174,No
42175,No
42176,No
42177,No
42178,No
42179,No
42180,No
42181,Yes
42182,No
42183,No
42184,No
42185,Yes
42186,No
42187,Yes
42188,Yes
42189,Yes
42190,No
42191,No
42192,Yes
42193,No
42194,No
42195,No
42196,No
42197,No
42198,Yes
42199,No
42200,Yes
42201,No
42202,Yes
42203,No
42204,Yes
42205,No
42206,No
42207,No
42208,No
42209,No
42210,No
42211,No
42212,No
42213,No
42214,No
42215,Yes
42216,No
42217,No
42218,No
42219,Yes
42220,No
42221,No
42222,No
42223,Yes
42224,No
42225,No
42226,No
42227,No
42228,No
42229,No
42230,No
42231,Yes
42232,No
42233,Yes
42234,No
42235,No
42236,Yes
42237,No
42238,No
42239,No
42240,Yes
42241,No
42242,Yes
42243,No
42244,Yes
42245,Yes
42246,No
42247,No
42248,No
42249,Yes
42250,No
42251,No
42252,No
42253,Yes
42254,No
42255,No
42256,No
42257,No
42258,No
42259,Yes
42260,No
42261,No
42262,No
42263,No
42264,No
42265,Yes
42266,Yes
42267,Yes
42268,No
42269,Yes
42270,Yes
42271,No
42272,Yes
42273,No
42274,No
42275,Yes
42276,No
42277,Yes
42278,No
42279,No
42280,Yes
42281,No
42282,No
42283,No
42284,No
42285,No
42286,No
42287,No
42288,Yes
42289,No
42290,No
42291,No
42292,No
42293,No
42294,No
42295,Yes
42296,No
42297,Yes
42298,Yes
42299,Yes
42300,No
42301,No
42302,No
42303,No
42304,No
42305,No
42306,No
42307,No
42308,Yes
42309,No
42310,Yes
42311,No
42312,No
42313,No
42314,Yes
42315,No
42316,No
42317,No
42318,No
42319,No
42320,Yes
42321,No
42322,No
42323,No
42324,Yes
42325,Yes
42326,No
42327,Yes
42328,No
42329,No
42330,No
42331,Yes
42332,No
42333,No
42334,No
42335,Yes
42336,No
42337,No
42338,No
42339,Yes
42340,No
42341,No
42342,No
42343,No
42344,No
42345,No
42346,Yes
42347,No
42348,No
42349,Yes
42350,No
42351,Yes
42352,No
42353,Yes
42354,No
42355,No
42356,No
42357,No
42358,No
42359,No
42360,No
42361,No
42362,Yes
42363,Yes
42364,No
42365,No
42366,No
42367,No
42368,No
42369,No
42370,No
42371,No
42372,No
42373,No
42374,No
42375,No
42376,No
42377,No
42378,No
42379,Yes
42380,No
42381,No
42382,Yes
42383,No
42384,No
42385,No
42386,No
42387,No
42388,No
42389,No
42390,No
42391,No
42392,Yes
42393,No
42394,No
42395,No
42396,No
42397,No
42398,No
42399,No
42400,No
42401,Yes
42402,No
42403,No
42404,No
42405,No
42406,No
42407,No
42408,No
42409,No
42410,No
42411,Yes
42412,No
42413,Yes
42414,Yes
42415,No
42416,No
42417,No
42418,No
42419,Yes
42420,No
42421,No
42422,Yes
42423,Yes
42424,No
42425,No
42426,No
42427,No
42428,No
42429,No
42430,No
42431,No
42432,No
42433,Yes
42434,Yes
42435,Yes
42436,No
42437,No
42438,No
42439,No
42440,No
42441,Yes
42442,Yes
42443,Yes
42444,No
42445,No
42446,No
42447,No
42448,No
42449,Yes
42450,Yes
42451,Yes
42452,No
42453,No
42454,Yes
42455,No
42456,No
42457,No
42458,Yes
42459,No
42460,Yes
42461,Yes
42462,No
42463,Yes
42464,Yes
42465,No
42466,Yes
42467,No
42468,No
42469,No
42470,No
42471,No
42472,Yes
42473,No
42474,Yes
42475,No
42476,No
42477,Yes
42478,No
42479,No
42480,Yes
42481,No
42482,Yes
42483,Yes
42484,No
42485,No
42486,Yes
42487,No
42488,No
42489,No
42490,No
42491,Yes
42492,No
42493,No
42494,No
42495,No
42496,Yes
42497,No
42498,No
42499,No
42500,No
42501,No
42502,No
42503,No
42504,No
42505,No
42506,No
42507,No
42508,Yes
42509,No
42510,Yes
42511,No
42512,No
42513,No
42514,No
42515,Yes
42516,Yes
42517,No
42518,Yes
42519,Yes
42520,No
42521,No
42522,No
42523,No
42524,No
42525,No
42526,Yes
42527,Yes
42528,No
42529,No
42530,No
42531,No
42532,No
42533,No
42534,No
42535,Yes
42536,No
42537,No
42538,Yes
42539,Yes
42540,Yes
42541,No
42542,Yes
42543,Yes
42544,Yes
42545,No
42546,No
42547,No
42548,Yes
42549,Yes
42550,No
42551,Yes
42552,No
42553,No
42554,No
42555,Yes
42556,No
42557,No
42558,No
42559,No
42560,No
42561,No
42562,No
42563,No
42564,No
42565,Yes
42566,No
42567,Yes
42568,No
42569,No
42570,No
42571,No
42572,Yes
42573,No
42574,No
42575,No
42576,Yes
42577,No
42578,No
42579,No
42580,Yes
42581,Yes
42582,No
42583,No
42584,Yes
42585,No
42586,Yes
42587,No
42588,No
42589,No
42590,No
42591,No
42592,Yes
42593,No
42594,No
42595,No
42596,No
42597,Yes
42598,No
42599,No
42600,Yes
42601,No
42602,No
42603,No
42604,Yes
42605,No
42606,No
42607,No
42608,No
42609,Yes
42610,No
42611,No
42612,No
42613,No
42614,No
42615,No
42616,Yes
42617,No
42618,Yes
42619,No
42620,No
42621,No
42622,Yes
42623,No
42624,No
42625,No
42626,No
42627,No
42628,No
42629,No
42630,No
42631,No
42632,No
42633,Yes
42634,No
42635,No
42636,Yes
42637,No
42638,No
42639,Yes
42640,Yes
42641,No
42642,No
42643,No
42644,No
42645,Yes
42646,No
42647,Yes
42648,No
42649,No
42650,No
42651,No
42652,Yes
42653,No
42654,No
42655,No
42656,Yes
42657,No
42658,No
42659,No
42660,No
42661,No
42662,No
42663,No
42664,No
42665,No
42666,Yes
42667,No
42668,Yes
42669,No
42670,No
42671,Yes
42672,Yes
42673,Yes
42674,No
42675,Yes
42676,No
42677,Yes
42678,No
42679,No
42680,No
42681,Yes
42682,No
42683,Yes
42684,Yes
42685,No
42686,No
42687,No
42688,No
42689,No
42690,No
42691,No
42692,No
42693,No
42694,No
42695,No
42696,Yes
42697,No
42698,No
42699,No
42700,Yes
42701,No
42702,Yes
42703,No
42704,No
42705,No
42706,No
42707,Yes
42708,No
42709,No
42710,No
42711,Yes
42712,No
42713,Yes
42714,Yes
42715,Yes
42716,No
42717,No
42718,Yes
42719,No
42720,No
42721,No
42722,No
42723,No
42724,No
42725,No
42726,Yes
42727,No
42728,Yes
42729,Yes
42730,No
42731,No
42732,No
42733,No
42734,Yes
42735,No
42736,No
42737,No
42738,No
42739,No
42740,No
42741,Yes
42742,No
42743,No
42744,No
42745,No
42746,No
42747,No
42748,No
42749,No
42750,Yes
42751,No
42752,Yes
42753,Yes
42754,No
42755,No
42756,No
42757,No
42758,Yes
42759,Yes
42760,No
42761,No
42762,Yes
42763,Yes
42764,Yes
42765,Yes
42766,No
42767,No
42768,No
42769,No
42770,No
42771,No
42772,No
42773,No
42774,No
42775,Yes
42776,No
42777,No
42778,No
42779,Yes
42780,No
42781,No
42782,No
42783,Yes
42784,Yes
42785,No
42786,No
42787,Yes
42788,No
42789,No
42790,No
42791,No
42792,Yes
42793,Yes
42794,No
42795,Yes
42796,Yes
42797,Yes
42798,No
42799,No
42800,No
42801,No
42802,No
42803,No
42804,Yes
42805,No
42806,No
42807,No
42808,No
42809,No
42810,Yes
42811,Yes
42812,No
42813,No
42814,Yes
42815,No
42816,No
42817,No
42818,No
42819,Yes
42820,No
42821,Yes
42822,No
42823,No
42824,No
42825,Yes
42826,No
42827,Yes
42828,Yes
42829,Yes
42830,No
42831,Yes
42832,No
42833,No
42834,No
42835,Yes
42836,No
42837,No
42838,No
42839,No
42840,No
42841,No
42842,No
42843,No
42844,No
42845,No
42846,No
42847,No
42848,No
42849,Yes
42850,No
42851,No
42852,Yes
42853,No
42854,No
42855,No
42856,No
42857,Yes
42858,No
42859,Yes
42860,No
42861,No
42862,Yes
42863,No
42864,No
42865,No
42866,No
42867,Yes
42868,No
42869,No
42870,No
42871,Yes
42872,Yes
42873,No
42874,No
42875,No
42876,No
42877,Yes
42878,No
42879,No
42880,Yes
42881,No
42882,No
42883,No
42884,No
42885,Yes
42886,No
42887,No
42888,No
42889,No
42890,No
42891,Yes
42892,No
42893,No
42894,No
42895,No
42896,No
42897,Yes
42898,No
42899,No
42900,Yes
42901,Yes
42902,No
42903,No
42904,Yes
42905,No
42906,Yes
42907,No
42908,No
42909,No
42910,Yes
42911,No
42912,No
42913,No
42914,No
42915,No
42916,No
42917,No
42918,No
42919,No
42920,Yes
42921,No
42922,No
42923,No
42924,No
42925,Yes
42926,No
42927,No
42928,No
42929,Yes
42930,No
42931,No
42932,No
42933,No
42934,No
42935,No
42936,Yes
42937,Yes
42938,No
42939,Yes
42940,Yes
42941,No
42942,No
42943,No
42944,No
42945,Yes
42946,No
42947,No
42948,No
42949,Yes
42950,No
42951,Yes
42952,No
42953,No
42954,No
42955,Yes
42956,No
42957,No
42958,Yes
42959,No
42960,No
42961,No
42962,Yes
42963,No
42964,No
42965,Yes
42966,No
42967,No
42968,No
42969,No
42970,Yes
42971,Yes
42972,Yes
42973,No
42974,No
42975,No
42976,No
42977,No
42978,Yes
42979,No
42980,No
42981,Yes
42982,Yes
42983,No
42984,No
42985,No
42986,No
42987,No
42988,No
42989,No
42990,No
42991,No
42992,No
42993,No
42994,No
42995,No
42996,No
42997,No
42998,No
42999,Yes
43000,No
43001,Yes
43002,No
43003,No
43004,No
43005,No
43006,No
43007,No
43008,No
43009,No
43010,No
43011,No
43012,No
43013,No
43014,No
43015,No
43016,No
43017,No
43018,No
43019,No
43020,No
43021,No
43022,No
43023,No
43024,No
43025,Yes
43026,No
43027,No
43028,No
43029,No
43030,No
43031,No
43032,No
43033,No
43034,No
43035,No
43036,Yes
43037,No
43038,No
43039,No
43040,No
43041,Yes
43042,Yes
43043,No
43044,No
43045,No
43046,Yes
43047,No
43048,No
43049,No
43050,Yes
43051,No
43052,No
43053,No
43054,No
43055,No
43056,No
43057,No
43058,No
43059,No
43060,No
43061,Yes
43062,No
43063,No
43064,Yes
43065,No
43066,No
43067,No
43068,Yes
43069,No
43070,No
43071,No
43072,Yes
43073,No
43074,Yes
43075,No
43076,No
43077,No
43078,No
43079,No
43080,Yes
43081,Yes
43082,No
43083,No
43084,Yes
43085,Yes
43086,No
43087,No
43088,No
43089,No
43090,No
43091,Yes
43092,Yes
43093,No
43094,No
43095,No
43096,No
43097,No
43098,No
43099,Yes
43100,No
43101,No
43102,No
43103,No
43104,No
43105,No
43106,Yes
43107,No
43108,Yes
43109,No
43110,No
43111,Yes
43112,Yes
43113,No
43114,Yes
43115,No
43116,Yes
43117,No
43118,Yes
43119,No
43120,No
43121,No
43122,No
43123,No
43124,No
43125,No
43126,Yes
43127,No
43128,No
43129,No
43130,No
43131,No
43132,No
43133,No
43134,Yes
43135,No
43136,Yes
43137,No
43138,No
43139,No
43140,No
43141,No
43142,No
43143,No
43144,Yes
43145,Yes
43146,No
43147,No
43148,No
43149,Yes
43150,Yes
43151,Yes
43152,No
43153,Yes
43154,No
43155,No
43156,No
43157,No
43158,No
43159,Yes
43160,No
43161,No
43162,No
43163,No
43164,Yes
43165,No
43166,Yes
43167,No
43168,No
43169,No
43170,No
43171,No
43172,No
43173,No
43174,No
43175,Yes
43176,Yes
43177,No
43178,Yes
43179,No
43180,No
43181,No
43182,No
43183,Yes
43184,No
43185,No
43186,No
43187,No
43188,No
43189,Yes
43190,No
43191,Yes
43192,No
43193,No
43194,No
43195,Yes
43196,No
43197,Yes
43198,No
43199,No
43200,No
43201,No
43202,Yes
43203,Yes
43204,Yes
43205,No
43206,Yes
43207,No
43208,No
43209,No
43210,No
43211,Yes
43212,No
43213,No
43214,Yes
43215,Yes
43216,No
43217,Yes
43218,No
43219,Yes
43220,No
43221,No
43222,No
43223,No
43224,No
43225,Yes
43226,No
43227,No
43228,Yes
43229,No
43230,No
43231,Yes
43232,No
43233,No
43234,Yes
43235,No
43236,Yes
43237,Yes
43238,No
43239,No
43240,No
43241,No
43242,No
43243,No
43244,No
43245,Yes
43246,No
43247,No
43248,No
43249,No
43250,Yes
43251,No
43252,No
43253,No
43254,No
43255,No
43256,No
43257,No
43258,No
43259,No
43260,No
43261,Yes
43262,No
43263,No
43264,No
43265,No
43266,No
43267,No
43268,Yes
43269,No
43270,No
43271,Yes
43272,No
43273,No
43274,Yes
43275,No
43276,Yes
43277,No
43278,No
43279,No
43280,Yes
43281,No
43282,No
43283,Yes
43284,No
43285,No
43286,No
43287,No
43288,No
43289,Yes
43290,No
43291,No
43292,Yes
43293,No
43294,Yes
43295,Yes
43296,No
43297,No
43298,Yes
43299,No
43300,No
43301,No
43302,No
43303,No
43304,No
43305,Yes
43306,No
43307,No
43308,No
43309,No
43310,No
43311,No
43312,Yes
43313,No
43314,No
43315,No
43316,No
43317,No
43318,No
43319,No
43320,No
43321,No
43322,Yes
43323,Yes
43324,No
43325,No
43326,No
43327,No
43328,No
43329,No
43330,No
43331,No
43332,No
43333,No
43334,No
43335,No
43336,No
43337,No
43338,No
43339,No
43340,No
43341,No
43342,No
43343,No
43344,No
43345,No
43346,No
43347,Yes
43348,Yes
43349,No
43350,Yes
43351,No
43352,Yes
43353,No
43354,Yes
43355,No
43356,No
43357,No
43358,No
43359,No
43360,No
43361,No
43362,Yes
43363,No
43364,No
43365,No
43366,No
43367,No
43368,Yes
43369,Yes
43370,Yes
43371,No
43372,Yes
43373,No
43374,Yes
43375,No
43376,No
43377,No
43378,No
43379,Yes
43380,No
43381,No
43382,No
43383,Yes
43384,No
43385,No
43386,Yes
43387,No
43388,No
43389,Yes
43390,No
43391,Yes
43392,No
43393,Yes
43394,Yes
43395,No
43396,No
43397,Yes
43398,Yes
43399,No
43400,No
43401,No
43402,No
43403,No
43404,No
43405,Yes
43406,Yes
43407,No
43408,No
43409,No
43410,No
43411,No
43412,Yes
43413,Yes
43414,No
43415,No
43416,No
43417,Yes
43418,No
43419,No
43420,No
43421,No
43422,Yes
43423,Yes
43424,No
43425,Yes
43426,No
43427,No
43428,No
43429,No
43430,Yes
43431,No
43432,No
43433,No
43434,No
43435,No
43436,Yes
43437,No
43438,Yes
43439,No
43440,No
43441,No
43442,No
43443,No
43444,No
43445,No
43446,No
43447,No
43448,No
43449,No
43450,No
43451,No
43452,Yes
43453,No
43454,No
43455,No
43456,No
43457,No
43458,No
43459,No
43460,Yes
43461,No
43462,No
43463,No
43464,No
43465,Yes
43466,No
43467,Yes
43468,No
43469,No
43470,Yes
43471,No
43472,Yes
43473,No
43474,Yes
43475,Yes
43476,No
43477,Yes
43478,Yes
43479,No
43480,No
43481,No
43482,No
43483,No
43484,No
43485,No
43486,No
43487,Yes
43488,Yes
43489,No
43490,No
43491,No
43492,No
43493,No
43494,Yes
43495,No
43496,Yes
43497,No
43498,No
43499,Yes
43500,No
43501,No
43502,No
43503,Yes
43504,No
43505,No
43506,No
43507,No
43508,Yes
43509,Yes
43510,Yes
43511,No
43512,No
43513,No
43514,No
43515,No
43516,No
43517,No
43518,No
43519,Yes
43520,No
43521,Yes
43522,No
43523,No
43524,Yes
43525,No
43526,No
43527,No
43528,No
43529,No
43530,No
43531,Yes
43532,Yes
43533,No
43534,Yes
43535,No
43536,Yes
43537,No
43538,No
43539,Yes
43540,Yes
43541,No
43542,No
43543,Yes
43544,No
43545,No
43546,Yes
43547,No
43548,No
43549,Yes
43550,No
43551,Yes
43552,Yes
43553,No
43554,No
43555,No
43556,No
43557,No
43558,No
43559,No
43560,No
43561,No
43562,No
43563,No
43564,Yes
43565,No
43566,No
43567,Yes
43568,Yes
43569,Yes
43570,No
43571,No
43572,No
43573,No
43574,No
43575,No
43576,Yes
43577,No
43578,Yes
43579,No
43580,Yes
43581,No
43582,No
43583,No
43584,No
43585,No
43586,No
43587,Yes
43588,No
43589,Yes
43590,No
43591,No
43592,No
43593,Yes
43594,No
43595,No
43596,No
43597,No
43598,Yes
43599,No
43600,No
43601,No
43602,No
43603,Yes
43604,Yes
43605,No
43606,Yes
43607,Yes
43608,No
43609,No
43610,No
43611,No
43612,No
43613,No
43614,No
43615,No
43616,Yes
43617,No
43618,No
43619,No
43620,No
43621,No
43622,Yes
43623,No
43624,Yes
43625,No
43626,No
43627,No
43628,Yes
43629,Yes
43630,No
43631,No
43632,No
43633,Yes
43634,No
43635,No
43636,No
43637,No
43638,No
43639,No
43640,No
43641,No
43642,Yes
43643,Yes
43644,Yes
43645,Yes
43646,No
43647,No
43648,No
43649,No
43650,No
43651,No
43652,No
43653,Yes
43654,No
43655,Yes
43656,No
43657,No
43658,Yes
43659,Yes
43660,No
43661,No
43662,No
43663,No
43664,Yes
43665,Yes
43666,No
43667,No
43668,No
43669,Yes
43670,Yes
43671,No
43672,No
43673,No
43674,No
43675,No
43676,No
43677,No
43678,Yes
43679,No
43680,Yes
43681,No
43682,No
43683,No
43684,No
43685,Yes
43686,No
43687,No
43688,No
43689,Yes
43690,No
43691,No
43692,No
43693,No
43694,No
43695,No
43696,No
43697,No
43698,No
43699,Yes
43700,Yes
43701,No
43702,Yes
43703,No
43704,Yes
43705,Yes
43706,No
43707,No
43708,No
43709,No
43710,No
43711,No
43712,No
43713,No
43714,No
43715,Yes
43716,No
43717,No
43718,Yes
43719,No
43720,No
43721,No
43722,No
43723,No
43724,No
43725,No
43726,No
43727,No
43728,No
43729,No
43730,No
43731,Yes
43732,No
43733,No
43734,No
43735,Yes
43736,Yes
43737,No
43738,No
43739,Yes
43740,No
43741,No
43742,Yes
43743,No
43744,No
43745,No
43746,Yes
43747,No
43748,No
43749,No
43750,Yes
43751,Yes
43752,Yes
43753,No
43754,Yes
43755,No
43756,Yes
43757,No
43758,No
43759,No
43760,No
43761,No
43762,No
43763,Yes
43764,No
43765,No
43766,No
43767,No
43768,Yes
43769,No
43770,Yes
43771,Yes
43772,Yes
43773,No
43774,No
43775,No
43776,No
43777,No
43778,No
43779,Yes
43780,Yes
43781,No
43782,No
43783,Yes
43784,Yes
43785,No
43786,Yes
43787,No
43788,No
43789,No
43790,No
43791,Yes
43792,No
43793,No
43794,No
43795,No
43796,No
43797,No
43798,No
43799,No
43800,Yes
43801,No
43802,No
43803,Yes
43804,Yes
43805,Yes
43806,Yes
43807,No
43808,No
43809,Yes
43810,No
43811,Yes
43812,No
43813,No
43814,Yes
43815,Yes
43816,Yes
43817,No
43818,No
43819,Yes
43820,No
43821,No
43822,Yes
43823,No
43824,No
43825,No
43826,No
43827,Yes
43828,No
43829,Yes
43830,No
43831,No
43832,No
43833,No
43834,No
43835,No
43836,No
43837,No
43838,Yes
43839,No
43840,No
43841,No
43842,No
43843,No
43844,Yes
43845,No
43846,No
43847,Yes
43848,No
43849,No
43850,No
43851,No
43852,Yes
43853,No
43854,No
43855,Yes
43856,No
43857,No
43858,No
43859,No
43860,No
43861,No
43862,Yes
43863,No
43864,Yes
43865,No
43866,No
43867,No
43868,Yes
43869,No
43870,Yes
43871,Yes
43872,No
43873,No
43874,No
43875,No
43876,No
43877,No
43878,No
43879,No
43880,No
43881,No
43882,No
43883,Yes
43884,No
43885,No
43886,No
43887,No
43888,No
43889,No
43890,Yes
43891,Yes
43892,No
43893,No
43894,No
43895,No
43896,No
43897,Yes
43898,No
43899,No
43900,No
43901,Yes
43902,No
43903,No
43904,No
43905,No
43906,No
43907,No
43908,No
43909,No
43910,No
43911,No
43912,No
43913,Yes
43914,No
43915,No
43916,No
43917,No
43918,Yes
43919,No
43920,No
43921,No
43922,No
43923,No
43924,Yes
43925,Yes
43926,No
43927,No
43928,No
43929,Yes
43930,No
43931,No
43932,Yes
43933,No
43934,No
43935,No
43936,Yes
43937,No
43938,No
43939,No
43940,Yes
43941,Yes
43942,No
43943,No
43944,Yes
43945,No
43946,No
43947,No
43948,No
43949,No
43950,Yes
43951,No
43952,Yes
43953,Yes
43954,No
43955,No
43956,No
43957,No
43958,No
43959,No
43960,No
43961,No
43962,No
43963,No
43964,Yes
43965,Yes
43966,No
43967,No
43968,No
43969,Yes
43970,No
43971,No
43972,No
43973,Yes
43974,No
43975,No
43976,No
43977,No
43978,No
43979,No
43980,No
43981,No
43982,Yes
43983,No
43984,No
43985,Yes
43986,No
43987,No
43988,No
43989,Yes
43990,No
43991,No
43992,No
43993,No
43994,No
43995,No
43996,No
43997,No
43998,No
43999,No
44000,Yes
44001,No
44002,No
44003,Yes
44004,Yes
44005,No
44006,Yes
44007,No
44008,Yes
44009,No
44010,No
44011,Yes
44012,Yes
44013,Yes
44014,No
44015,No
44016,No
44017,No
44018,No
44019,Yes
44020,Yes
44021,Yes
44022,No
44023,No
44024,No
44025,Yes
44026,No
44027,No
44028,Yes
44029,No
44030,No
44031,No
44032,No
44033,No
44034,Yes
44035,No
44036,No
44037,No
44038,No
44039,No
44040,Yes
44041,No
44042,No
44043,No
44044,No
44045,No
44046,Yes
44047,Yes
44048,No
44049,No
44050,No
44051,No
44052,No
44053,No
44054,No
44055,No
44056,No
44057,No
44058,No
44059,Yes
44060,Yes
44061,No
44062,No
44063,No
44064,No
44065,No
44066,Yes
44067,No
44068,No
44069,Yes
44070,No
44071,No
44072,No
44073,No
44074,Yes
44075,No
44076,No
44077,No
44078,No
44079,No
44080,No
44081,No
44082,No
44083,No
44084,No
44085,No
44086,No
44087,No
44088,No
44089,No
44090,No
44091,Yes
44092,Yes
44093,No
44094,No
44095,No
44096,Yes
44097,No
44098,Yes
44099,No
44100,No
44101,No
44102,No
44103,No
44104,Yes
44105,No
44106,No
44107,No
44108,No
44109,No
44110,Yes
44111,No
44112,No
44113,No
44114,No
44115,No
44116,No
44117,No
44118,No
44119,No
44120,No
44121,No
44122,No
44123,Yes
44124,No
44125,No
44126,No
44127,No
44128,No
44129,Yes
44130,No
44131,No
44132,No
44133,No
44134,No
44135,No
44136,Yes
44137,No
44138,No
44139,No
44140,Yes
44141,No
44142,No
44143,No
44144,Yes
44145,No
44146,No
44147,No
44148,Yes
44149,Yes
44150,Yes
44151,No
44152,No
44153,No
44154,No
44155,No
44156,Yes
44157,No
44158,No
44159,No
44160,No
44161,No
44162,No
44163,No
44164,No
44165,No
44166,No
44167,No
44168,Yes
44169,No
44170,No
44171,Yes
44172,No
44173,Yes
44174,No
44175,No
44176,No
44177,Yes
44178,No
44179,No
44180,No
44181,No
44182,Yes
44183,Yes
44184,No
44185,No
44186,Yes
44187,No
44188,Yes
44189,No
44190,Yes
44191,Yes
44192,No
44193,Yes
44194,Yes
44195,No
44196,No
44197,No
44198,Yes
44199,No
44200,No
44201,No
44202,No
44203,No
44204,No
44205,No
44206,Yes
44207,No
44208,No
44209,No
44210,Yes
44211,No
44212,No
44213,No
44214,No
44215,No
44216,Yes
44217,No
44218,Yes
44219,No
44220,No
44221,No
44222,No
44223,Yes
44224,No
44225,Yes
44226,No
44227,No
44228,No
44229,No
44230,No
44231,Yes
44232,Yes
44233,No
44234,Yes
44235,No
44236,No
44237,No
44238,No
44239,No
44240,No
44241,No
44242,No
44243,No
44244,Yes
44245,Yes
44246,No
44247,No
44248,No
44249,No
44250,No
44251,No
44252,No
44253,Yes
44254,No
44255,Yes
44256,Yes
44257,No
44258,Yes
44259,No
44260,Yes
44261,No
44262,No
44263,Yes
44264,No
44265,No
44266,Yes
44267,No
44268,No
44269,No
44270,No
44271,No
44272,No
44273,No
44274,Yes
44275,Yes
44276,No
44277,Yes
44278,No
44279,No
44280,Yes
44281,No
44282,No
44283,Yes
44284,Yes
44285,No
44286,Yes
44287,No
44288,No
44289,No
44290,No
44291,No
44292,No
44293,Yes
44294,No
44295,No
44296,No
44297,No
44298,No
44299,No
44300,No
44301,No
44302,No
44303,No
44304,No
44305,Yes
44306,No
44307,Yes
44308,No
44309,No
44310,No
44311,No
44312,No
44313,No
44314,Yes
44315,No
44316,No
44317,No
44318,No
44319,No
44320,No
44321,No
44322,No
44323,Yes
44324,No
44325,No
44326,No
44327,No
44328,No
44329,No
44330,Yes
44331,No
44332,No
44333,Yes
44334,Yes
44335,No
44336,Yes
44337,No
44338,No
44339,No
44340,No
44341,No
44342,Yes
44343,No
44344,No
44345,No
44346,No
44347,No
44348,Yes
44349,No
44350,Yes
44351,No
44352,Yes
44353,No
44354,Yes
44355,No
44356,No
44357,Yes
44358,Yes
44359,No
44360,No
44361,No
44362,No
44363,No
44364,No
44365,No
44366,Yes
44367,No
44368,Yes
44369,No
44370,No
44371,No
44372,No
44373,No
44374,Yes
44375,Yes
44376,Yes
44377,No
44378,No
44379,Yes
44380,No
44381,No
44382,Yes
44383,No
44384,Yes
44385,Yes
44386,No
44387,Yes
44388,Yes
44389,No
44390,No
44391,No
44392,No
44393,No
44394,No
44395,No
44396,Yes
44397,No
44398,No
44399,No
44400,No
44401,No
44402,No
44403,No
44404,No
44405,No
44406,No
44407,Yes
44408,No
44409,No
44410,No
44411,No
44412,No
44413,No
44414,No
44415,Yes
44416,No
44417,No
44418,No
44419,No
44420,No
44421,No
44422,No
44423,No
44424,No
44425,No
44426,No
44427,No
44428,Yes
44429,No
44430,Yes
44431,No
44432,Yes
44433,No
44434,No
44435,No
44436,No
44437,No
44438,No
44439,No
44440,No
44441,No
44442,No
44443,No
44444,No
44445,No
44446,Yes
44447,No
44448,No
44449,No
44450,Yes
44451,Yes
44452,No
44453,No
44454,Yes
44455,No
44456,No
44457,Yes
44458,No
44459,No
44460,No
44461,Yes
44462,No
44463,No
44464,No
44465,No
44466,No
44467,No
44468,No
44469,Yes
44470,No
44471,Yes
44472,No
44473,No
44474,Yes
44475,No
44476,No
44477,No
44478,No
44479,No
44480,No
44481,Yes
44482,Yes
44483,No
44484,No
44485,No
44486,Yes
44487,No
44488,Yes
44489,Yes
44490,Yes
44491,No
44492,No
44493,No
44494,No
44495,No
44496,Yes
44497,Yes
44498,No
44499,No
44500,No
44501,No
44502,No
44503,Yes
44504,No
44505,No
44506,No
44507,No
44508,No
44509,No
44510,No
44511,No
44512,No
44513,No
44514,No
44515,No
44516,No
44517,No
44518,No
44519,No
44520,No
44521,No
44522,Yes
44523,No
44524,No
44525,No
44526,No
44527,No
44528,No
44529,Yes
44530,Yes
44531,No
44532,No
44533,No
44534,Yes
44535,No
44536,No
44537,No
44538,Yes
44539,Yes
44540,Yes
44541,No
44542,Yes
44543,No
44544,No
44545,No
44546,No
44547,No
44548,No
44549,No
44550,No
44551,No
44552,No
44553,Yes
44554,No
44555,No
44556,No
44557,No
44558,No
44559,No
44560,No
44561,Yes
44562,No
44563,No
44564,No
44565,No
44566,No
44567,Yes
44568,Yes
44569,No
44570,No
44571,No
44572,No
44573,No
44574,No
44575,No
44576,Yes
44577,Yes
44578,Yes
44579,No
44580,No
44581,No
44582,No
44583,No
44584,No
44585,No
44586,No
44587,No
44588,No
44589,No
44590,No
44591,Yes
44592,No
44593,No
44594,No
44595,No
44596,No
44597,Yes
44598,No
44599,No
44600,Yes
44601,No
44602,No
44603,No
44604,Yes
44605,Yes
44606,No
44607,No
44608,No
44609,No
44610,No
44611,Yes
44612,No
44613,No
44614,No
44615,No
44616,Yes
44617,No
44618,No
44619,No
44620,No
44621,Yes
44622,Yes
44623,Yes
44624,Yes
44625,Yes
44626,No
44627,No
44628,No
44629,Yes
44630,No
44631,No
44632,Yes
44633,No
44634,No
44635,No
44636,No
44637,Yes
44638,Yes
44639,Yes
44640,No
44641,No
44642,Yes
44643,Yes
44644,No
44645,Yes
44646,Yes
44647,No
44648,No
44649,No
44650,No
44651,Yes
44652,No
44653,Yes
44654,Yes
44655,No
44656,No
44657,Yes
44658,No
44659,No
44660,No
44661,No
44662,No
44663,No
44664,No
44665,No
44666,Yes
44667,No
44668,No
44669,No
44670,Yes
44671,No
44672,No
44673,Yes
44674,Yes
44675,No
44676,No
44677,No
44678,Yes
44679,Yes
44680,No
44681,Yes
44682,No
44683,No
44684,No
44685,Yes
44686,No
44687,No
44688,No
44689,No
44690,Yes
44691,No
44692,No
44693,Yes
44694,No
44695,No
44696,No
44697,No
44698,No
44699,No
44700,No
44701,Yes
44702,No
44703,Yes
44704,No
44705,No
44706,No
44707,No
44708,No
44709,Yes
44710,No
44711,No
44712,Yes
44713,No
44714,No
44715,No
44716,Yes
44717,No
44718,No
44719,Yes
44720,Yes
44721,No
44722,No
44723,Yes
44724,No
44725,Yes
44726,No
44727,No
44728,No
44729,No
44730,No
44731,No
44732,Yes
44733,No
44734,Yes
44735,No
44736,No
44737,No
44738,Yes
44739,Yes
44740,No
44741,No
44742,No
44743,No
44744,No
44745,No
44746,No
44747,No
44748,No
44749,Yes
44750,No
44751,No
44752,No
44753,No
44754,No
44755,Yes
44756,No
44757,No
44758,No
44759,No
44760,Yes
44761,No
44762,No
44763,Yes
44764,No
44765,Yes
44766,No
44767,No
44768,Yes
44769,No
44770,No
44771,No
44772,No
44773,No
44774,Yes
44775,No
44776,Yes
44777,Yes
44778,No
44779,No
44780,Yes
44781,No
44782,No
44783,Yes
44784,No
44785,No
44786,No
44787,Yes
44788,No
44789,No
44790,No
44791,No
44792,No
44793,No
44794,Yes
44795,No
44796,No
44797,Yes
44798,No
44799,Yes
44800,No
44801,Yes
44802,No
44803,No
44804,Yes
44805,No
44806,Yes
44807,No
44808,No
44809,No
44810,Yes
44811,No
44812,No
44813,Yes
44814,Yes
44815,No
44816,Yes
44817,No
44818,No
44819,No
44820,No
44821,No
44822,No
44823,No
44824,No
44825,Yes
44826,No
44827,No
44828,No
44829,No
44830,No
44831,Yes
44832,No
44833,No
44834,Yes
44835,No
44836,No
44837,No
44838,No
44839,No
44840,Yes
44841,No
44842,Yes
44843,No
44844,No
44845,No
44846,Yes
44847,No
44848,No
44849,Yes
44850,Yes
44851,Yes
44852,Yes
44853,No
44854,No
44855,Yes
44856,No
44857,No
44858,No
44859,No
44860,No
44861,No
44862,Yes
44863,Yes
44864,Yes
44865,No
44866,No
44867,No
44868,No
44869,Yes
44870,No
44871,No
44872,No
44873,Yes
44874,No
44875,No
44876,No
44877,No
44878,No
44879,No
44880,Yes
44881,No
44882,No
44883,Yes
44884,No
44885,No
44886,No
44887,Yes
44888,Yes
44889,Yes
44890,Yes
44891,No
44892,No
44893,Yes
44894,No
44895,No
44896,No
44897,No
44898,No
44899,No
44900,Yes
44901,No
44902,No
44903,No
44904,No
44905,No
44906,No
44907,No
44908,No
44909,No
44910,No
44911,No
44912,Yes
44913,No
44914,Yes
44915,No
44916,No
44917,No
44918,Yes
44919,No
44920,No
44921,Yes
44922,Yes
44923,No
44924,No
44925,Yes
44926,No
44927,No
44928,No
44929,No
44930,No
44931,No
44932,Yes
44933,Yes
44934,No
44935,No
44936,No
44937,Yes
44938,No
44939,No
44940,No
44941,No
44942,Yes
44943,Yes
44944,Yes
44945,No
44946,No
44947,No
44948,No
44949,No
44950,No
44951,Yes
44952,No
44953,Yes
44954,No
44955,No
44956,Yes
44957,No
44958,No
44959,Yes
44960,No
44961,No
44962,No
44963,No
44964,Yes
44965,Yes
44966,Yes
44967,Yes
44968,No
44969,No
44970,Yes
44971,No
44972,No
44973,No
44974,No
44975,No
44976,Yes
44977,Yes
44978,No
44979,No
44980,No
44981,No
44982,No
44983,No
44984,No
44985,No
44986,No
44987,No
44988,No
44989,Yes
44990,No
44991,No
44992,No
44993,Yes
44994,Yes
44995,Yes
44996,No
44997,No
44998,No
44999,No
45000,No
45001,Yes
45002,No
45003,No
45004,Yes
45005,No
45006,No
45007,No
45008,Yes
45009,No
45010,Yes
45011,No
45012,Yes
45013,Yes
45014,Yes
45015,Yes
45016,No
45017,No
45018,No
45019,No
45020,Yes
45021,Yes
45022,No
45023,No
45024,No
45025,Yes
45026,No
45027,No
45028,No
45029,Yes
45030,No
45031,No
45032,No
45033,No
45034,Yes
45035,Yes
45036,No
45037,Yes
45038,Yes
45039,No
45040,No
45041,Yes
45042,No
45043,No
45044,Yes
45045,No
45046,Yes
45047,No
45048,Yes
45049,Yes
45050,Yes
45051,No
45052,No
45053,No
45054,No
45055,No
45056,No
45057,No
45058,Yes
45059,No
45060,No
45061,No
45062,Yes
45063,No
45064,No
45065,Yes
45066,No
45067,No
45068,No
45069,Yes
45070,Yes
45071,No
45072,No
45073,No
45074,No
45075,Yes
45076,No
45077,Yes
45078,No
45079,Yes
45080,No
45081,No
45082,No
45083,No
45084,No
45085,Yes
45086,No
45087,No
45088,Yes
45089,No
45090,Yes
45091,No
45092,No
45093,No
45094,No
45095,No
45096,Yes
45097,Yes
45098,No
45099,Yes
45100,Yes
45101,No
45102,No
45103,No
45104,Yes
45105,No
45106,Yes
45107,No
45108,Yes
45109,No
45110,Yes
45111,No
45112,No
45113,No
45114,No
45115,No
45116,Yes
45117,No
45118,Yes
45119,No
45120,No
45121,No
45122,Yes
45123,No
45124,No
45125,No
45126,No
45127,Yes
45128,No
45129,Yes
45130,No
45131,Yes
45132,No
45133,Yes
45134,No
45135,Yes
45136,Yes
45137,No
45138,No
45139,Yes
45140,No
45141,No
45142,No
45143,No
45144,Yes
45145,No
45146,No
45147,No
45148,No
45149,No
45150,No
45151,No
45152,Yes
45153,Yes
45154,Yes
45155,No
45156,No
45157,Yes
45158,No
45159,No
45160,No
45161,No
45162,No
45163,No
45164,No
45165,No
45166,No
45167,No
45168,No
45169,No
45170,No
45171,No
45172,No
45173,Yes
45174,No
45175,No
45176,No
45177,No
45178,Yes
45179,No
45180,Yes
45181,No
45182,No
45183,No
45184,No
45185,No
45186,Yes
45187,Yes
45188,No
45189,No
45190,No
45191,No
45192,No
45193,Yes
45194,No
45195,No
45196,No
45197,Yes
45198,No
45199,No
45200,Yes
45201,No
45202,No
45203,No
45204,Yes
45205,No
45206,Yes
45207,No
45208,Yes
45209,Yes
45210,No
45211,No
45212,No
45213,No
45214,No
45215,No
45216,No
45217,No
45218,No
45219,Yes
45220,No
45221,Yes
45222,No
45223,No
45224,No
45225,No
45226,No
45227,Yes
45228,No
45229,Yes
45230,No
45231,No
45232,Yes
45233,No
45234,No
45235,No
45236,No
45237,No
45238,Yes
45239,No
45240,No
45241,Yes
45242,No
45243,No
45244,No
45245,No
45246,No
45247,No
45248,Yes
45249,No
45250,No
45251,No
45252,No
45253,No
45254,No
45255,Yes
45256,No
45257,No
45258,No
45259,No
45260,No
45261,No
45262,No
45263,Yes
45264,Yes
45265,Yes
45266,No
45267,No
45268,No
45269,Yes
45270,No
45271,No
45272,Yes
45273,No
45274,Yes
45275,No
45276,No
45277,No
45278,No
45279,Yes
45280,No
45281,Yes
45282,No
45283,No
45284,No
45285,Yes
45286,No
45287,No
45288,No
45289,No
45290,No
45291,No
45292,Yes
45293,No
45294,No
45295,Yes
45296,No
45297,Yes
45298,No
45299,No
45300,No
45301,No
45302,No
45303,No
45304,No
45305,No
45306,Yes
45307,No
45308,Yes
45309,No
45310,No
45311,Yes
45312,Yes
45313,No
45314,No
45315,No
45316,Yes
45317,No
45318,No
45319,Yes
45320,No
45321,No
45322,No
45323,No
45324,No
45325,No
45326,Yes
45327,No
45328,No
45329,Yes
45330,No
45331,No
45332,No
45333,No
45334,No
45335,No
45336,No
45337,No
45338,Yes
45339,Yes
45340,No
45341,No
45342,No
45343,No
45344,No
45345,No
45346,Yes
45347,No
45348,No
45349,No
45350,No
45351,No
45352,Yes
45353,Yes
45354,No
45355,No
45356,Yes
45357,Yes
45358,No
45359,No
45360,Yes
45361,No
45362,No
45363,No
45364,No
45365,No
45366,No
45367,No
45368,No
45369,No
45370,Yes
45371,No
45372,No
45373,Yes
45374,No
45375,Yes
45376,No
45377,No
45378,Yes
45379,No
45380,Yes
45381,Yes
45382,No
45383,Yes
45384,No
45385,No
45386,No
45387,Yes
45388,No
45389,No
45390,No
45391,No
45392,No
45393,No
45394,Yes
45395,Yes
45396,No
45397,No
45398,Yes
45399,No
45400,No
45401,No
45402,Yes
45403,No
45404,No
45405,No
45406,No
45407,No
45408,Yes
45409,No
45410,Yes
45411,No
45412,No
45413,No
45414,Yes
45415,No
45416,No
45417,No
45418,Yes
45419,No
45420,No
45421,No
45422,No
45423,Yes
45424,Yes
45425,Yes
45426,No
45427,No
45428,Yes
45429,No
45430,No
45431,No
45432,No
45433,No
45434,No
45435,No
45436,Yes
45437,No
45438,No
45439,No
45440,No
45441,Yes
45442,No
45443,No
45444,Yes
45445,Yes
45446,No
45447,No
45448,No
45449,No
45450,No
45451,No
45452,No
45453,No
45454,No
45455,No
45456,No
45457,Yes
45458,No
45459,No
45460,No
45461,No
45462,No
45463,No
45464,Yes
45465,No
45466,Yes
45467,No
45468,Yes
45469,No
45470,No
45471,No
45472,Yes
45473,No
45474,No
45475,Yes
45476,No
45477,No
45478,Yes
45479,No
45480,No
45481,No
45482,Yes
45483,No
45484,No
45485,No
45486,No
45487,No
45488,No
45489,No
45490,Yes
45491,No
45492,No
45493,Yes
45494,No
45495,No
45496,No
45497,No
45498,No
45499,No
45500,No
45501,No
45502,No
45503,No
45504,No
45505,No
45506,Yes
45507,No
45508,Yes
45509,No
45510,No
45511,Yes
45512,Yes
45513,No
45514,No
45515,No
45516,No
45517,No
45518,No
45519,No
45520,No
45521,Yes
45522,No
45523,No
45524,Yes
45525,No
45526,No
45527,Yes
45528,No
45529,Yes
45530,Yes
45531,No
45532,No
45533,No
45534,No
45535,No
45536,No
45537,No
45538,Yes
45539,No
45540,No
45541,No
45542,Yes
45543,Yes
45544,Yes
45545,No
45546,No
45547,No
45548,No
45549,Yes
45550,Yes
45551,No
45552,No
45553,No
45554,No
45555,No
45556,Yes
45557,No
45558,No
45559,No
45560,Yes
45561,Yes
45562,Yes
45563,Yes
45564,No
45565,No
45566,No
45567,No
45568,No
45569,No
45570,No
45571,No
45572,Yes
45573,Yes
45574,Yes
45575,No
45576,No
45577,Yes
45578,No
45579,No
45580,No
45581,No
45582,No
45583,Yes
45584,No
45585,No
45586,No
45587,Yes
45588,No
45589,No
45590,No
45591,No
45592,Yes
45593,Yes
45594,No
45595,No
45596,Yes
45597,No
45598,No
45599,No
45600,No
45601,Yes
45602,Yes
45603,No
45604,No
45605,No
45606,Yes
45607,Yes
45608,No
45609,No
45610,No
45611,Yes
45612,Yes
45613,No
45614,Yes
45615,No
45616,No
45617,No
45618,No
45619,Yes
45620,Yes
45621,No
45622,No
45623,No
45624,No
45625,No
45626,No
45627,Yes
45628,No
45629,Yes
45630,No
45631,Yes
45632,No
45633,Yes
45634,No
45635,No
45636,Yes
45637,No
45638,No
45639,No
45640,No
45641,No
45642,No
45643,No
45644,Yes
45645,No
45646,No
45647,No
45648,No
45649,Yes
45650,No
45651,No
45652,Yes
45653,No
45654,No
45655,Yes
45656,No
45657,No
45658,No
45659,No
45660,Yes
45661,No
45662,Yes
45663,No
45664,No
45665,Yes
45666,No
45667,No
45668,No
45669,Yes
45670,No
45671,No
45672,No
45673,No
45674,No
45675,No
45676,Yes
45677,No
45678,No
45679,No
45680,No
45681,No
45682,Yes
45683,Yes
45684,No
45685,No
45686,No
45687,No
45688,No
45689,Yes
45690,No
45691,No
45692,No
45693,No
45694,Yes
45695,Yes
45696,No
45697,No
45698,No
45699,Yes
45700,No
45701,No
45702,No
45703,Yes
45704,No
45705,No
45706,Yes
45707,No
45708,No
45709,Yes
45710,Yes
45711,No
45712,No
45713,Yes
45714,No
45715,No
45716,No
45717,No
45718,No
45719,No
45720,No
45721,Yes
45722,Yes
45723,No
45724,No
45725,Yes
45726,No
45727,No
45728,No
45729,Yes
45730,No
45731,No
45732,No
45733,No
45734,No
45735,No
45736,No
45737,Yes
45738,No
45739,Yes
45740,Yes
45741,No
45742,Yes
45743,Yes
45744,No
45745,Yes
45746,Yes
45747,No
45748,Yes
45749,Yes
45750,Yes
45751,No
45752,No
45753,No
45754,Yes
45755,Yes
45756,No
45757,No
45758,No
45759,No
45760,Yes
45761,No
45762,Yes
45763,No
45764,No
45765,No
45766,Yes
45767,No
45768,Yes
45769,Yes
45770,No
45771,No
45772,Yes
45773,No
45774,Yes
45775,No
45776,No
45777,No
45778,Yes
45779,No
45780,No
45781,No
45782,No
45783,Yes
45784,No
45785,No
45786,No
45787,No
45788,No
45789,No
45790,No
45791,No
45792,Yes
45793,Yes
45794,No
45795,No
45796,Yes
45797,Yes
45798,Yes
45799,No
45800,No
45801,No
45802,No
45803,No
45804,Yes
45805,No
45806,Yes
45807,No
45808,No
45809,Yes
45810,Yes
45811,No
45812,No
45813,Yes
45814,No
45815,No
45816,No
45817,Yes
45818,No
45819,No
45820,No
45821,Yes
45822,Yes
45823,No
45824,No
45825,No
45826,No
45827,No
45828,No
45829,No
45830,No
45831,No
45832,Yes
45833,No
45834,No
45835,Yes
45836,No
45837,No
45838,No
45839,No
45840,Yes
45841,No
45842,Yes
45843,No
45844,No
45845,No
45846,No
45847,No
45848,No
45849,No
45850,Yes
45851,No
45852,No
45853,No
45854,Yes
45855,No
45856,No
45857,Yes
45858,No
45859,No
45860,No
45861,No
45862,Yes
45863,No
45864,No
45865,No
45866,No
45867,No
45868,Yes
45869,No
45870,Yes
45871,No
45872,Yes
45873,No
45874,No
45875,No
45876,Yes
45877,Yes
45878,No
45879,No
45880,No
45881,No
45882,No
45883,No
45884,No
45885,Yes
45886,Yes
45887,Yes
45888,Yes
45889,Yes
45890,Yes
45891,No
45892,No
45893,Yes
45894,No
45895,Yes
45896,No
45897,No
45898,Yes
45899,No
45900,No
45901,No
45902,No
45903,Yes
45904,No
45905,Yes
45906,Yes
45907,Yes
45908,No
45909,No
45910,No
45911,No
45912,No
45913,No
45914,No
45915,Yes
45916,No
45917,Yes
45918,No
45919,No
45920,No
45921,No
45922,Yes
45923,No
45924,Yes
45925,No
45926,Yes
45927,No
45928,No
45929,No
45930,No
45931,No
45932,No
45933,No
45934,No
45935,Yes
45936,No
45937,No
45938,No
45939,No
45940,No
45941,No
45942,No
45943,No
45944,No
45945,No
45946,No
45947,No
45948,No
45949,Yes
45950,No
45951,No
45952,No
45953,No
45954,No
45955,Yes
45956,No
45957,No
45958,No
45959,No
45960,Yes
45961,No
45962,No
45963,No
45964,No
45965,Yes
45966,Yes
45967,No
45968,No
45969,Yes
45970,Yes
45971,Yes
45972,Yes
45973,Yes
45974,No
45975,No
45976,No
45977,Yes
45978,No
45979,Yes
45980,Yes
45981,No
45982,Yes
45983,No
45984,No
45985,No
45986,No
45987,No
45988,Yes
45989,No
45990,Yes
45991,No
45992,Yes
45993,Yes
45994,No
45995,No
45996,Yes
45997,Yes
45998,No
45999,Yes
46000,Yes
46001,No
46002,No
46003,No
46004,No
46005,No
46006,No
46007,Yes
46008,Yes
46009,No
46010,No
46011,Yes
46012,No
46013,No
46014,No
46015,Yes
46016,Yes
46017,Yes
46018,No
46019,No
46020,Yes
46021,Yes
46022,No
46023,No
46024,No
46025,No
46026,No
46027,No
46028,Yes
46029,No
46030,Yes
46031,No
46032,No
46033,No
46034,No
46035,No
46036,No
46037,Yes
46038,Yes
46039,No
46040,Yes
46041,No
46042,No
46043,No
46044,No
46045,No
46046,No
46047,Yes
46048,No
46049,Yes
46050,No
46051,No
46052,No
46053,No
46054,No
46055,No
46056,Yes
46057,No
46058,No
46059,No
46060,No
46061,No
46062,No
46063,No
46064,Yes
46065,No
46066,No
46067,Yes
46068,Yes
46069,Yes
46070,No
46071,No
46072,No
46073,No
46074,No
46075,Yes
46076,No
46077,No
46078,No
46079,No
46080,Yes
46081,No
46082,No
46083,No
46084,No
46085,Yes
46086,No
46087,No
46088,Yes
46089,No
46090,No
46091,No
46092,No
46093,Yes
46094,No
46095,Yes
46096,No
46097,No
46098,No
46099,No
46100,No
46101,Yes
46102,No
46103,Yes
46104,No
46105,No
46106,No
46107,No
46108,No
46109,No
46110,No
46111,Yes
46112,Yes
46113,No
46114,No
46115,No
46116,No
46117,No
46118,No
46119,No
46120,No
46121,No
46122,Yes
46123,No
46124,No
46125,No
46126,Yes
46127,Yes
46128,No
46129,No
46130,Yes
46131,No
46132,Yes
46133,No
46134,Yes
46135,No
46136,Yes
46137,No
46138,No
46139,No
46140,No
46141,No
46142,No
46143,No
46144,No
46145,No
46146,No
46147,No
46148,No
46149,Yes
46150,No
46151,No
46152,No
46153,No
46154,No
46155,Yes
46156,Yes
46157,Yes
46158,No
46159,No
46160,No
46161,No
46162,No
46163,No
46164,No
46165,No
46166,No
46167,No
46168,Yes
46169,No
46170,No
46171,No
46172,No
46173,No
46174,No
46175,No
46176,No
46177,No
46178,No
46179,No
46180,No
46181,No
46182,No
46183,Yes
46184,No
46185,No
46186,Yes
46187,No
46188,No
46189,No
46190,Yes
46191,No
46192,Yes
46193,No
46194,No
46195,Yes
46196,Yes
46197,No
46198,No
46199,No
46200,Yes
46201,No
46202,No
46203,No
46204,No
46205,Yes
46206,No
46207,No
46208,No
46209,No
46210,No
46211,No
46212,Yes
46213,No
46214,No
46215,No
46216,Yes
46217,No
46218,No
46219,No
46220,No
46221,No
46222,Yes
46223,No
46224,No
46225,No
46226,No
46227,Yes
46228,Yes
46229,Yes
46230,No
46231,Yes
46232,No
46233,No
46234,No
46235,No
46236,Yes
46237,Yes
46238,No
46239,Yes
46240,No
46241,No
46242,No
46243,No
46244,No
46245,No
46246,No
46247,Yes
46248,No
46249,No
46250,No
46251,No
46252,No
46253,No
46254,Yes
46255,No
46256,No
46257,No
46258,Yes
46259,No
46260,No
46261,No
46262,No
46263,No
46264,No
46265,No
46266,No
46267,No
46268,Yes
46269,No
46270,No
46271,No
46272,No
46273,Yes
46274,No
46275,No
46276,No
46277,No
46278,No
46279,No
46280,Yes
46281,No
46282,No
46283,No
46284,No
46285,No
46286,No
46287,No
46288,No
46289,No
46290,No
46291,Yes
46292,No
46293,No
46294,No
46295,No
46296,No
46297,No
46298,Yes
46299,No
46300,No
46301,No
46302,No
46303,No
46304,No
46305,No
46306,No
46307,No
46308,No
46309,No
46310,No
46311,Yes
46312,Yes
46313,No
46314,Yes
46315,No
46316,Yes
46317,No
46318,Yes
46319,No
46320,No
46321,No
46322,Yes
46323,No
46324,Yes
46325,No
46326,No
46327,No
46328,No
46329,No
46330,No
46331,Yes
46332,No
46333,No
46334,No
46335,Yes
46336,No
46337,No
46338,No
46339,No
46340,No
46341,No
46342,Yes
46343,No
46344,No
46345,No
46346,No
46347,No
46348,No
46349,No
46350,No
46351,Yes
46352,No
46353,No
46354,Yes
46355,No
46356,No
46357,No
46358,No
46359,No
46360,Yes
46361,No
46362,No
46363,No
46364,No
46365,Yes
46366,No
46367,No
46368,Yes
46369,No
46370,Yes
46371,No
46372,No
46373,No
46374,No
46375,No
46376,No
46377,No
46378,No
46379,Yes
46380,No
46381,No
46382,No
46383,Yes
46384,No
46385,No
46386,Yes
46387,No
46388,No
46389,No
46390,No
46391,Yes
46392,No
46393,No
46394,No
46395,No
46396,No
46397,Yes
46398,No
46399,No
46400,No
46401,No
46402,No
46403,No
46404,Yes
46405,No
46406,No
46407,No
46408,No
46409,No
46410,No
46411,No
46412,No
46413,No
46414,Yes
46415,No
46416,No
46417,No
46418,Yes
46419,Yes
46420,No
46421,No
46422,Yes
46423,Yes
46424,No
46425,Yes
46426,No
46427,Yes
46428,No
46429,Yes
46430,No
46431,No
46432,Yes
46433,Yes
46434,No
46435,No
46436,No
46437,No
46438,No
46439,No
46440,Yes
46441,Yes
46442,Yes
46443,No
46444,Yes
46445,Yes
46446,No
46447,Yes
46448,No
46449,Yes
46450,Yes
46451,No
46452,No
46453,Yes
46454,No
46455,No
46456,No
46457,Yes
46458,No
46459,Yes
46460,No
46461,No
46462,No
46463,No
46464,No
46465,No
46466,No
46467,Yes
46468,Yes
46469,No
46470,Yes
46471,No
46472,Yes
46473,No
46474,Yes
46475,No
46476,Yes
46477,Yes
46478,Yes
46479,Yes
46480,Yes
46481,No
46482,No
46483,No
46484,No
46485,No
46486,Yes
46487,Yes
46488,No
46489,No
46490,No
46491,No
46492,No
46493,No
46494,Yes
46495,Yes
46496,Yes
46497,No
46498,No
46499,Yes
46500,No
46501,No
46502,No
46503,No
46504,No
46505,No
46506,Yes
46507,No
46508,No
46509,No
46510,No
46511,No
46512,No
46513,Yes
46514,No
46515,No
46516,No
46517,No
46518,No
46519,No
46520,No
46521,No
46522,No
46523,No
46524,Yes
46525,No
46526,No
46527,No
46528,No
46529,Yes
46530,No
46531,No
46532,No
46533,No
46534,No
46535,No
46536,No
46537,Yes
46538,No
46539,No
46540,Yes
46541,No
46542,No
46543,No
46544,No
46545,No
46546,No
46547,No
46548,Yes
46549,No
46550,No
46551,Yes
46552,No
46553,Yes
46554,No
46555,No
46556,No
46557,No
46558,No
46559,No
46560,Yes
46561,No
46562,No
46563,Yes
46564,No
46565,No
46566,No
46567,No
46568,No
46569,No
46570,No
46571,No
46572,No
46573,Yes
46574,Yes
46575,No
46576,No
46577,Yes
46578,No
46579,Yes
46580,No
46581,No
46582,Yes
46583,No
46584,Yes
46585,Yes
46586,No
46587,No
46588,Yes
46589,Yes
46590,Yes
46591,No
46592,Yes
46593,No
46594,No
46595,No
46596,No
46597,No
46598,No
46599,Yes
46600,No
46601,Yes
46602,No
46603,Yes
46604,No
46605,No
46606,No
46607,No
46608,No
46609,No
46610,No
46611,Yes
46612,No
46613,No
46614,No
46615,No
46616,Yes
46617,No
46618,No
46619,No
46620,Yes
46621,No
46622,No
46623,No
46624,No
46625,No
46626,Yes
46627,Yes
46628,No
46629,No
46630,No
46631,No
46632,No
46633,Yes
46634,Yes
46635,No
46636,Yes
46637,No
46638,No
46639,Yes
46640,No
46641,Yes
46642,No
46643,Yes
46644,No
46645,Yes
46646,No
46647,Yes
46648,No
46649,Yes
46650,No
46651,No
46652,Yes
46653,No
46654,No
46655,No
46656,Yes
46657,No
46658,No
46659,No
46660,Yes
46661,No
46662,No
46663,No
46664,Yes
46665,Yes
46666,No
46667,No
46668,No
46669,No
46670,Yes
46671,No
46672,No
46673,Yes
46674,Yes
46675,No
46676,No
46677,No
46678,No
46679,No
46680,No
46681,No
46682,No
46683,Yes
46684,No
46685,No
46686,No
46687,No
46688,No
46689,No
46690,No
46691,No
46692,No
46693,No
46694,No
46695,No
46696,Yes
46697,Yes
46698,No
46699,No
46700,No
46701,Yes
46702,No
46703,No
46704,Yes
46705,Yes
46706,No
46707,No
46708,Yes
46709,No
46710,No
46711,Yes
46712,No
46713,No
46714,No
46715,No
46716,No
46717,Yes
46718,No
46719,No
46720,No
46721,Yes
46722,No
46723,Yes
46724,No
46725,No
46726,No
46727,No
46728,No
46729,Yes
46730,Yes
46731,Yes
46732,No
46733,No
46734,No
46735,No
46736,No
46737,No
46738,No
46739,No
46740,No
46741,No
46742,No
46743,Yes
46744,No
46745,No
46746,Yes
46747,No
46748,No
46749,Yes
46750,No
46751,No
46752,No
46753,Yes
46754,No
46755,Yes
46756,Yes
46757,No
46758,No
46759,No
46760,No
46761,No
46762,No
46763,No
46764,No
46765,Yes
46766,No
46767,Yes
46768,No
46769,No
46770,No
46771,No
46772,No
46773,No
46774,Yes
46775,Yes
46776,No
46777,No
46778,Yes
46779,No
46780,No
46781,No
46782,No
46783,No
46784,No
46785,No
46786,No
46787,No
46788,No
46789,Yes
46790,No
46791,No
46792,Yes
46793,Yes
46794,No
46795,Yes
46796,No
46797,No
46798,No
46799,No
46800,No
46801,No
46802,No
46803,No
46804,No
46805,No
46806,Yes
46807,No
46808,No
46809,Yes
46810,No
46811,No
46812,No
46813,Yes
46814,No
46815,No
46816,Yes
46817,No
46818,Yes
46819,Yes
46820,Yes
46821,No
46822,Yes
46823,No
46824,No
46825,No
46826,Yes
46827,No
46828,No
46829,Yes
46830,No
46831,No
46832,No
46833,No
46834,No
46835,Yes
46836,No
46837,Yes
46838,No
46839,No
46840,No
46841,No
46842,Yes
46843,Yes
46844,No
46845,Yes
46846,Yes
46847,No
46848,No
46849,No
46850,Yes
46851,No
46852,No
46853,No
46854,No
46855,Yes
46856,Yes
46857,No
46858,No
46859,No
46860,Yes
46861,No
46862,No
46863,No
46864,Yes
46865,No
46866,No
46867,Yes
46868,No
46869,No
46870,Yes
46871,No
46872,Yes
46873,Yes
46874,No
46875,No
46876,Yes
46877,Yes
46878,Yes
46879,No
46880,Yes
46881,Yes
46882,No
46883,No
46884,No
46885,No
46886,Yes
46887,Yes
46888,No
46889,Yes
46890,No
46891,No
46892,No
46893,No
46894,No
46895,No
46896,No
46897,No
46898,Yes
46899,No
46900,No
46901,No
46902,No
46903,Yes
46904,No
46905,No
46906,Yes
46907,Yes
46908,Yes
46909,Yes
46910,No
46911,No
46912,No
46913,No
46914,Yes
46915,No
46916,No
46917,Yes
46918,Yes
46919,No
46920,No
46921,No
46922,Yes
46923,No
46924,No
46925,No
46926,No
46927,Yes
46928,Yes
46929,No
46930,No
46931,Yes
46932,No
46933,No
46934,No
46935,No
46936,Yes
46937,Yes
46938,No
46939,Yes
46940,Yes
46941,No
46942,No
46943,No
46944,No
46945,No
46946,Yes
46947,No
46948,No
46949,Yes
46950,No
46951,No
46952,No
46953,No
46954,No
46955,Yes
46956,No
46957,Yes
46958,Yes
46959,No
46960,No
46961,No
46962,Yes
46963,No
46964,No
46965,No
46966,No
46967,No
46968,No
46969,No
46970,No
46971,No
46972,No
46973,Yes
46974,No
46975,No
46976,No
46977,No
46978,No
46979,No
46980,No
46981,No
46982,No
46983,No
46984,No
46985,No
46986,Yes
46987,No
46988,No
46989,No
46990,Yes
46991,Yes
46992,No
46993,No
46994,No
46995,Yes
46996,No
46997,Yes
46998,Yes
46999,No
47000,No
47001,Yes
47002,No
47003,No
47004,No
47005,No
47006,No
47007,No
47008,No
47009,Yes
47010,No
47011,No
47012,No
47013,No
47014,No
47015,No
47016,No
47017,No
47018,Yes
47019,Yes
47020,No
47021,No
47022,No
47023,No
47024,Yes
47025,No
47026,No
47027,Yes
47028,Yes
47029,No
47030,No
47031,Yes
47032,No
47033,No
47034,No
47035,No
47036,Yes
47037,Yes
47038,No
47039,No
47040,Yes
47041,No
47042,Yes
47043,No
47044,No
47045,Yes
47046,No
47047,No
47048,Yes
47049,Yes
47050,No
47051,No
47052,No
47053,No
47054,No
47055,No
47056,No
47057,No
47058,No
47059,No
47060,No
47061,No
47062,No
47063,Yes
47064,No
47065,No
47066,No
47067,No
47068,No
47069,No
47070,No
47071,No
47072,Yes
47073,No
47074,No
47075,Yes
47076,No
47077,Yes
47078,No
47079,No
47080,Yes
47081,No
47082,No
47083,No
47084,Yes
47085,Yes
47086,No
47087,Yes
47088,No
47089,No
47090,No
47091,Yes
47092,No
47093,Yes
47094,No
47095,Yes
47096,Yes
47097,No
47098,No
47099,No
47100,Yes
47101,No
47102,No
47103,Yes
47104,No
47105,No
47106,Yes
47107,No
47108,No
47109,Yes
47110,No
47111,No
47112,No
47113,No
47114,Yes
47115,No
47116,No
47117,No
47118,No
47119,No
47120,No
47121,Yes
47122,No
47123,No
47124,No
47125,No
47126,No
47127,No
47128,No
47129,No
47130,No
47131,No
47132,No
47133,No
47134,No
47135,Yes
47136,Yes
47137,Yes
47138,Yes
47139,No
47140,No
47141,No
47142,No
47143,No
47144,No
47145,No
47146,Yes
47147,Yes
47148,No
47149,No
47150,No
47151,No
47152,No
47153,Yes
47154,Yes
47155,No
47156,No
47157,No
47158,Yes
47159,No
47160,No
47161,No
47162,No
47163,No
47164,No
47165,No
47166,Yes
47167,Yes
47168,No
47169,No
47170,No
47171,No
47172,No
47173,No
47174,No
47175,Yes
47176,No
47177,Yes
47178,Yes
47179,Yes
47180,No
47181,Yes
47182,No
47183,Yes
47184,No
47185,No
47186,No
47187,No
47188,Yes
47189,No
47190,No
47191,No
47192,Yes
47193,Yes
47194,No
47195,No
47196,No
47197,No
47198,No
47199,Yes
47200,Yes
47201,No
47202,No
47203,No
47204,No
47205,No
47206,No
47207,Yes
47208,No
47209,Yes
47210,No
47211,Yes
47212,No
47213,No
47214,No
47215,No
47216,No
47217,Yes
47218,Yes
47219,No
47220,Yes
47221,No
47222,No
47223,No
47224,No
47225,No
47226,No
47227,No
47228,No
47229,Yes
47230,No
47231,No
47232,No
47233,No
47234,No
47235,No
47236,No
47237,No
47238,No
47239,Yes
47240,Yes
47241,Yes
47242,No
47243,Yes
47244,No
47245,No
47246,No
47247,Yes
47248,No
47249,No
47250,No
47251,No
47252,Yes
47253,Yes
47254,Yes
47255,No
47256,Yes
47257,No
47258,No
47259,No
47260,No
47261,No
47262,Yes
47263,No
47264,No
47265,Yes
47266,No
47267,No
47268,Yes
47269,Yes
47270,No
47271,Yes
47272,No
47273,No
47274,No
47275,No
47276,No
47277,No
47278,Yes
47279,Yes
47280,No
47281,Yes
47282,No
47283,No
47284,Yes
47285,No
47286,No
47287,No
47288,No
47289,No
47290,No
47291,No
47292,Yes
47293,Yes
47294,No
47295,Yes
47296,No
47297,Yes
47298,No
47299,Yes
47300,No
47301,No
47302,No
47303,No
47304,No
47305,No
47306,No
47307,No
47308,No
47309,Yes
47310,Yes
47311,Yes
47312,Yes
47313,No
47314,Yes
47315,Yes
47316,No
47317,No
47318,Yes
47319,No
47320,No
47321,No
47322,No
47323,No
47324,No
47325,No
47326,Yes
47327,Yes
47328,No
47329,No
47330,No
47331,No
47332,Yes
47333,No
47334,No
47335,Yes
47336,Yes
47337,No
47338,No
47339,Yes
47340,No
47341,Yes
47342,Yes
47343,No
47344,No
47345,No
47346,No
47347,No
47348,Yes
47349,Yes
47350,No
47351,No
47352,No
47353,No
47354,No
47355,No
47356,Yes
47357,No
47358,No
47359,No
47360,No
47361,No
47362,No
47363,Yes
47364,Yes
47365,No
47366,Yes
47367,No
47368,No
47369,No
47370,No
47371,No
47372,No
47373,No
47374,Yes
47375,No
47376,No
47377,No
47378,No
47379,No
47380,No
47381,No
47382,No
47383,Yes
47384,No
47385,Yes
47386,Yes
47387,No
47388,Yes
47389,No
47390,No
47391,Yes
47392,No
47393,Yes
47394,No
47395,No
47396,Yes
47397,No
47398,No
47399,Yes
47400,No
47401,Yes
47402,Yes
47403,No
47404,No
47405,No
47406,No
47407,No
47408,No
47409,No
47410,Yes
47411,No
47412,No
47413,Yes
47414,No
47415,No
47416,No
47417,No
47418,No
47419,No
47420,No
47421,No
47422,No
47423,Yes
47424,Yes
47425,No
47426,Yes
47427,No
47428,No
47429,No
47430,No
47431,No
47432,No
47433,No
47434,Yes
47435,Yes
47436,No
47437,No
47438,No
47439,No
47440,No
47441,No
47442,No
47443,No
47444,Yes
47445,No
47446,No
47447,No
47448,No
47449,Yes
47450,No
47451,No
47452,No
47453,No
47454,No
47455,No
47456,Yes
47457,No
47458,No
47459,No
47460,No
47461,No
47462,No
47463,No
47464,No
47465,No
47466,Yes
47467,No
47468,No
47469,No
47470,No
47471,No
47472,No
47473,No
47474,Yes
47475,No
47476,No
47477,No
47478,No
47479,No
47480,Yes
47481,No
47482,No
47483,No
47484,Yes
47485,Yes
47486,No
47487,No
47488,No
47489,No
47490,No
47491,No
47492,No
47493,Yes
47494,No
47495,No
47496,No
47497,No
47498,No
47499,Yes
47500,No
47501,No
47502,No
47503,No
47504,No
47505,Yes
47506,Yes
47507,No
47508,No
47509,No
47510,No
47511,No
47512,No
47513,Yes
47514,No
47515,No
47516,No
47517,No
47518,No
47519,No
47520,Yes
47521,No
47522,No
47523,No
47524,No
47525,No
47526,Yes
47527,Yes
47528,No
47529,No
47530,Yes
47531,No
47532,No
47533,No
47534,No
47535,No
47536,No
47537,Yes
47538,No
47539,No
47540,No
47541,Yes
47542,Yes
47543,No
47544,No
47545,Yes
47546,No
47547,No
47548,Yes
47549,Yes
47550,No
47551,Yes
47552,No
47553,Yes
47554,No
47555,No
47556,No
47557,No
47558,No
47559,No
47560,Yes
47561,No
47562,No
47563,No
47564,Yes
47565,No
47566,No
47567,No
47568,Yes
47569,No
47570,No
47571,No
47572,No
47573,No
47574,No
47575,Yes
47576,No
47577,Yes
47578,Yes
47579,Yes
47580,No
47581,No
47582,Yes
47583,Yes
47584,Yes
47585,No
47586,No
47587,No
47588,No
47589,No
47590,Yes
47591,No
47592,Yes
47593,No
47594,No
47595,No
47596,Yes
47597,No
47598,No
47599,No
47600,No
47601,Yes
47602,No
47603,No
47604,No
47605,No
47606,No
47607,No
47608,No
47609,No
47610,No
47611,No
47612,No
47613,No
47614,Yes
47615,No
47616,No
47617,No
47618,No
47619,No
47620,No
47621,No
47622,No
47623,Yes
47624,No
47625,No
47626,No
47627,No
47628,No
47629,No
47630,No
47631,No
47632,No
47633,Yes
47634,Yes
47635,No
47636,No
47637,No
47638,No
47639,Yes
47640,No
47641,Yes
47642,Yes
47643,No
47644,No
47645,Yes
47646,No
47647,No
47648,No
47649,Yes
47650,No
47651,Yes
47652,No
47653,No
47654,No
47655,No
47656,No
47657,No
47658,No
47659,No
47660,Yes
47661,No
47662,No
47663,No
47664,No
47665,No
47666,Yes
47667,No
47668,No
47669,No
47670,No
47671,Yes
47672,No
47673,No
47674,No
47675,No
47676,No
47677,No
47678,No
47679,No
47680,Yes
47681,No
47682,No
47683,No
47684,No
47685,Yes
47686,No
47687,Yes
47688,No
47689,No
47690,Yes
47691,No
47692,No
47693,No
47694,No
47695,Yes
47696,Yes
47697,No
47698,No
47699,No
47700,No
47701,Yes
47702,No
47703,No
47704,No
47705,Yes
47706,No
47707,No
47708,No
47709,No
47710,Yes
47711,No
47712,No
47713,No
47714,No
47715,No
47716,Yes
47717,No
47718,Yes
47719,Yes
47720,No
47721,Yes
47722,Yes
47723,No
47724,No
47725,No
47726,No
47727,No
47728,Yes
47729,No
47730,Yes
47731,No
47732,No
47733,No
47734,No
47735,No
47736,Yes
47737,No
47738,Yes
47739,No
47740,No
47741,No
47742,No
47743,No
47744,Yes
47745,Yes
47746,Yes
47747,No
47748,No
47749,No
47750,No
47751,No
47752,No
47753,No
47754,No
47755,No
47756,Yes
47757,No
47758,Yes
47759,No
47760,Yes
47761,Yes
47762,No
47763,Yes
47764,No
47765,No
47766,No
47767,No
47768,Yes
47769,Yes
47770,Yes
47771,No
47772,No
47773,No
47774,Yes
47775,No
47776,Yes
47777,Yes
47778,No
47779,Yes
47780,No
47781,No
47782,No
47783,No
47784,Yes
47785,No
47786,No
47787,Yes
47788,No
47789,No
47790,No
47791,No
47792,Yes
47793,No
47794,Yes
47795,No
47796,No
47797,No
47798,Yes
47799,Yes
47800,No
47801,Yes
47802,No
47803,Yes
47804,No
47805,No
47806,No
47807,No
47808,Yes
47809,No
47810,Yes
47811,No
47812,No
47813,No
47814,Yes
47815,No
47816,Yes
47817,Yes
47818,No
47819,No
47820,No
47821,Yes
47822,No
47823,No
47824,No
47825,No
47826,No
47827,No
47828,Yes
47829,No
47830,No
47831,No
47832,Yes
47833,No
47834,No
47835,No
47836,No
47837,Yes
47838,No
47839,No
47840,No
47841,No
47842,No
47843,No
47844,No
47845,No
47846,Yes
47847,No
47848,No
47849,No
47850,No
47851,No
47852,Yes
47853,Yes
47854,No
47855,Yes
47856,No
47857,No
47858,No
47859,No
47860,No
47861,No
47862,No
47863,No
47864,No
47865,No
47866,No
47867,No
47868,No
47869,No
47870,No
47871,Yes
47872,No
47873,Yes
47874,No
47875,No
47876,No
47877,No
47878,No
47879,Yes
47880,No
47881,No
47882,Yes
47883,Yes
47884,Yes
47885,No
47886,No
47887,No
47888,Yes
47889,No
47890,No
47891,Yes
47892,No
47893,Yes
47894,No
47895,Yes
47896,Yes
47897,Yes
47898,No
47899,No
47900,Yes
47901,No
47902,No
47903,Yes
47904,No
47905,No
47906,Yes
47907,Yes
47908,No
47909,No
47910,No
47911,Yes
47912,No
47913,Yes
47914,Yes
47915,No
47916,No
47917,No
47918,No
47919,No
47920,No
47921,Yes
47922,No
47923,No
47924,No
47925,Yes
47926,No
47927,No
47928,No
47929,Yes
47930,No
47931,Yes
47932,No
47933,No
47934,Yes
47935,No
47936,No
47937,No
47938,No
47939,No
47940,Yes
47941,No
47942,No
47943,No
47944,Yes
47945,No
47946,No
47947,No
47948,No
47949,No
47950,No
47951,No
47952,No
47953,Yes
47954,No
47955,No
47956,No
47957,Yes
47958,No
47959,No
47960,No
47961,No
47962,No
47963,No
47964,Yes
47965,No
47966,No
47967,No
47968,Yes
47969,Yes
47970,No
47971,No
47972,No
47973,Yes
47974,No
47975,No
47976,No
47977,No
47978,No
47979,Yes
47980,No
47981,No
47982,No
47983,Yes
47984,No
47985,Yes
47986,No
47987,No
47988,No
47989,No
47990,No
47991,No
47992,Yes
47993,No
47994,Yes
47995,No
47996,No
47997,No
47998,No
47999,No
48000,No
48001,No
48002,No
48003,No
48004,No
48005,Yes
48006,No
48007,No
48008,No
48009,No
48010,No
48011,No
48012,No
48013,No
48014,No
48015,No
48016,No
48017,No
48018,No
48019,Yes
48020,Yes
48021,No
48022,No
48023,No
48024,No
48025,Yes
48026,Yes
48027,No
48028,No
48029,No
48030,No
48031,No
48032,No
48033,No
48034,No
48035,No
48036,No
48037,Yes
48038,No
48039,No
48040,No
48041,No
48042,No
48043,No
48044,Yes
48045,Yes
48046,No
48047,Yes
48048,No
48049,No
48050,No
48051,Yes
48052,No
48053,Yes
48054,Yes
48055,No
48056,Yes
48057,No
48058,No
48059,Yes
48060,No
48061,No
48062,Yes
48063,No
48064,Yes
48065,No
48066,Yes
48067,No
48068,No
48069,No
48070,No
48071,No
48072,No
48073,No
48074,No
48075,No
48076,No
48077,No
48078,No
48079,No
48080,Yes
48081,Yes
48082,Yes
48083,No
48084,No
48085,No
48086,No
48087,No
48088,No
48089,No
48090,No
48091,No
48092,Yes
48093,Yes
48094,Yes
48095,Yes
48096,No
48097,Yes
48098,No
48099,Yes
48100,No
48101,No
48102,Yes
48103,No
48104,No
48105,No
48106,Yes
48107,Yes
48108,No
48109,Yes
48110,No
48111,No
48112,No
48113,No
48114,No
48115,Yes
48116,Yes
48117,No
48118,No
48119,No
48120,No
48121,Yes
48122,No
48123,Yes
48124,No
48125,No
48126,No
48127,No
48128,No
48129,No
48130,No
48131,No
48132,No
48133,No
48134,No
48135,No
48136,No
48137,Yes
48138,Yes
48139,Yes
48140,Yes
48141,No
48142,No
48143,Yes
48144,No
48145,No
48146,No
48147,No
48148,No
48149,Yes
48150,No
48151,No
48152,No
48153,No
48154,No
48155,No
48156,Yes
48157,Yes
48158,Yes
48159,No
48160,No
48161,No
48162,No
48163,Yes
48164,No
48165,No
48166,No
48167,Yes
48168,No
48169,No
48170,No
48171,No
48172,No
48173,No
48174,No
48175,No
48176,No
48177,No
48178,No
48179,No
48180,No
48181,No
48182,Yes
48183,No
48184,Yes
48185,No
48186,No
48187,No
48188,No
48189,No
48190,Yes
48191,No
48192,No
48193,No
48194,No
48195,Yes
48196,Yes
48197,No
48198,No
48199,No
48200,No
48201,Yes
48202,No
48203,No
48204,No
48205,No
48206,No
48207,Yes
48208,No
48209,No
48210,No
48211,Yes
48212,Yes
48213,No
48214,No
48215,No
48216,No
48217,No
48218,Yes
48219,Yes
48220,No
48221,No
48222,No
48223,No
48224,No
48225,No
48226,No
48227,Yes
48228,No
48229,Yes
48230,No
48231,Yes
48232,No
48233,Yes
48234,Yes
48235,No
48236,No
48237,No
48238,No
48239,Yes
48240,Yes
48241,No
48242,No
48243,Yes
48244,No
48245,No
48246,No
48247,No
48248,Yes
48249,No
48250,Yes
48251,No
48252,Yes
48253,Yes
48254,No
48255,Yes
48256,Yes
48257,Yes
48258,No
48259,No
48260,No
48261,No
48262,Yes
48263,No
48264,No
48265,No
48266,Yes
48267,No
48268,No
48269,Yes
48270,No
48271,No
48272,No
48273,Yes
48274,Yes
48275,No
48276,No
48277,Yes
48278,No
48279,No
48280,Yes
48281,Yes
48282,Yes
48283,No
48284,Yes
48285,Yes
48286,No
48287,Yes
48288,No
48289,No
48290,No
48291,No
48292,No
48293,Yes
48294,No
48295,No
48296,No
48297,No
48298,No
48299,Yes
48300,No
48301,Yes
48302,No
48303,No
48304,No
48305,No
48306,No
48307,No
48308,No
48309,No
48310,No
48311,No
48312,No
48313,No
48314,No
48315,Yes
48316,No
48317,Yes
48318,No
48319,No
48320,No
48321,No
48322,No
48323,No
48324,Yes
48325,No
48326,No
48327,No
48328,No
48329,No
48330,No
48331,No
48332,No
48333,No
48334,No
48335,No
48336,Yes
48337,No
48338,No
48339,No
48340,No
48341,No
48342,No
48343,No
48344,No
48345,Yes
48346,Yes
48347,No
48348,No
48349,Yes
48350,No
48351,No
48352,No
48353,No
48354,Yes
48355,No
48356,Yes
48357,No
48358,No
48359,No
48360,Yes
48361,No
48362,No
48363,No
48364,No
48365,Yes
48366,Yes
48367,No
48368,No
48369,No
48370,No
48371,No
48372,No
48373,Yes
48374,No
48375,Yes
48376,No
48377,No
48378,No
48379,Yes
48380,No
48381,No
48382,Yes
48383,No
48384,No
48385,No
48386,No
48387,Yes
48388,Yes
48389,Yes
48390,Yes
48391,Yes
48392,No
48393,No
48394,Yes
48395,No
48396,No
48397,Yes
48398,No
48399,No
48400,No
48401,Yes
48402,No
48403,No
48404,Yes
48405,No
48406,No
48407,No
48408,No
48409,No
48410,No
48411,No
48412,Yes
48413,Yes
48414,Yes
48415,No
48416,No
48417,No
48418,No
48419,No
48420,Yes
48421,No
48422,No
48423,No
48424,No
48425,No
48426,Yes
48427,No
48428,Yes
48429,No
48430,Yes
48431,No
48432,No
48433,No
48434,No
48435,No
48436,No
48437,Yes
48438,Yes
48439,No
48440,No
48441,No
48442,No
48443,Yes
48444,Yes
48445,Yes
48446,No
48447,No
48448,No
48449,No
48450,No
48451,No
48452,No
48453,No
48454,No
48455,No
48456,No
48457,No
48458,No
48459,No
48460,No
48461,No
48462,No
48463,No
48464,No
48465,Yes
48466,No
48467,No
48468,No
48469,No
48470,Yes
48471,No
48472,No
48473,No
48474,No
48475,No
48476,No
48477,No
48478,No
48479,Yes
48480,No
48481,No
48482,No
48483,No
48484,No
48485,No
48486,Yes
48487,No
48488,No
48489,No
48490,Yes
48491,Yes
48492,Yes
48493,No
48494,No
48495,No
48496,No
48497,No
48498,Yes
48499,Yes
48500,Yes
48501,Yes
48502,Yes
48503,No
48504,No
48505,No
48506,No
48507,No
48508,No
48509,No
48510,No
48511,No
48512,No
48513,No
48514,No
48515,Yes
48516,Yes
48517,Yes
48518,No
48519,No
48520,No
48521,No
48522,Yes
48523,No
48524,No
48525,No
48526,Yes
48527,No
48528,No
48529,Yes
48530,No
48531,Yes
48532,No
48533,No
48534,No
48535,No
48536,No
48537,No
48538,No
48539,Yes
48540,Yes
48541,No
48542,No
48543,No
48544,Yes
48545,Yes
48546,No
48547,Yes
48548,No
48549,No
48550,Yes
48551,No
48552,Yes
48553,Yes
48554,No
48555,Yes
48556,No
48557,No
48558,Yes
48559,No
48560,No
48561,No
48562,No
48563,No
48564,No
48565,No
48566,No
48567,No
48568,No
48569,Yes
48570,No
48571,Yes
48572,No
48573,Yes
48574,No
48575,Yes
48576,Yes
48577,No
48578,No
48579,No
48580,No
48581,No
48582,Yes
48583,No
48584,No
48585,No
48586,Yes
48587,No
48588,No
48589,Yes
48590,No
48591,Yes
48592,No
48593,No
48594,No
48595,Yes
48596,No
48597,No
48598,No
48599,Yes
48600,No
48601,No
48602,No
48603,No
48604,Yes
48605,Yes
48606,No
48607,No
48608,Yes
48609,Yes
48610,No
48611,No
48612,Yes
48613,Yes
48614,No
48615,No
48616,Yes
48617,No
48618,Yes
48619,Yes
48620,No
48621,No
48622,Yes
48623,Yes
48624,No
48625,No
48626,No
48627,No
48628,No
48629,No
48630,No
48631,No
48632,No
48633,Yes
48634,No
48635,No
48636,No
48637,No
48638,No
48639,No
48640,No
48641,No
48642,No
48643,Yes
48644,No
48645,Yes
48646,No
48647,Yes
48648,Yes
48649,Yes
48650,No
48651,Yes
48652,No
48653,No
48654,No
48655,Yes
48656,No
48657,No
48658,No
48659,Yes
48660,Yes
48661,No
48662,No
48663,Yes
48664,No
48665,No
48666,No
48667,No
48668,No
48669,Yes
48670,No
48671,No
48672,No
48673,Yes
48674,No
48675,Yes
48676,Yes
48677,Yes
48678,No
48679,No
48680,No
48681,No
48682,No
48683,Yes
48684,Yes
48685,No
48686,No
48687,Yes
48688,No
48689,No
48690,No
48691,No
48692,Yes
48693,Yes
48694,No
48695,No
48696,Yes
48697,Yes
48698,Yes
48699,No
48700,No
48701,No
48702,No
48703,No
48704,No
48705,No
48706,Yes
48707,Yes
48708,No
48709,No
48710,No
48711,Yes
48712,Yes
48713,Yes
48714,No
48715,Yes
48716,No
48717,No
48718,Yes
48719,Yes
48720,No
48721,No
48722,Yes
48723,No
48724,No
48725,No
48726,No
48727,No
48728,Yes
48729,No
48730,No
48731,No
48732,No
48733,Yes
48734,No
48735,Yes
48736,No
48737,No
48738,No
48739,No
48740,No
48741,No
48742,No
48743,No
48744,Yes
48745,No
48746,No
48747,Yes
48748,Yes
48749,No
48750,No
48751,Yes
48752,No
48753,No
48754,Yes
48755,No
48756,Yes
48757,No
48758,No
48759,Yes
48760,No
48761,No
48762,Yes
48763,No
48764,No
48765,No
48766,No
48767,No
48768,No
48769,No
48770,Yes
48771,No
48772,Yes
48773,No
48774,No
48775,No
48776,No
48777,No
48778,No
48779,No
48780,Yes
48781,No
48782,Yes
48783,No
48784,Yes
48785,No
48786,Yes
48787,Yes
48788,No
48789,No
48790,Yes
48791,No
48792,Yes
48793,Yes
48794,No
48795,Yes
48796,Yes
48797,No
48798,No
48799,No
48800,No
48801,No
48802,No
48803,No
48804,No
48805,Yes
48806,Yes
48807,No
48808,Yes
48809,No
48810,No
48811,No
48812,No
48813,No
48814,Yes
48815,No
48816,No
48817,No
48818,No
48819,No
48820,No
48821,No
48822,Yes
48823,No
48824,No
48825,Yes
48826,No
48827,Yes
48828,No
48829,No
48830,No
48831,Yes
48832,No
48833,No
48834,No
48835,No
48836,Yes
48837,No
48838,Yes
48839,Yes
48840,No
48841,Yes
48842,Yes
48843,No
48844,No
48845,No
48846,No
48847,No
48848,Yes
48849,No
48850,No
48851,No
48852,No
48853,No
48854,No
48855,No
48856,No
48857,Yes
48858,No
48859,No
48860,Yes
48861,Yes
48862,Yes
48863,No
48864,No
48865,No
48866,No
48867,No
48868,No
48869,Yes
48870,Yes
48871,Yes
48872,No
48873,Yes
48874,No
48875,Yes
48876,No
48877,Yes
48878,No
48879,No
48880,No
48881,Yes
48882,No
48883,Yes
48884,No
48885,No
48886,No
48887,No
48888,Yes
48889,No
48890,Yes
48891,No
48892,No
48893,No
48894,Yes
48895,No
48896,No
48897,No
48898,No
48899,No
48900,Yes
48901,Yes
48902,No
48903,No
48904,No
48905,No
48906,No
48907,No
48908,Yes
48909,Yes
48910,No
48911,Yes
48912,Yes
48913,No
48914,No
48915,No
48916,Yes
48917,No
48918,Yes
48919,No
48920,No
48921,No
48922,No
48923,No
48924,No
48925,No
48926,No
48927,No
48928,Yes
48929,No
48930,No
48931,No
48932,Yes
48933,No
48934,Yes
48935,No
48936,No
48937,No
48938,No
48939,No
48940,No
48941,No
48942,No
48943,No
48944,No
48945,Yes
48946,No
48947,No
48948,No
48949,No
48950,No
48951,No
48952,No
48953,No
48954,Yes
48955,Yes
48956,No
48957,No
48958,No
48959,No
48960,Yes
48961,No
48962,Yes
48963,No
48964,No
48965,No
48966,No
48967,No
48968,No
48969,No
48970,Yes
48971,Yes
48972,No
48973,No
48974,No
48975,No
48976,No
48977,No
48978,No
48979,No
48980,Yes
48981,Yes
48982,No
48983,No
48984,No
48985,No
48986,No
48987,Yes
48988,Yes
48989,No
48990,No
48991,No
48992,No
48993,No
48994,No
48995,No
48996,No
48997,No
48998,No
48999,Yes
49000,Yes
49001,No
49002,No
49003,No
49004,No
49005,No
49006,Yes
49007,No
49008,No
49009,No
49010,No
49011,No
49012,Yes
49013,No
49014,No
49015,Yes
49016,No
49017,No
49018,Yes
49019,No
49020,No
49021,No
49022,No
49023,No
49024,No
49025,No
49026,No
49027,No
49028,No
49029,No
49030,No
49031,No
49032,No
49033,No
49034,No
49035,No
49036,No
49037,Yes
49038,Yes
49039,No
49040,No
49041,Yes
49042,No
49043,Yes
49044,No
49045,No
49046,Yes
49047,No
49048,No
49049,No
49050,Yes
49051,Yes
49052,No
49053,Yes
49054,Yes
49055,No
49056,Yes
49057,No
49058,Yes
49059,No
49060,No
49061,Yes
49062,Yes
49063,No
49064,No
49065,Yes
49066,Yes
49067,No
49068,Yes
49069,No
49070,No
49071,No
49072,No
49073,Yes
49074,No
49075,No
49076,No
49077,Yes
49078,No
49079,No
49080,No
49081,No
49082,No
49083,No
49084,Yes
49085,Yes
49086,No
49087,No
49088,No
49089,Yes
49090,Yes
49091,No
49092,No
49093,Yes
49094,No
49095,Yes
49096,Yes
49097,Yes
49098,No
49099,No
49100,Yes
49101,Yes
49102,No
49103,No
49104,No
49105,No
49106,No
49107,No
49108,Yes
49109,No
49110,No
49111,No
49112,No
49113,Yes
49114,No
49115,No
49116,No
49117,No
49118,No
49119,Yes
49120,No
49121,No
49122,No
49123,No
49124,No
49125,No
49126,No
49127,No
49128,No
49129,No
49130,No
49131,No
49132,No
49133,Yes
49134,No
49135,No
49136,No
49137,No
49138,Yes
49139,Yes
49140,No
49141,No
49142,Yes
49143,No
49144,No
49145,No
49146,No
49147,Yes
49148,No
49149,No
49150,Yes
49151,Yes
49152,No
49153,No
49154,Yes
49155,No
49156,Yes
49157,No
49158,No
49159,No
49160,No
49161,No
49162,No
49163,No
49164,Yes
49165,Yes
49166,No
49167,No
49168,Yes
49169,No
49170,No
49171,No
49172,No
49173,No
49174,Yes
49175,Yes
49176,No
49177,No
49178,No
49179,No
49180,No
49181,Yes
49182,No
49183,No
49184,No
49185,No
49186,No
49187,No
49188,No
49189,Yes
49190,No
49191,No
49192,No
49193,No
49194,No
49195,No
49196,No
49197,No
49198,Yes
49199,No
49200,Yes
49201,No
49202,Yes
49203,Yes
49204,No
49205,Yes
49206,No
49207,Yes
49208,Yes
49209,No
49210,No
49211,No
49212,Yes
49213,No
49214,No
49215,No
49216,No
49217,No
49218,Yes
49219,Yes
49220,Yes
49221,No
49222,Yes
49223,No
49224,Yes
49225,Yes
49226,Yes
49227,No
49228,No
49229,No
49230,No
49231,No
49232,No
49233,No
49234,Yes
49235,No
49236,No
49237,No
49238,No
49239,No
49240,Yes
49241,No
49242,Yes
49243,No
49244,Yes
49245,Yes
49246,No
49247,No
49248,No
49249,No
49250,No
49251,Yes
49252,Yes
49253,No
49254,No
49255,No
49256,No
49257,No
49258,No
49259,Yes
49260,No
49261,Yes
49262,No
49263,No
49264,No
49265,No
49266,No
49267,No
49268,No
49269,Yes
49270,Yes
49271,No
49272,No
49273,No
49274,Yes
49275,No
49276,Yes
49277,No
49278,No
49279,Yes
49280,Yes
49281,Yes
49282,No
49283,No
49284,Yes
49285,Yes
49286,Yes
49287,No
49288,Yes
49289,No
49290,No
49291,Yes
49292,No
49293,No
49294,No
49295,No
49296,No
49297,Yes
49298,Yes
49299,Yes
49300,No
49301,Yes
49302,No
49303,No
49304,Yes
49305,Yes
49306,Yes
49307,Yes
49308,No
49309,No
49310,Yes
49311,No
49312,No
49313,Yes
49314,No
49315,No
49316,No
49317,No
49318,Yes
49319,Yes
49320,No
49321,No
49322,Yes
49323,No
49324,No
49325,Yes
49326,No
49327,No
49328,Yes
49329,No
49330,No
49331,No
49332,No
49333,No
49334,Yes
49335,No
49336,No
49337,Yes
49338,No
49339,No
49340,No
49341,No
49342,No
49343,No
49344,No
49345,No
49346,No
49347,No
49348,No
49349,No
49350,Yes
49351,No
49352,Yes
49353,No
49354,No
49355,Yes
49356,Yes
49357,Yes
49358,No
49359,Yes
49360,No
49361,No
49362,No
49363,No
49364,No
49365,Yes
49366,No
49367,Yes
49368,No
49369,Yes
49370,No
49371,No
49372,No
49373,No
49374,No
49375,No
49376,No
49377,No
49378,No
49379,Yes
49380,No
49381,No
49382,Yes
49383,No
49384,Yes
49385,No
49386,No
49387,No
49388,No
49389,No
49390,No
49391,No
49392,No
49393,No
49394,No
49395,No
49396,No
49397,No
49398,Yes
49399,Yes
49400,Yes
49401,No
49402,No
49403,No
49404,Yes
49405,No
49406,No
49407,Yes
49408,Yes
49409,No
49410,No
49411,Yes
49412,No
49413,No
49414,Yes
49415,Yes
49416,Yes
49417,No
49418,No
49419,No
49420,Yes
49421,Yes
49422,No
49423,No
49424,No
49425,No
49426,No
49427,No
49428,No
49429,No
49430,No
49431,No
49432,No
49433,No
49434,No
49435,Yes
49436,No
49437,No
49438,Yes
49439,No
49440,No
49441,Yes
49442,No
49443,No
49444,No
49445,No
49446,Yes
49447,No
49448,Yes
49449,Yes
49450,Yes
49451,Yes
49452,No
49453,No
49454,Yes
49455,No
49456,Yes
49457,No
49458,No
49459,No
49460,No
49461,No
49462,No
49463,No
49464,Yes
49465,Yes
49466,Yes
49467,Yes
49468,No
49469,Yes
49470,No
49471,No
49472,Yes
49473,No
49474,Yes
49475,No
49476,No
49477,Yes
49478,No
49479,No
49480,No
49481,No
49482,No
49483,No
49484,No
49485,Yes
49486,No
49487,No
49488,No
49489,Yes
49490,No
49491,Yes
49492,No
49493,No
49494,No
49495,Yes
49496,No
49497,No
49498,No
49499,No
49500,No
49501,No
49502,No
49503,No
49504,No
49505,No
49506,No
49507,No
49508,No
49509,No
49510,Yes
49511,No
49512,No
49513,No
49514,No
49515,No
49516,No
49517,No
49518,No
49519,No
49520,No
49521,Yes
49522,No
49523,No
49524,No
49525,Yes
49526,No
49527,No
49528,No
49529,No
49530,Yes
49531,Yes
49532,No
49533,Yes
49534,No
49535,No
49536,No
49537,No
49538,No
49539,No
49540,No
49541,No
49542,No
49543,Yes
49544,Yes
49545,No
49546,Yes
49547,No
49548,Yes
49549,No
49550,No
49551,Yes
49552,No
49553,No
49554,No
49555,Yes
49556,No
49557,No
49558,No
49559,No
49560,Yes
49561,No
49562,No
49563,No
49564,Yes
49565,No
49566,No
49567,No
49568,No
49569,No
49570,No
49571,No
49572,No
49573,No
49574,No
49575,Yes
49576,No
49577,No
49578,Yes
49579,No
49580,Yes
49581,Yes
49582,Yes
49583,Yes
49584,No
49585,Yes
49586,No
49587,Yes
49588,No
49589,Yes
49590,Yes
49591,No
49592,No
49593,No
49594,No
49595,No
49596,No
49597,No
49598,No
49599,No
49600,No
49601,No
49602,No
49603,No
49604,Yes
49605,No
49606,No
49607,No
49608,No
49609,Yes
49610,Yes
49611,No
49612,No
49613,No
49614,No
49615,Yes
49616,No
49617,Yes
49618,Yes
49619,No
49620,No
49621,No
49622,No
49623,Yes
49624,No
49625,No
49626,No
49627,No
49628,Yes
49629,No
49630,No
49631,Yes
49632,No
49633,No
49634,No
49635,No
49636,No
49637,No
49638,No
49639,Yes
49640,Yes
49641,No
49642,No
49643,Yes
49644,No
49645,No
49646,No
49647,No
49648,No
49649,No
49650,No
49651,No
49652,No
49653,No
49654,No
49655,No
49656,Yes
49657,No
49658,No
49659,No
49660,No
49661,Yes
49662,No
49663,Yes
49664,No
49665,No
49666,No
49667,Yes
49668,No
49669,No
49670,Yes
49671,No
49672,No
49673,Yes
49674,No
49675,No
49676,Yes
49677,No
49678,No
49679,Yes
49680,No
49681,No
49682,No
49683,No
49684,No
49685,No
49686,No
49687,No
49688,No
49689,Yes
49690,No
49691,No
49692,No
49693,No
49694,No
49695,No
49696,No
49697,Yes
49698,No
49699,No
49700,Yes
49701,Yes
49702,Yes
49703,Yes
49704,No
49705,Yes
49706,No
49707,Yes
49708,Yes
49709,No
49710,No
49711,No
49712,No
49713,Yes
49714,No
49715,Yes
49716,Yes
49717,No
49718,No
49719,No
49720,No
49721,No
49722,No
49723,Yes
49724,No
49725,Yes
49726,No
49727,No
49728,No
49729,No
49730,No
49731,No
49732,Yes
49733,No
49734,No
49735,No
49736,No
49737,No
49738,No
49739,No
49740,Yes
49741,No
49742,Yes
49743,Yes
49744,No
49745,No
49746,No
49747,Yes
49748,No
49749,No
49750,No
49751,No
49752,No
49753,No
49754,No
49755,No
49756,No
49757,No
49758,No
49759,No
49760,Yes
49761,Yes
49762,No
49763,No
49764,Yes
49765,No
49766,Yes
49767,No
49768,Yes
49769,No
49770,No
49771,No
49772,No
49773,No
49774,No
49775,No
49776,No
49777,No
49778,Yes
49779,No
49780,No
49781,No
49782,No
49783,No
49784,No
49785,No
49786,No
49787,No
49788,Yes
49789,Yes
49790,Yes
49791,No
49792,No
49793,No
49794,No
49795,No
49796,No
49797,Yes
49798,No
49799,No
49800,No
49801,No
49802,No
49803,No
49804,Yes
49805,No
49806,No
49807,No
49808,No
49809,No
49810,No
49811,No
49812,Yes
49813,No
49814,Yes
49815,Yes
49816,No
49817,No
49818,No
49819,No
49820,No
49821,No
49822,No
49823,No
49824,Yes
49825,Yes
49826,No
49827,No
49828,No
49829,No
49830,No
49831,No
49832,No
49833,No
49834,No
49835,Yes
49836,No
49837,No
49838,No
49839,Yes
49840,No
49841,No
49842,No
49843,No
49844,No
49845,Yes
49846,No
49847,No
49848,No
49849,No
49850,Yes
49851,No
49852,No
49853,No
49854,No
49855,No
49856,No
49857,No
49858,No
49859,No
49860,No
49861,No
49862,No
49863,No
49864,No
49865,No
49866,Yes
49867,No
49868,Yes
49869,Yes
49870,No
49871,No
49872,No
49873,No
49874,No
49875,No
49876,No
49877,Yes
49878,No
49879,Yes
49880,No
49881,Yes
49882,No
49883,No
49884,No
49885,No
49886,No
49887,No
49888,Yes
49889,No
49890,Yes
49891,Yes
49892,No
49893,No
49894,Yes
49895,No
49896,No
49897,No
49898,No
49899,No
49900,No
49901,No
49902,No
49903,No
49904,No
49905,No
49906,Yes
49907,Yes
49908,No
49909,No
49910,Yes
49911,Yes
49912,Yes
49913,No
49914,No
49915,Yes
49916,Yes
49917,No
49918,No
49919,Yes
49920,No
49921,No
49922,No
49923,Yes
49924,No
49925,Yes
49926,Yes
49927,No
49928,No
49929,No
49930,No
49931,Yes
49932,No
49933,Yes
49934,Yes
49935,No
49936,No
49937,No
49938,No
49939,No
49940,No
49941,No
49942,Yes
49943,No
49944,No
49945,No
49946,No
49947,No
49948,No
49949,No
49950,Yes
49951,No
49952,No
49953,No
49954,No
49955,No
49956,No
49957,No
49958,Yes
49959,No
49960,No
49961,No
49962,Yes
49963,Yes
49964,Yes
49965,No
49966,No
49967,No
49968,Yes
49969,No
49970,Yes
49971,No
49972,No
49973,No
49974,No
49975,No
49976,Yes
49977,No
49978,No
49979,No
49980,No
49981,Yes
49982,No
49983,No
49984,Yes
49985,Yes
49986,No
49987,No
49988,Yes
49989,No
49990,Yes
49991,No
49992,No
49993,No
49994,Yes
49995,No
49996,No
49997,No
49998,No
49999,No
50000,Yes
50001,Yes
50002,No
50003,No
50004,No
50005,Yes
50006,No
50007,No
50008,No
50009,No
50010,No
50011,Yes
50012,No
50013,No
50014,Yes
50015,No
50016,Yes
50017,No
50018,Yes
50019,Yes
50020,No
50021,Yes
50022,No
50023,No
50024,No
50025,No
50026,No
50027,No
50028,No
50029,No
50030,No
50031,No
50032,No
50033,No
50034,No
50035,No
50036,No
50037,No
50038,No
50039,No
50040,No
50041,No
50042,Yes
50043,No
50044,No
50045,No
50046,No
50047,Yes
50048,No
50049,No
50050,No
50051,Yes
50052,Yes
50053,No
50054,No
50055,Yes
50056,No
50057,No
50058,No
50059,Yes
50060,Yes
50061,No
50062,No
50063,No
50064,No
50065,No
50066,No
50067,No
50068,No
50069,Yes
50070,Yes
50071,No
50072,No
50073,No
50074,No
50075,No
50076,No
50077,Yes
50078,Yes
50079,No
50080,No
50081,Yes
50082,No
50083,Yes
50084,No
50085,No
50086,Yes
50087,Yes
50088,No
50089,No
50090,No
50091,Yes
50092,No
50093,Yes
50094,No
50095,No
50096,No
50097,No
50098,Yes
50099,Yes
50100,Yes
50101,No
50102,Yes
50103,No
50104,Yes
50105,Yes
50106,No
50107,No
50108,No
50109,No
50110,No
50111,Yes
50112,No
50113,No
50114,No
50115,No
50116,No
50117,No
50118,Yes
50119,No
50120,No
50121,Yes
50122,No
50123,No
50124,No
50125,No
50126,No
50127,No
50128,Yes
50129,No
50130,No
50131,No
50132,No
50133,No
50134,Yes
50135,No
50136,Yes
50137,No
50138,Yes
50139,Yes
50140,No
50141,No
50142,No
50143,Yes
50144,No
50145,Yes
50146,Yes
50147,No
50148,Yes
50149,No
50150,No
50151,Yes
50152,No
50153,No
50154,No
50155,No
50156,No
50157,No
50158,No
50159,Yes
50160,No
50161,No
50162,No
50163,Yes
50164,No
50165,No
50166,Yes
50167,No
50168,No
50169,No
50170,Yes
50171,No
50172,No
50173,Yes
50174,No
50175,No
50176,No
50177,No
50178,No
50179,No
50180,No
50181,No
50182,No
50183,Yes
50184,No
50185,Yes
50186,Yes
50187,No
50188,No
50189,Yes
50190,No
50191,No
50192,Yes
50193,No
50194,Yes
50195,No
50196,No
50197,Yes
50198,No
50199,No
50200,No
50201,No
50202,No
50203,No
50204,No
50205,No
50206,No
50207,Yes
50208,No
50209,No
50210,No
50211,Yes
50212,No
50213,No
50214,No
50215,Yes
50216,Yes
50217,No
50218,No
50219,No
50220,No
50221,No
50222,No
50223,No
50224,No
50225,No
50226,No
50227,No
50228,Yes
50229,No
50230,Yes
50231,Yes
50232,No
50233,No
50234,No
50235,Yes
50236,No
50237,No
50238,No
50239,Yes
50240,Yes
50241,No
50242,No
50243,No
50244,Yes
50245,No
50246,Yes
50247,Yes
50248,No
50249,No
50250,Yes
50251,No
50252,No
50253,Yes
50254,Yes
50255,Yes
50256,No
50257,No
50258,Yes
50259,No
50260,No
50261,No
50262,No
50263,Yes
50264,No
50265,No
50266,No
50267,Yes
50268,No
50269,No
50270,No
50271,Yes
50272,Yes
50273,Yes
50274,No
50275,No
50276,No
50277,No
50278,Yes
50279,No
50280,No
50281,No
50282,No
50283,Yes
50284,No
50285,No
50286,No
50287,No
50288,No
50289,No
50290,No
50291,No
50292,No
50293,Yes
50294,No
50295,Yes
50296,No
50297,Yes
50298,Yes
50299,No
50300,No
50301,No
50302,No
50303,No
50304,No
50305,No
50306,Yes
50307,No
50308,No
50309,No
50310,No
50311,No
50312,No
50313,No
50314,No
50315,No
50316,Yes
50317,No
50318,No
50319,No
50320,No
50321,No
50322,No
50323,No
50324,No
50325,No
50326,No
50327,No
50328,No
50329,Yes
50330,No
50331,No
50332,No
50333,No
50334,No
50335,No
50336,No
50337,No
50338,No
50339,No
50340,No
50341,No
50342,No
50343,No
50344,No
50345,No
50346,Yes
50347,Yes
50348,No
50349,Yes
50350,No
50351,Yes
50352,No
50353,No
50354,No
50355,No
50356,No
50357,No
50358,No
50359,No
50360,Yes
50361,No
50362,Yes
50363,No
50364,Yes
50365,No
50366,No
50367,Yes
50368,Yes
50369,No
50370,No
50371,Yes
50372,No
50373,No
50374,No
50375,No
50376,No
50377,Yes
50378,Yes
50379,Yes
50380,No
50381,Yes
50382,No
50383,No
50384,Yes
50385,Yes
50386,No
50387,No
50388,No
50389,No
50390,No
50391,Yes
50392,No
50393,No
50394,No
50395,Yes
50396,No
50397,No
50398,No
50399,Yes
50400,Yes
50401,No
50402,No
50403,Yes
50404,No
50405,No
50406,Yes
50407,No
50408,No
50409,Yes
50410,No
50411,No
50412,No
50413,No
50414,Yes
50415,Yes
50416,Yes
50417,No
50418,Yes
50419,Yes
50420,No
50421,No
50422,No
50423,Yes
50424,No
50425,No
50426,No
50427,No
50428,No
50429,No
50430,No
50431,No
50432,Yes
50433,No
50434,No
50435,No
50436,No
50437,Yes
50438,No
50439,Yes
50440,No
50441,No
50442,Yes
50443,Yes
50444,No
50445,No
50446,No
50447,No
50448,No
50449,No
50450,No
50451,Yes
50452,No
50453,Yes
50454,No
50455,No
50456,Yes
50457,No
50458,No
50459,No
50460,No
50461,Yes
50462,No
50463,No
50464,No
50465,No
50466,No
50467,No
50468,No
50469,No
50470,No
50471,No
50472,No
50473,No
50474,No
50475,No
50476,No
50477,No
50478,No
50479,Yes
50480,No
50481,Yes
50482,No
50483,No
50484,No
50485,No
50486,Yes
50487,No
50488,Yes
50489,No
50490,No
50491,No
50492,No
50493,Yes
50494,No
50495,Yes
50496,Yes
50497,No
50498,Yes
50499,No
50500,No
50501,No
50502,Yes
50503,No
50504,No
50505,Yes
50506,No
50507,No
50508,Yes
50509,Yes
50510,No
50511,No
50512,Yes
50513,No
50514,Yes
50515,No
50516,Yes
50517,No
50518,No
50519,No
50520,No
50521,No
50522,Yes
50523,No
50524,No
50525,Yes
50526,No
50527,No
50528,Yes
50529,No
50530,No
50531,No
50532,No
50533,No
50534,Yes
50535,No
50536,No
50537,No
50538,Yes
50539,Yes
50540,No
50541,Yes
50542,No
50543,No
50544,Yes
50545,No
50546,No
50547,No
50548,No
50549,No
50550,Yes
50551,No
50552,Yes
50553,No
50554,No
50555,No
50556,No
50557,No
50558,No
50559,No
50560,No
50561,No
50562,No
50563,No
50564,No
50565,No
50566,No
50567,No
50568,Yes
50569,No
50570,No
50571,No
50572,No
50573,No
50574,No
50575,No
50576,Yes
50577,Yes
50578,No
50579,No
50580,No
50581,No
50582,No
50583,No
50584,No
50585,Yes
50586,No
50587,No
50588,No
50589,No
50590,Yes
50591,Yes
50592,No
50593,No
50594,No
50595,No
50596,No
50597,Yes
50598,Yes
50599,Yes
50600,No
50601,No
50602,No
50603,No
50604,No
50605,No
50606,No
50607,No
50608,No
50609,No
50610,Yes
50611,No
50612,No
50613,Yes
50614,No
50615,Yes
50616,Yes
50617,No
50618,Yes
50619,No
50620,No
50621,No
50622,No
50623,Yes
50624,Yes
50625,No
50626,Yes
50627,Yes
50628,No
50629,No
50630,Yes
50631,No
50632,No
50633,No
50634,Yes
50635,No
50636,No
50637,No
50638,Yes
50639,No
50640,Yes
50641,No
50642,No
50643,Yes
50644,No
50645,No
50646,No
50647,No
50648,No
50649,Yes
50650,No
50651,No
50652,Yes
50653,Yes
50654,Yes
50655,No
50656,No
50657,No
50658,No
50659,No
50660,No
50661,No
50662,No
50663,No
50664,No
50665,Yes
50666,Yes
50667,No
50668,No
50669,Yes
50670,No
50671,No
50672,No
50673,No
50674,Yes
50675,Yes
50676,Yes
50677,Yes
50678,No
50679,Yes
50680,No
50681,No
50682,Yes
50683,No
50684,No
50685,No
50686,No
50687,No
50688,No
50689,Yes
50690,No
50691,Yes
50692,No
50693,No
50694,No
50695,No
50696,No
50697,No
50698,Yes
50699,Yes
50700,Yes
50701,Yes
50702,No
50703,Yes
50704,Yes
50705,No
50706,No
50707,Yes
50708,No
50709,No
50710,Yes
50711,No
50712,No
50713,Yes
50714,Yes
50715,No
50716,No
50717,No
50718,No
50719,Yes
50720,No
50721,No
50722,Yes
50723,Yes
50724,No
50725,No
50726,No
50727,Yes
50728,No
50729,No
50730,No
50731,No
50732,No
50733,No
50734,No
50735,Yes
50736,No
50737,No
50738,No
50739,Yes
50740,No
50741,No
50742,Yes
50743,Yes
50744,No
50745,No
50746,No
50747,Yes
50748,Yes
50749,No
50750,Yes
50751,Yes
50752,Yes
50753,No
50754,Yes
50755,No
50756,No
50757,No
50758,Yes
50759,No
50760,No
50761,Yes
50762,Yes
50763,No
50764,No
50765,Yes
50766,Yes
50767,No
50768,No
50769,No
50770,Yes
50771,No
50772,No
50773,No
50774,No
50775,No
50776,No
50777,No
50778,No
50779,Yes
50780,No
50781,Yes
50782,No
50783,No
50784,Yes
50785,No
50786,No
50787,No
50788,No
50789,Yes
50790,Yes
50791,No
50792,No
50793,Yes
50794,No
50795,No
50796,No
50797,Yes
50798,No
50799,No
50800,Yes
50801,No
50802,No
50803,No
50804,No
50805,Yes
50806,No
50807,No
50808,No
50809,No
50810,No
50811,No
50812,Yes
50813,Yes
50814,No
50815,Yes
50816,No
50817,No
50818,No
50819,Yes
50820,No
50821,No
50822,No
50823,No
50824,No
50825,Yes
50826,Yes
50827,No
50828,No
50829,No
50830,No
50831,Yes
50832,Yes
50833,No
50834,No
50835,No
50836,No
50837,No
50838,Yes
50839,No
50840,No
50841,No
50842,Yes
50843,Yes
50844,Yes
50845,No
50846,No
50847,No
50848,Yes
50849,No
50850,No
50851,Yes
50852,Yes
50853,No
50854,No
50855,No
50856,No
50857,No
50858,No
50859,No
50860,Yes
50861,Yes
50862,No
50863,No
50864,No
50865,No
50866,No
50867,No
50868,Yes
50869,Yes
50870,No
50871,No
50872,Yes
50873,No
50874,Yes
50875,Yes
50876,No
50877,No
50878,No
50879,Yes
50880,Yes
50881,Yes
50882,No
50883,No
50884,Yes
50885,No
50886,No
50887,No
50888,Yes
50889,No
50890,Yes
50891,Yes
50892,No
50893,Yes
50894,No
50895,No
50896,No
50897,No
50898,No
50899,Yes
50900,No
50901,Yes
50902,No
50903,Yes
50904,Yes
50905,Yes
50906,No
50907,No
50908,No
50909,No
50910,No
50911,No
50912,No
50913,No
50914,No
50915,No
50916,No
50917,No
50918,No
50919,No
50920,No
50921,Yes
50922,No
50923,No
50924,No
50925,No
50926,Yes
50927,No
50928,Yes
50929,Yes
50930,Yes
50931,No
50932,No
50933,No
50934,Yes
50935,Yes
50936,No
50937,Yes
50938,Yes
50939,No
50940,No
50941,Yes
50942,No
50943,Yes
50944,No
50945,No
50946,No
50947,No
50948,Yes
50949,Yes
50950,Yes
50951,No
50952,No
50953,No
50954,No
50955,Yes
50956,No
50957,Yes
50958,No
50959,No
50960,Yes
50961,Yes
50962,No
50963,No
50964,No
50965,Yes
50966,No
50967,Yes
50968,Yes
50969,Yes
50970,Yes
50971,Yes
50972,No
50973,No
50974,No
50975,Yes
50976,No
50977,No
50978,No
50979,No
50980,No
50981,No
50982,No
50983,No
50984,No
50985,Yes
50986,No
50987,Yes
50988,No
50989,Yes
50990,No
50991,No
50992,Yes
50993,Yes
50994,No
50995,No
50996,No
50997,No
50998,No
50999,Yes
51000,Yes
51001,No
51002,No
51003,Yes
51004,Yes
51005,Yes
51006,No
51007,No
51008,No
51009,No
51010,No
51011,No
51012,No
51013,Yes
51014,No
51015,No
51016,No
51017,Yes
51018,Yes
51019,No
51020,No
51021,No
51022,Yes
51023,No
51024,No
51025,No
51026,No
51027,No
51028,Yes
51029,No
51030,No
51031,No
51032,Yes
51033,No
51034,No
51035,No
51036,No
51037,Yes
51038,Yes
51039,Yes
51040,No
51041,Yes
51042,No
51043,No
51044,No
51045,No
51046,No
51047,No
51048,No
51049,Yes
51050,No
51051,No
51052,No
51053,Yes
51054,No
51055,No
51056,No
51057,No
51058,No
51059,No
51060,No
51061,No
51062,No
51063,Yes
51064,No
51065,No
51066,No
51067,No
51068,No
51069,No
51070,No
51071,No
51072,No
51073,No
51074,No
51075,No
51076,No
51077,No
51078,No
51079,No
51080,Yes
51081,Yes
51082,No
51083,Yes
51084,No
51085,No
51086,No
51087,No
51088,No
51089,No
51090,No
51091,Yes
51092,No
51093,No
51094,No
51095,No
51096,Yes
51097,No
51098,No
51099,No
51100,No
51101,Yes
51102,No
51103,No
51104,No
51105,Yes
51106,Yes
51107,Yes
51108,No
51109,Yes
51110,No
51111,No
51112,No
51113,No
51114,No
51115,No
51116,Yes
51117,No
51118,No
51119,No
51120,No
51121,Yes
51122,Yes
51123,No
51124,Yes
51125,No
51126,No
51127,No
51128,No
51129,No
51130,Yes
51131,No
51132,No
51133,No
51134,Yes
51135,No
51136,No
51137,No
51138,Yes
51139,No
51140,Yes
51141,No
51142,No
51143,Yes
51144,No
51145,No
51146,No
51147,No
51148,No
51149,Yes
51150,Yes
51151,No
51152,Yes
51153,Yes
51154,No
51155,Yes
51156,No
51157,No
51158,No
51159,No
51160,Yes
51161,No
51162,No
51163,Yes
51164,No
51165,No
51166,Yes
51167,No
51168,Yes
51169,No
51170,No
51171,Yes
51172,No
51173,Yes
51174,No
51175,No
51176,No
51177,No
51178,No
51179,No
51180,No
51181,No
51182,No
51183,No
51184,Yes
51185,No
51186,No
51187,No
51188,No
51189,No
51190,No
51191,No
51192,No
51193,Yes
51194,Yes
51195,No
51196,Yes
51197,No
51198,No
51199,No
51200,No
51201,No
51202,Yes
51203,Yes
51204,Yes
51205,No
51206,Yes
51207,Yes
51208,No
51209,Yes
51210,No
51211,No
51212,Yes
51213,No
51214,No
51215,No
51216,No
51217,No
51218,No
51219,No
51220,No
51221,No
51222,No
51223,Yes
51224,No
51225,No
51226,Yes
51227,Yes
51228,No
51229,Yes
51230,No
51231,No
51232,No
51233,Yes
51234,No
51235,Yes
51236,Yes
51237,No
51238,Yes
51239,No
51240,No
51241,No
51242,No
51243,No
51244,Yes
51245,No
51246,No
51247,Yes
51248,Yes
51249,No
51250,No
51251,No
51252,No
51253,No
51254,Yes
51255,Yes
51256,No
51257,No
51258,Yes
51259,No
51260,No
51261,No
51262,Yes
51263,No
51264,Yes
51265,No
51266,No
51267,No
51268,Yes
51269,No
51270,Yes
51271,No
51272,Yes
51273,No
51274,No
51275,No
51276,No
51277,No
51278,No
51279,No
51280,Yes
51281,Yes
51282,Yes
51283,No
51284,No
51285,No
51286,No
51287,No
51288,No
51289,No
51290,No
51291,No
51292,No
51293,No
51294,No
51295,No
51296,Yes
51297,Yes
51298,No
51299,No
51300,No
51301,Yes
51302,Yes
51303,No
51304,No
51305,No
51306,Yes
51307,Yes
51308,Yes
51309,No
51310,No
51311,Yes
51312,No
51313,No
51314,No
51315,No
51316,No
51317,No
51318,Yes
51319,No
51320,No
51321,Yes
51322,Yes
51323,No
51324,No
51325,No
51326,No
51327,Yes
51328,No
51329,No
51330,No
51331,Yes
51332,Yes
51333,No
51334,Yes
51335,No
51336,Yes
51337,No
51338,No
51339,No
51340,No
51341,No
51342,Yes
51343,No
51344,No
51345,No
51346,Yes
51347,No
51348,No
51349,No
51350,No
51351,Yes
51352,No
51353,Yes
51354,Yes
51355,No
51356,No
51357,Yes
51358,No
51359,No
51360,Yes
51361,No
51362,No
51363,No
51364,Yes
51365,Yes
51366,Yes
51367,Yes
51368,No
51369,Yes
51370,No
51371,No
51372,Yes
51373,Yes
51374,No
51375,No
51376,No
51377,Yes
51378,Yes
51379,No
51380,No
51381,No
51382,No
51383,No
51384,No
51385,No
51386,No
51387,No
51388,Yes
51389,No
51390,Yes
51391,No
51392,No
51393,No
51394,Yes
51395,No
51396,No
51397,No
51398,No
51399,No
51400,Yes
51401,No
51402,No
51403,Yes
51404,No
51405,No
51406,No
51407,No
51408,No
51409,Yes
51410,No
51411,No
51412,Yes
51413,No
51414,Yes
51415,No
51416,Yes
51417,No
51418,No
51419,Yes
51420,No
51421,No
51422,No
51423,No
51424,Yes
51425,Yes
51426,No
51427,No
51428,Yes
51429,No
51430,No
51431,No
51432,No
51433,No
51434,Yes
51435,No
51436,No
51437,No
51438,Yes
51439,No
51440,No
51441,No
51442,No
51443,No
51444,No
51445,Yes
51446,No
51447,No
51448,No
51449,No
51450,No
51451,No
51452,No
51453,Yes
51454,Yes
51455,No
51456,Yes
51457,Yes
51458,No
51459,Yes
51460,No
51461,Yes
51462,No
51463,Yes
51464,No
51465,No
51466,No
51467,Yes
51468,Yes
51469,No
51470,No
51471,No
51472,No
51473,No
51474,No
51475,Yes
51476,No
51477,No
51478,No
51479,No
51480,No
51481,No
51482,No
51483,No
51484,No
51485,No
51486,Yes
51487,No
51488,Yes
51489,Yes
51490,No
51491,No
51492,Yes
51493,No
51494,Yes
51495,Yes
51496,No
51497,No
51498,Yes
51499,No
51500,Yes
51501,Yes
51502,No
51503,No
51504,Yes
51505,Yes
51506,No
51507,Yes
51508,No
51509,No
51510,Yes
51511,Yes
51512,Yes
51513,Yes
51514,No
51515,No
51516,No
51517,No
51518,No
51519,No
51520,No
51521,No
51522,Yes
51523,Yes
51524,No
51525,No
51526,No
51527,Yes
51528,No
51529,No
51530,No
51531,Yes
51532,Yes
51533,Yes
51534,No
51535,Yes
51536,No
51537,No
51538,No
51539,No
51540,Yes
51541,No
51542,Yes
51543,No
51544,Yes
51545,Yes
51546,No
51547,No
51548,No
51549,Yes
51550,No
51551,No
51552,No
51553,No
51554,No
51555,No
51556,No
51557,No
51558,No
51559,No
51560,No
51561,Yes
51562,No
51563,No
51564,Yes
51565,No
51566,No
51567,No
51568,Yes
51569,Yes
51570,No
51571,No
51572,Yes
51573,Yes
51574,No
51575,No
51576,No
51577,Yes
51578,No
51579,No
51580,No
51581,Yes
51582,No
51583,Yes
51584,No
51585,No
51586,No
51587,Yes
51588,Yes
51589,Yes
51590,No
51591,No
51592,No
51593,No
51594,No
51595,No
51596,No
51597,Yes
51598,No
51599,No
51600,Yes
51601,Yes
51602,Yes
51603,No
51604,No
51605,Yes
51606,No
51607,No
51608,No
51609,No
51610,No
51611,No
51612,Yes
51613,No
51614,No
51615,No
51616,No
51617,No
51618,No
51619,No
51620,Yes
51621,Yes
51622,No
51623,No
51624,No
51625,No
51626,Yes
51627,No
51628,No
51629,No
51630,No
51631,No
51632,Yes
51633,No
51634,Yes
51635,No
51636,Yes
51637,No
51638,No
51639,Yes
51640,No
51641,No
51642,No
51643,No
51644,No
51645,No
51646,Yes
51647,No
51648,No
51649,No
51650,No
51651,No
51652,No
51653,No
51654,No
51655,Yes
51656,No
51657,Yes
51658,No
51659,Yes
51660,No
51661,No
51662,Yes
51663,No
51664,No
51665,Yes
51666,No
51667,No
51668,Yes
51669,No
51670,No
51671,No
51672,Yes
51673,Yes
51674,No
51675,Yes
51676,No
51677,No
51678,Yes
51679,Yes
51680,No
51681,No
51682,Yes
51683,No
51684,No
51685,Yes
51686,No
51687,No
51688,No
51689,No
51690,No
51691,No
51692,No
51693,No
51694,No
51695,No
51696,No
51697,No
51698,No
51699,No
51700,No
51701,No
51702,Yes
51703,No
51704,No
51705,Yes
51706,Yes
51707,No
51708,Yes
51709,No
51710,Yes
51711,No
51712,No
51713,No
51714,No
51715,No
51716,No
51717,No
51718,Yes
51719,No
51720,No
51721,No
51722,No
51723,Yes
51724,Yes
51725,Yes
51726,Yes
51727,Yes
51728,Yes
51729,No
51730,Yes
51731,Yes
51732,No
51733,Yes
51734,No
51735,No
51736,No
51737,No
51738,No
51739,No
51740,No
51741,No
51742,No
51743,Yes
51744,Yes
51745,No
51746,No
51747,No
51748,No
51749,No
51750,No
51751,Yes
51752,No
51753,Yes
51754,No
51755,No
51756,No
51757,No
51758,No
51759,No
51760,Yes
51761,No
51762,No
51763,No
51764,Yes
51765,Yes
51766,Yes
51767,No
51768,No
51769,No
51770,No
51771,Yes
51772,Yes
51773,No
51774,No
51775,Yes
51776,No
51777,No
51778,Yes
51779,No
51780,Yes
51781,No
51782,No
51783,No
51784,No
51785,No
51786,No
51787,No
51788,No
51789,No
51790,Yes
51791,No
51792,Yes
51793,Yes
51794,Yes
51795,Yes
51796,Yes
51797,No
51798,No
51799,No
51800,No
51801,No
51802,Yes
51803,Yes
51804,No
51805,No
51806,No
51807,No
51808,No
51809,Yes
51810,No
51811,Yes
51812,Yes
51813,No
51814,No
51815,No
51816,No
51817,No
51818,Yes
51819,Yes
51820,No
51821,No
51822,No
51823,Yes
51824,Yes
51825,No
51826,No
51827,No
51828,No
51829,No
51830,No
51831,No
51832,No
51833,No
51834,No
51835,Yes
51836,No
51837,Yes
51838,Yes
51839,Yes
51840,Yes
51841,Yes
51842,Yes
51843,No
51844,Yes
51845,Yes
51846,Yes
51847,No
51848,Yes
51849,Yes
51850,No
51851,No
51852,Yes
51853,No
51854,No
51855,No
51856,No
51857,No
51858,No
51859,No
51860,No
51861,No
51862,Yes
51863,Yes
51864,No
51865,Yes
51866,No
51867,No
51868,Yes
51869,No
51870,No
51871,No
51872,No
51873,No
51874,Yes
51875,No
51876,No
51877,Yes
51878,No
51879,No
51880,No
51881,Yes
51882,No
51883,Yes
51884,No
51885,No
51886,No
51887,Yes
51888,No
51889,No
51890,No
51891,No
51892,No
51893,Yes
51894,Yes
51895,No
51896,Yes
51897,No
51898,No
51899,No
51900,No
51901,No
51902,No
51903,No
51904,Yes
51905,No
51906,No
51907,Yes
51908,Yes
51909,Yes
51910,Yes
51911,No
51912,Yes
51913,No
51914,Yes
51915,No
51916,No
51917,No
51918,No
51919,No
51920,No
51921,No
51922,No
51923,No
51924,Yes
51925,No
51926,No
51927,Yes
51928,Yes
51929,No
51930,No
51931,No
51932,No
51933,No
51934,Yes
51935,Yes
51936,Yes
51937,No
51938,No
51939,Yes
51940,No
51941,No
51942,No
51943,Yes
51944,No
51945,No
51946,Yes
51947,No
51948,No
51949,No
51950,No
51951,No
51952,No
51953,Yes
51954,No
51955,No
51956,No
51957,No
51958,No
51959,No
51960,No
51961,No
51962,No
51963,No
51964,Yes
51965,No
51966,Yes
51967,Yes
51968,No
51969,No
51970,Yes
51971,Yes
51972,No
51973,Yes
51974,No
51975,No
51976,Yes
51977,Yes
51978,No
51979,No
51980,No
51981,No
51982,No
51983,Yes
51984,No
51985,Yes
51986,No
51987,Yes
51988,Yes
51989,No
51990,No
51991,No
51992,Yes
51993,Yes
51994,No
51995,No
51996,No
51997,No
51998,No
51999,Yes
52000,No
52001,Yes
52002,No
52003,Yes
52004,No
52005,Yes
52006,No
52007,No
52008,No
52009,Yes
52010,Yes
52011,No
52012,No
52013,No
52014,No
52015,No
52016,No
52017,No
52018,Yes
52019,No
52020,Yes
52021,No
52022,Yes
52023,Yes
52024,No
52025,No
52026,Yes
52027,No
52028,No
52029,No
52030,No
52031,Yes
52032,No
52033,No
52034,No
52035,Yes
52036,No
52037,Yes
52038,No
52039,No
52040,No
52041,Yes
52042,Yes
52043,Yes
52044,Yes
52045,No
52046,No
52047,No
52048,No
52049,Yes
52050,No
52051,Yes
52052,Yes
52053,No
52054,No
52055,No
52056,No
52057,No
52058,Yes
52059,No
52060,No
52061,No
52062,No
52063,No
52064,Yes
52065,No
52066,No
52067,No
52068,No
52069,No
52070,Yes
52071,No
52072,Yes
52073,No
52074,No
52075,No
52076,Yes
52077,No
52078,No
52079,No
52080,No
52081,No
52082,Yes
52083,No
52084,No
52085,No
52086,No
52087,No
52088,No
52089,No
52090,No
52091,No
52092,No
52093,Yes
52094,Yes
52095,No
52096,Yes
52097,Yes
52098,Yes
52099,No
52100,No
52101,No
52102,No
52103,No
52104,No
52105,No
52106,No
52107,No
52108,No
52109,No
52110,No
52111,No
52112,Yes
52113,Yes
52114,No
52115,No
52116,Yes
52117,No
52118,No
52119,No
52120,No
52121,No
52122,No
52123,No
52124,No
52125,Yes
52126,No
52127,No
52128,No
52129,Yes
52130,No
52131,Yes
52132,No
52133,No
52134,No
52135,No
52136,No
52137,No
52138,No
52139,No
52140,No
52141,No
52142,Yes
52143,No
52144,No
52145,No
52146,No
52147,No
52148,No
52149,No
52150,Yes
52151,No
52152,Yes
52153,Yes
52154,Yes
52155,No
52156,No
52157,No
52158,Yes
52159,Yes
52160,Yes
52161,No
52162,No
52163,No
52164,Yes
52165,No
52166,No
52167,No
52168,No
52169,No
52170,No
52171,No
52172,Yes
52173,No
52174,No
52175,No
52176,No
52177,No
52178,No
52179,Yes
52180,No
52181,No
52182,No
52183,No
52184,No
52185,Yes
52186,No
52187,No
52188,Yes
52189,No
52190,No
52191,Yes
52192,No
52193,Yes
52194,No
52195,No
52196,No
52197,Yes
52198,No
52199,No
52200,No
52201,Yes
52202,No
52203,No
52204,No
52205,Yes
52206,Yes
52207,No
52208,No
52209,Yes
52210,No
52211,Yes
52212,Yes
52213,No
52214,Yes
52215,Yes
52216,No
52217,No
52218,No
52219,No
52220,Yes
52221,Yes
52222,No
52223,Yes
52224,No
52225,No
52226,Yes
52227,No
52228,Yes
52229,Yes
52230,No
52231,No
52232,No
52233,No
52234,Yes
52235,No
52236,No
52237,Yes
52238,No
52239,Yes
52240,Yes
52241,No
52242,No
52243,No
52244,No
52245,No
52246,No
52247,No
52248,No
52249,No
52250,No
52251,No
52252,No
52253,No
52254,Yes
52255,No
52256,Yes
52257,No
52258,No
52259,Yes
52260,No
52261,No
52262,No
52263,No
52264,No
52265,No
52266,No
52267,Yes
52268,Yes
52269,No
52270,Yes
52271,No
52272,No
52273,Yes
52274,No
52275,No
52276,Yes
52277,Yes
52278,No
52279,No
52280,Yes
52281,No
52282,No
52283,No
52284,No
52285,No
52286,No
52287,No
52288,No
52289,Yes
52290,No
52291,No
52292,No
52293,No
52294,No
52295,No
52296,No
52297,No
52298,No
52299,No
52300,No
52301,No
52302,No
52303,No
52304,No
52305,No
52306,No
52307,No
52308,No
52309,Yes
52310,Yes
52311,No
52312,No
52313,No
52314,No
52315,No
52316,Yes
52317,No
52318,Yes
52319,No
52320,No
52321,Yes
52322,Yes
52323,No
52324,Yes
52325,No
52326,No
52327,No
52328,Yes
52329,No
52330,No
52331,Yes
52332,Yes
52333,Yes
52334,No
52335,No
52336,No
52337,No
52338,No
52339,No
52340,No
52341,Yes
52342,Yes
52343,No
52344,No
52345,Yes
52346,No
52347,Yes
52348,No
52349,No
52350,No
52351,No
52352,Yes
52353,No
52354,Yes
52355,Yes
52356,No
52357,Yes
52358,No
52359,No
52360,No
52361,No
52362,Yes
52363,No
52364,No
52365,Yes
52366,No
52367,No
52368,No
52369,Yes
52370,No
52371,No
52372,No
52373,No
52374,No
52375,No
52376,No
52377,No
52378,No
52379,Yes
52380,Yes
52381,No
52382,Yes
52383,No
52384,No
52385,No
52386,Yes
52387,No
52388,No
52389,Yes
52390,No
52391,Yes
52392,Yes
52393,No
52394,No
52395,Yes
52396,No
52397,Yes
52398,Yes
52399,No
52400,No
52401,No
52402,No
52403,Yes
52404,Yes
52405,No
52406,No
52407,No
52408,No
52409,No
52410,No
52411,Yes
52412,Yes
52413,No
52414,No
52415,No
52416,No
52417,Yes
52418,No
52419,No
52420,No
52421,Yes
52422,Yes
52423,No
52424,Yes
52425,No
52426,No
52427,No
52428,No
52429,No
52430,No
52431,No
52432,No
52433,No
52434,No
52435,Yes
52436,No
52437,No
52438,No
52439,No
52440,No
52441,No
52442,Yes
52443,No
52444,No
52445,No
52446,No
52447,No
52448,No
52449,No
52450,No
52451,Yes
52452,Yes
52453,No
52454,No
52455,No
52456,No
52457,Yes
52458,Yes
52459,No
52460,No
52461,No
52462,No
52463,Yes
52464,No
52465,No
52466,Yes
52467,No
52468,No
52469,No
52470,Yes
52471,Yes
52472,No
52473,Yes
52474,No
52475,Yes
52476,Yes
52477,No
52478,No
52479,No
52480,No
52481,No
52482,No
52483,No
52484,No
52485,No
52486,No
52487,No
52488,No
52489,Yes
52490,No
52491,No
52492,No
52493,No
52494,No
52495,No
52496,No
52497,No
52498,No
52499,No
52500,No
52501,Yes
52502,No
52503,No
52504,Yes
52505,No
52506,No
52507,Yes
52508,Yes
52509,No
52510,No
52511,No
52512,No
52513,Yes
52514,Yes
52515,No
52516,No
52517,No
52518,No
52519,No
52520,No
52521,Yes
52522,No
52523,No
52524,No
52525,Yes
52526,No
52527,No
52528,No
52529,No
52530,Yes
52531,No
52532,Yes
52533,No
52534,Yes
52535,No
52536,Yes
52537,No
52538,No
52539,No
52540,No
52541,No
52542,No
52543,No
52544,No
52545,No
52546,No
52547,No
52548,Yes
52549,No
52550,No
52551,No
52552,No
52553,No
52554,Yes
52555,No
52556,No
52557,No
52558,No
52559,No
52560,No
52561,Yes
52562,Yes
52563,No
52564,No
52565,Yes
52566,No
52567,No
52568,No
52569,No
52570,No
52571,No
52572,No
52573,No
52574,No
52575,No
52576,No
52577,No
52578,No
52579,No
52580,No
52581,Yes
52582,Yes
52583,No
52584,No
52585,No
52586,No
52587,Yes
52588,Yes
52589,Yes
52590,No
52591,No
52592,No
52593,No
52594,Yes
52595,No
52596,No
52597,No
52598,No
52599,Yes
52600,No
52601,Yes
52602,No
52603,No
52604,No
52605,Yes
52606,No
52607,No
52608,No
52609,Yes
52610,Yes
52611,No
52612,No
52613,Yes
52614,No
52615,Yes
52616,No
52617,Yes
52618,No
52619,Yes
52620,No
52621,Yes
52622,No
52623,No
52624,No
52625,Yes
52626,No
52627,No
52628,No
52629,No
52630,No
52631,No
52632,No
52633,No
52634,No
52635,No
52636,No
52637,No
52638,No
52639,No
52640,No
52641,No
52642,No
52643,Yes
52644,No
52645,No
52646,No
52647,Yes
52648,No
52649,No
52650,Yes
52651,No
52652,No
52653,No
52654,No
52655,No
52656,Yes
52657,No
52658,No
52659,Yes
52660,No
52661,No
52662,No
52663,No
52664,No
52665,No
52666,No
52667,No
52668,No
52669,Yes
52670,No
52671,No
52672,Yes
52673,No
52674,No
52675,No
52676,Yes
52677,Yes
52678,No
52679,No
52680,No
52681,Yes
52682,No
52683,No
52684,No
52685,No
52686,No
52687,No
52688,No
52689,No
52690,No
52691,No
52692,No
52693,No
52694,No
52695,Yes
52696,No
52697,Yes
52698,Yes
52699,No
52700,Yes
52701,No
52702,No
52703,No
52704,No
52705,No
52706,No
52707,No
52708,No
52709,No
52710,No
52711,No
52712,No
52713,No
52714,Yes
52715,Yes
52716,No
52717,No
52718,No
52719,No
52720,No
52721,Yes
52722,No
52723,Yes
52724,Yes
52725,No
52726,No
52727,Yes
52728,No
52729,No
52730,No
52731,No
52732,Yes
52733,Yes
52734,No
52735,No
52736,No
52737,Yes
52738,No
52739,Yes
52740,Yes
52741,No
52742,Yes
52743,Yes
52744,No
52745,Yes
52746,No
52747,Yes
52748,No
52749,No
52750,No
52751,No
52752,No
52753,Yes
52754,Yes
52755,No
52756,No
52757,Yes
52758,No
52759,Yes
52760,No
52761,No
52762,No
52763,No
52764,Yes
52765,Yes
52766,No
52767,No
52768,No
52769,Yes
52770,No
52771,No
52772,No
52773,No
52774,No
52775,No
52776,No
52777,No
52778,No
52779,No
52780,No
52781,Yes
52782,No
52783,No
52784,No
52785,No
52786,No
52787,No
52788,Yes
52789,No
52790,No
52791,Yes
52792,No
52793,No
52794,No
52795,Yes
52796,No
52797,No
52798,No
52799,No
52800,No
52801,No
52802,No
52803,No
52804,No
52805,No
52806,No
52807,No
52808,Yes
52809,No
52810,No
52811,No
52812,No
52813,No
52814,No
52815,No
52816,No
52817,No
52818,No
52819,Yes
52820,No
52821,Yes
52822,No
52823,No
52824,Yes
52825,No
52826,No
52827,No
52828,Yes
52829,No
52830,No
52831,No
52832,No
52833,No
52834,No
52835,No
52836,Yes
52837,No
52838,Yes
52839,No
52840,Yes
52841,No
52842,No
52843,No
52844,No
52845,No
52846,No
52847,No
52848,No
52849,No
52850,No
52851,Yes
52852,No
52853,No
52854,No
52855,No
52856,Yes
52857,No
52858,No
52859,No
52860,No
52861,Yes
52862,No
52863,No
52864,No
52865,No
52866,No
52867,No
52868,No
52869,Yes
52870,No
52871,No
52872,No
52873,No
52874,No
52875,No
52876,Yes
52877,No
52878,Yes
52879,No
52880,Yes
52881,No
52882,No
52883,No
52884,No
52885,No
52886,No
52887,Yes
52888,Yes
52889,Yes
52890,No
52891,No
52892,No
52893,No
52894,No
52895,No
52896,No
52897,Yes
52898,No
52899,Yes
52900,Yes
52901,No
52902,No
52903,Yes
52904,No
52905,No
52906,Yes
52907,Yes
52908,Yes
52909,No
52910,No
52911,No
52912,No
52913,No
52914,No
52915,No
52916,No
52917,No
52918,No
52919,No
52920,No
52921,No
52922,Yes
52923,Yes
52924,Yes
52925,No
52926,Yes
52927,No
52928,Yes
52929,Yes
52930,No
52931,No
52932,Yes
52933,No
52934,Yes
52935,No
52936,No
52937,No
52938,No
52939,Yes
52940,No
52941,No
52942,No
52943,Yes
52944,No
52945,No
52946,No
52947,No
52948,Yes
52949,No
52950,No
52951,No
52952,No
52953,Yes
52954,No
52955,No
52956,Yes
52957,No
52958,No
52959,No
52960,Yes
52961,No
52962,Yes
52963,No
52964,No
52965,No
52966,Yes
52967,No
52968,Yes
52969,No
52970,Yes
52971,No
52972,No
52973,No
52974,Yes
52975,No
52976,No
52977,No
52978,No
52979,Yes
52980,No
52981,Yes
52982,Yes
52983,Yes
52984,No
52985,Yes
52986,No
52987,No
52988,No
52989,Yes
52990,Yes
52991,Yes
52992,No
52993,Yes
52994,Yes
52995,No
52996,No
52997,Yes
52998,No
52999,No
53000,No
53001,No
53002,No
53003,No
53004,No
53005,No
53006,No
53007,No
53008,Yes
53009,Yes
53010,No
53011,No
53012,Yes
53013,Yes
53014,Yes
53015,No
53016,Yes
53017,Yes
53018,No
53019,Yes
53020,No
53021,No
53022,No
53023,Yes
53024,No
53025,No
53026,No
53027,No
53028,Yes
53029,Yes
53030,No
53031,No
53032,No
53033,Yes
53034,No
53035,No
53036,No
53037,Yes
53038,Yes
53039,Yes
53040,No
53041,No
53042,No
53043,No
53044,No
53045,No
53046,No
53047,No
53048,No
53049,No
53050,No
53051,No
53052,No
53053,No
53054,Yes
53055,No
53056,No
53057,Yes
53058,No
53059,No
53060,Yes
53061,Yes
53062,Yes
53063,No
53064,No
53065,No
53066,No
53067,Yes
53068,Yes
53069,No
53070,No
53071,No
53072,No
53073,No
53074,Yes
53075,Yes
53076,No
53077,No
53078,No
53079,No
53080,No
53081,No
53082,Yes
53083,Yes
53084,Yes
53085,Yes
53086,No
53087,No
53088,Yes
53089,Yes
53090,No
53091,No
53092,Yes
53093,Yes
53094,No
53095,Yes
53096,No
53097,Yes
53098,Yes
53099,Yes
53100,No
53101,No
53102,No
53103,No
53104,No
53105,No
53106,No
53107,No
53108,Yes
53109,Yes
53110,Yes
53111,No
53112,Yes
53113,Yes
53114,Yes
53115,Yes
53116,No
53117,Yes
53118,No
53119,Yes
53120,No
53121,No
53122,No
53123,No
53124,No
53125,No
53126,Yes
53127,Yes
53128,No
53129,No
53130,Yes
53131,No
53132,Yes
53133,No
53134,No
53135,No
53136,No
53137,No
53138,Yes
53139,Yes
53140,No
53141,Yes
53142,No
53143,No
53144,Yes
53145,No
53146,Yes
53147,No
53148,Yes
53149,No
53150,No
53151,No
53152,No
53153,No
53154,No
53155,Yes
53156,No
53157,No
53158,No
53159,No
53160,Yes
53161,No
53162,No
53163,No
53164,No
53165,No
53166,No
53167,Yes
53168,No
53169,No
53170,No
53171,No
53172,Yes
53173,Yes
53174,No
53175,Yes
53176,No
53177,No
53178,Yes
53179,No
53180,No
53181,No
53182,Yes
53183,No
53184,Yes
53185,Yes
53186,Yes
53187,Yes
53188,Yes
53189,Yes
53190,No
53191,No
53192,No
53193,No
53194,No
53195,Yes
53196,No
53197,No
53198,No
53199,No
53200,Yes
53201,No
53202,Yes
53203,No
53204,Yes
53205,Yes
53206,No
53207,Yes
53208,No
53209,No
53210,No
53211,No
53212,No
53213,Yes
53214,No
53215,No
53216,Yes
53217,No
53218,No
53219,No
53220,No
53221,No
53222,No
53223,No
53224,No
53225,No
53226,No
53227,Yes
53228,No
53229,No
53230,No
53231,No
53232,Yes
53233,No
53234,Yes
53235,Yes
53236,No
53237,No
53238,No
53239,No
53240,No
53241,Yes
53242,No
53243,No
53244,No
53245,No
53246,No
53247,Yes
53248,No
53249,Yes
53250,Yes
53251,No
53252,No
53253,Yes
53254,No
53255,No
53256,No
53257,No
53258,No
53259,Yes
53260,No
53261,Yes
53262,No
53263,Yes
53264,No
53265,No
53266,No
53267,No
53268,No
53269,No
53270,No
53271,No
53272,No
53273,No
53274,No
53275,No
53276,No
53277,Yes
53278,No
53279,No
53280,No
53281,Yes
53282,No
53283,Yes
53284,No
53285,No
53286,No
53287,No
53288,No
53289,No
53290,No
53291,No
53292,No
53293,No
53294,No
53295,No
53296,Yes
53297,No
53298,No
53299,No
53300,Yes
53301,Yes
53302,Yes
53303,Yes
53304,No
53305,Yes
53306,No
53307,Yes
53308,No
53309,Yes
53310,No
53311,Yes
53312,No
53313,No
53314,No
53315,No
53316,No
53317,No
53318,No
53319,No
53320,No
53321,No
53322,No
53323,No
53324,No
53325,No
53326,Yes
53327,Yes
53328,Yes
53329,Yes
53330,No
53331,No
53332,No
53333,No
53334,No
53335,No
53336,No
53337,No
53338,No
53339,No
53340,No
53341,Yes
53342,Yes
53343,Yes
53344,No
53345,Yes
53346,No
53347,Yes
53348,No
53349,No
53350,No
53351,No
53352,No
53353,Yes
53354,Yes
53355,No
53356,No
53357,Yes
53358,No
53359,No
53360,No
53361,No
53362,Yes
53363,Yes
53364,Yes
53365,No
53366,No
53367,No
53368,No
53369,No
53370,Yes
53371,No
53372,No
53373,No
53374,Yes
53375,No
53376,Yes
53377,No
53378,No
53379,Yes
53380,No
53381,Yes
53382,No
53383,No
53384,No
53385,No
53386,No
53387,No
53388,Yes
53389,No
53390,No
53391,No
53392,No
53393,No
53394,No
53395,No
53396,No
53397,No
53398,No
53399,No
53400,No
53401,Yes
53402,No
53403,No
53404,No
53405,No
53406,No
53407,No
53408,Yes
53409,No
53410,No
53411,No
53412,No
53413,No
53414,Yes
53415,No
53416,No
53417,Yes
53418,No
53419,No
53420,Yes
53421,Yes
53422,No
53423,Yes
53424,No
53425,No
53426,Yes
53427,No
53428,No
53429,No
53430,No
53431,No
53432,No
53433,Yes
53434,No
53435,No
53436,No
53437,No
53438,No
53439,No
53440,No
53441,No
53442,No
53443,Yes
53444,No
53445,No
53446,Yes
53447,No
53448,No
53449,No
53450,No
53451,No
53452,No
53453,No
53454,No
53455,Yes
53456,Yes
53457,Yes
53458,Yes
53459,Yes
53460,No
53461,No
53462,No
53463,No
53464,No
53465,No
53466,No
53467,Yes
53468,No
53469,No
53470,No
53471,Yes
53472,Yes
53473,Yes
53474,No
53475,No
53476,Yes
53477,Yes
53478,Yes
53479,No
53480,No
53481,No
53482,No
53483,No
53484,Yes
53485,No
53486,Yes
53487,No
53488,No
53489,Yes
53490,Yes
53491,No
53492,No
53493,No
53494,No
53495,No
53496,Yes
53497,No
53498,No
53499,No
53500,No
53501,No
53502,Yes
53503,No
53504,No
53505,No
53506,No
53507,No
53508,No
53509,No
53510,Yes
53511,No
53512,Yes
53513,No
53514,No
53515,Yes
53516,Yes
53517,No
53518,No
53519,No
53520,No
53521,No
53522,Yes
53523,No
53524,No
53525,Yes
53526,No
53527,Yes
53528,No
53529,Yes
53530,No
53531,No
53532,No
53533,No
53534,Yes
53535,Yes
53536,No
53537,No
53538,No
53539,No
53540,No
53541,No
53542,No
53543,No
53544,No
53545,No
53546,No
53547,Yes
53548,No
53549,No
53550,Yes
53551,No
53552,Yes
53553,No
53554,No
53555,No
53556,Yes
53557,No
53558,Yes
53559,No
53560,No
53561,No
53562,Yes
53563,No
53564,Yes
53565,No
53566,No
53567,No
53568,No
53569,No
53570,Yes
53571,No
53572,Yes
53573,Yes
53574,No
53575,No
53576,No
53577,No
53578,Yes
53579,No
53580,No
53581,No
53582,No
53583,No
53584,No
53585,No
53586,No
53587,No
53588,Yes
53589,No
53590,No
53591,No
53592,Yes
53593,No
53594,No
53595,Yes
53596,No
53597,No
53598,No
53599,Yes
53600,No
53601,No
53602,No
53603,Yes
53604,No
53605,No
53606,Yes
53607,No
53608,No
53609,No
53610,No
53611,No
53612,No
53613,Yes
53614,No
53615,No
53616,Yes
53617,No
53618,Yes
53619,No
53620,Yes
53621,No
53622,No
53623,No
53624,Yes
53625,No
53626,No
53627,Yes
53628,No
53629,Yes
53630,No
53631,No
53632,No
53633,Yes
53634,No
53635,No
53636,Yes
53637,No
53638,Yes
53639,No
53640,No
53641,No
53642,No
53643,No
53644,No
53645,Yes
53646,No
53647,No
53648,Yes
53649,No
53650,Yes
53651,Yes
53652,No
53653,No
53654,No
53655,No
53656,No
53657,No
53658,No
53659,No
53660,No
53661,No
53662,Yes
53663,No
53664,No
53665,No
53666,No
53667,No
53668,Yes
53669,Yes
53670,No
53671,No
53672,No
53673,Yes
53674,Yes
53675,No
53676,No
53677,No
53678,No
53679,No
53680,Yes
53681,Yes
53682,No
53683,Yes
53684,No
53685,No
53686,No
53687,No
53688,No
53689,No
53690,No
53691,No
53692,Yes
53693,No
53694,No
53695,Yes
53696,No
53697,Yes
53698,No
53699,Yes
53700,Yes
53701,No
53702,No
53703,No
53704,Yes
53705,Yes
53706,Yes
53707,No
53708,No
53709,No
53710,No
53711,No
53712,Yes
53713,No
53714,Yes
53715,No
53716,No
53717,Yes
53718,No
53719,Yes
53720,No
53721,No
53722,Yes
53723,No
53724,Yes
53725,No
53726,No
53727,Yes
53728,No
53729,No
53730,No
53731,Yes
53732,Yes
53733,Yes
53734,No
53735,No
53736,Yes
53737,No
53738,No
53739,Yes
53740,No
53741,No
53742,No
53743,No
53744,Yes
53745,No
53746,No
53747,Yes
53748,No
53749,No
53750,Yes
53751,No
53752,No
53753,Yes
53754,Yes
53755,Yes
53756,No
53757,No
53758,No
53759,No
53760,No
53761,No
53762,No
53763,Yes
53764,No
53765,No
53766,No
53767,No
53768,No
53769,No
53770,Yes
53771,Yes
53772,No
53773,No
53774,No
53775,No
53776,No
53777,No
53778,Yes
53779,No
53780,No
53781,No
53782,No
53783,No
53784,No
53785,No
53786,Yes
53787,No
53788,No
53789,No
53790,No
53791,Yes
53792,No
53793,No
53794,No
53795,No
53796,No
53797,No
53798,No
53799,No
53800,No
53801,Yes
53802,No
53803,No
53804,No
53805,Yes
53806,Yes
53807,Yes
53808,Yes
53809,No
53810,Yes
53811,No
53812,Yes
53813,No
53814,No
53815,Yes
53816,No
53817,Yes
53818,No
53819,Yes
53820,No
53821,Yes
53822,No
53823,No
53824,No
53825,No
53826,Yes
53827,No
53828,No
53829,No
53830,No
53831,No
53832,No
53833,No
53834,No
53835,No
53836,No
53837,Yes
53838,No
53839,No
53840,Yes
53841,No
53842,No
53843,No
53844,No
53845,No
53846,Yes
53847,Yes
53848,No
53849,No
53850,No
53851,No
53852,Yes
53853,No
53854,No
53855,No
53856,No
53857,No
53858,Yes
53859,No
53860,No
53861,No
53862,No
53863,Yes
53864,No
53865,No
53866,Yes
53867,Yes
53868,Yes
53869,No
53870,No
53871,No
53872,No
53873,No
53874,Yes
53875,No
53876,No
53877,No
53878,No
53879,Yes
53880,No
53881,Yes
53882,Yes
53883,Yes
53884,Yes
53885,Yes
53886,No
53887,No
53888,No
53889,Yes
53890,Yes
53891,No
53892,Yes
53893,No
53894,Yes
53895,No
53896,Yes
53897,No
53898,No
53899,No
53900,No
53901,No
53902,No
53903,No
53904,No
53905,No
53906,Yes
53907,No
53908,No
53909,No
53910,No
53911,No
53912,No
53913,No
53914,No
53915,No
53916,No
53917,No
53918,No
53919,Yes
53920,Yes
53921,No
53922,No
53923,No
53924,Yes
53925,No
53926,No
53927,No
53928,No
53929,No
53930,No
53931,No
53932,No
53933,No
53934,Yes
53935,No
53936,No
53937,No
53938,No
53939,No
53940,No
53941,No
53942,No
53943,Yes
53944,No
53945,No
53946,No
53947,No
53948,No
53949,No
53950,No
53951,No
53952,No
53953,No
53954,No
53955,Yes
53956,No
53957,No
53958,No
53959,Yes
53960,No
53961,No
53962,No
53963,Yes
53964,Yes
53965,No
53966,Yes
53967,No
53968,No
53969,No
53970,Yes
53971,No
53972,No
53973,No
53974,No
53975,No
53976,Yes
53977,No
53978,Yes
53979,Yes
53980,No
53981,No
53982,Yes
53983,No
53984,No
53985,No
53986,No
53987,Yes
53988,Yes
53989,No
53990,No
53991,No
53992,No
53993,No
53994,No
53995,No
53996,No
53997,No
53998,No
53999,No
54000,No
54001,No
54002,No
54003,No
54004,Yes
54005,No
54006,Yes
54007,No
54008,No
54009,No
54010,No
54011,No
54012,No
54013,No
54014,No
54015,Yes
54016,No
54017,No
54018,No
54019,No
54020,No
54021,No
54022,No
54023,Yes
54024,No
54025,Yes
54026,No
54027,No
54028,No
54029,No
54030,No
54031,No
54032,No
54033,No
54034,No
54035,No
54036,No
54037,No
54038,Yes
54039,No
54040,No
54041,No
54042,Yes
54043,Yes
54044,No
54045,No
54046,No
54047,No
54048,No
54049,Yes
54050,Yes
54051,No
54052,Yes
54053,No
54054,No
54055,No
54056,No
54057,Yes
54058,No
54059,No
54060,No
54061,No
54062,Yes
54063,Yes
54064,No
54065,No
54066,No
54067,Yes
54068,No
54069,No
54070,No
54071,No
54072,Yes
54073,Yes
54074,No
54075,No
54076,No
54077,No
54078,Yes
54079,Yes
54080,No
54081,Yes
54082,No
54083,No
54084,Yes
54085,Yes
54086,No
54087,No
54088,Yes
54089,No
54090,No
54091,No
54092,No
54093,No
54094,Yes
54095,Yes
54096,No
54097,No
54098,No
54099,Yes
54100,No
54101,No
54102,Yes
54103,Yes
54104,No
54105,No
54106,No
54107,No
54108,No
54109,No
54110,No
54111,No
54112,No
54113,No
54114,No
54115,No
54116,No
54117,No
54118,Yes
54119,No
54120,Yes
54121,Yes
54122,No
54123,No
54124,No
54125,Yes
54126,Yes
54127,Yes
54128,Yes
54129,Yes
54130,Yes
54131,No
54132,Yes
54133,No
54134,No
54135,Yes
54136,No
54137,No
54138,No
54139,No
54140,Yes
54141,No
54142,No
54143,Yes
54144,No
54145,Yes
54146,No
54147,Yes
54148,No
54149,No
54150,No
54151,No
54152,No
54153,No
54154,Yes
54155,No
54156,No
54157,No
54158,Yes
54159,No
54160,No
54161,No
54162,No
54163,No
54164,No
54165,No
54166,No
54167,No
54168,No
54169,No
54170,No
54171,No
54172,No
54173,No
54174,Yes
54175,No
54176,No
54177,No
54178,No
54179,No
54180,No
54181,No
54182,Yes
54183,No
54184,No
54185,No
54186,Yes
54187,No
54188,No
54189,No
54190,No
54191,No
54192,No
54193,No
54194,No
54195,No
54196,No
54197,Yes
54198,No
54199,No
54200,No
54201,No
54202,No
54203,No
54204,Yes
54205,Yes
54206,Yes
54207,No
54208,No
54209,No
54210,Yes
54211,No
54212,No
54213,No
54214,Yes
54215,Yes
54216,No
54217,No
54218,No
54219,No
54220,Yes
54221,No
54222,Yes
54223,No
54224,No
54225,No
54226,No
54227,No
54228,No
54229,No
54230,Yes
54231,No
54232,No
54233,No
54234,No
54235,No
54236,Yes
54237,Yes
54238,No
54239,No
54240,No
54241,No
54242,No
54243,Yes
54244,Yes
54245,No
54246,No
54247,Yes
54248,Yes
54249,No
54250,No
54251,No
54252,Yes
54253,No
54254,Yes
54255,No
54256,No
54257,No
54258,No
54259,No
54260,No
54261,No
54262,Yes
54263,No
54264,Yes
54265,No
54266,No
54267,Yes
54268,No
54269,No
54270,No
54271,Yes
54272,No
54273,Yes
54274,No
54275,No
54276,No
54277,Yes
54278,No
54279,No
54280,Yes
54281,No
54282,No
54283,No
54284,No
54285,No
54286,No
54287,No
54288,Yes
54289,Yes
54290,No
54291,Yes
54292,No
54293,No
54294,Yes
54295,No
54296,No
54297,No
54298,No
54299,No
54300,Yes
54301,No
54302,No
54303,Yes
54304,No
54305,No
54306,No
54307,No
54308,Yes
54309,No
54310,Yes
54311,No
54312,No
54313,No
54314,Yes
54315,No
54316,No
54317,Yes
54318,No
54319,No
54320,No
54321,No
54322,No
54323,No
54324,No
54325,No
54326,Yes
54327,No
54328,No
54329,Yes
54330,No
54331,No
54332,Yes
54333,Yes
54334,No
54335,No
54336,No
54337,Yes
54338,No
54339,No
54340,No
54341,No
54342,No
54343,No
54344,No
54345,Yes
54346,Yes
54347,No
54348,No
54349,No
54350,No
54351,No
54352,No
54353,Yes
54354,No
54355,No
54356,No
54357,No
54358,No
54359,No
54360,No
54361,No
54362,No
54363,Yes
54364,No
54365,No
54366,No
54367,No
54368,No
54369,Yes
54370,No
54371,No
54372,No
54373,No
54374,No
54375,No
54376,No
54377,No
54378,No
54379,No
54380,No
54381,No
54382,No
54383,No
54384,Yes
54385,Yes
54386,No
54387,No
54388,No
54389,No
54390,No
54391,No
54392,No
54393,No
54394,Yes
54395,No
54396,No
54397,No
54398,No
54399,No
54400,No
54401,No
54402,No
54403,No
54404,No
54405,No
54406,Yes
54407,No
54408,No
54409,Yes
54410,No
54411,No
54412,Yes
54413,No
54414,No
54415,No
54416,No
54417,Yes
54418,No
54419,Yes
54420,No
54421,No
54422,No
54423,No
54424,Yes
54425,No
54426,No
54427,No
54428,Yes
54429,No
54430,Yes
54431,Yes
54432,Yes
54433,No
54434,No
54435,No
54436,No
54437,No
54438,No
54439,No
54440,No
54441,No
54442,No
54443,Yes
54444,No
54445,Yes
54446,Yes
54447,No
54448,No
54449,Yes
54450,No
54451,Yes
54452,No
54453,No
54454,Yes
54455,No
54456,No
54457,No
54458,Yes
54459,Yes
54460,Yes
54461,No
54462,No
54463,Yes
54464,No
54465,Yes
54466,Yes
54467,No
54468,No
54469,No
54470,Yes
54471,No
54472,Yes
54473,No
54474,Yes
54475,Yes
54476,Yes
54477,No
54478,No
54479,Yes
54480,No
54481,No
54482,No
54483,No
54484,No
54485,Yes
54486,Yes
54487,Yes
54488,No
54489,No
54490,No
54491,No
54492,No
54493,Yes
54494,No
54495,Yes
54496,No
54497,No
54498,Yes
54499,No
54500,No
54501,Yes
54502,No
54503,Yes
54504,Yes
54505,No
54506,Yes
54507,Yes
54508,Yes
54509,No
54510,No
54511,Yes
54512,No
54513,No
54514,No
54515,Yes
54516,Yes
54517,No
54518,No
54519,No
54520,No
54521,No
54522,No
54523,Yes
54524,No
54525,No
54526,No
54527,No
54528,No
54529,No
54530,No
54531,Yes
54532,No
54533,No
54534,Yes
54535,Yes
54536,No
54537,No
54538,Yes
54539,Yes
54540,No
54541,Yes
54542,No
54543,Yes
54544,No
54545,No
54546,No
54547,Yes
54548,No
54549,No
54550,No
54551,No
54552,Yes
54553,Yes
54554,Yes
54555,Yes
54556,Yes
54557,No
54558,Yes
54559,No
54560,No
54561,No
54562,No
54563,No
54564,No
54565,No
54566,No
54567,Yes
54568,No
54569,No
54570,No
54571,No
54572,Yes
54573,Yes
54574,Yes
54575,No
54576,No
54577,Yes
54578,No
54579,No
54580,No
54581,No
54582,No
54583,No
54584,No
54585,Yes
54586,No
54587,No
54588,No
54589,No
54590,Yes
54591,Yes
54592,Yes
54593,No
54594,No
54595,No
54596,No
54597,No
54598,No
54599,No
54600,No
54601,No
54602,No
54603,No
54604,No
54605,No
54606,No
54607,No
54608,No
54609,No
54610,No
54611,No
54612,No
54613,No
54614,No
54615,No
54616,Yes
54617,Yes
54618,No
54619,Yes
54620,Yes
54621,Yes
54622,Yes
54623,No
54624,No
54625,Yes
54626,No
54627,Yes
54628,Yes
54629,No
54630,No
54631,No
54632,Yes
54633,No
54634,Yes
54635,No
54636,No
54637,No
54638,No
54639,No
54640,No
54641,No
54642,No
54643,No
54644,No
54645,Yes
54646,No
54647,Yes
54648,No
54649,No
54650,Yes
54651,No
54652,Yes
54653,No
54654,No
54655,No
54656,Yes
54657,No
54658,No
54659,No
54660,No
54661,No
54662,No
54663,No
54664,Yes
54665,No
54666,No
54667,Yes
54668,Yes
54669,No
54670,No
54671,No
54672,No
54673,Yes
54674,No
54675,Yes
54676,No
54677,No
54678,Yes
54679,No
54680,No
54681,No
54682,No
54683,No
54684,No
54685,No
54686,Yes
54687,No
54688,No
54689,No
54690,Yes
54691,No
54692,Yes
54693,No
54694,No
54695,Yes
54696,No
54697,No
54698,No
54699,No
54700,No
54701,No
54702,Yes
54703,Yes
54704,Yes
54705,No
54706,No
54707,No
54708,No
54709,Yes
54710,Yes
54711,No
54712,No
54713,No
54714,No
54715,No
54716,No
54717,No
54718,No
54719,No
54720,No
54721,Yes
54722,No
54723,Yes
54724,No
54725,No
54726,No
54727,No
54728,No
54729,No
54730,No
54731,No
54732,No
54733,No
54734,No
54735,No
54736,No
54737,No
54738,No
54739,Yes
54740,No
54741,No
54742,No
54743,Yes
54744,No
54745,No
54746,No
54747,No
54748,Yes
54749,No
54750,No
54751,No
54752,Yes
54753,Yes
54754,Yes
54755,Yes
54756,No
54757,Yes
54758,No
54759,No
54760,No
54761,No
54762,Yes
54763,No
54764,No
54765,Yes
54766,No
54767,Yes
54768,Yes
54769,No
54770,No
54771,No
54772,Yes
54773,Yes
54774,No
54775,Yes
54776,No
54777,No
54778,No
54779,No
54780,No
54781,No
54782,No
54783,No
54784,No
54785,No
54786,No
54787,No
54788,No
54789,No
54790,No
54791,No
54792,No
54793,No
54794,No
54795,No
54796,No
54797,No
54798,No
54799,No
54800,No
54801,Yes
54802,No
54803,No
54804,Yes
54805,No
54806,No
54807,No
54808,Yes
54809,Yes
54810,No
54811,No
54812,Yes
54813,No
54814,Yes
54815,Yes
54816,No
54817,Yes
54818,Yes
54819,Yes
54820,No
54821,Yes
54822,No
54823,Yes
54824,Yes
54825,No
54826,No
54827,No
54828,No
54829,No
54830,No
54831,No
54832,Yes
54833,Yes
54834,Yes
54835,No
54836,No
54837,No
54838,No
54839,No
54840,Yes
54841,No
54842,Yes
54843,No
54844,No
54845,No
54846,Yes
54847,No
54848,No
54849,No
54850,No
54851,No
54852,No
54853,Yes
54854,No
54855,No
54856,No
54857,No
54858,No
54859,No
54860,No
54861,Yes
54862,Yes
54863,No
54864,Yes
54865,No
54866,No
54867,No
54868,Yes
54869,No
54870,No
54871,No
54872,No
54873,Yes
54874,No
54875,No
54876,No
54877,No
54878,No
54879,No
54880,Yes
54881,Yes
54882,No
54883,Yes
54884,Yes
54885,No
54886,Yes
54887,No
54888,No
54889,No
54890,No
54891,No
54892,No
54893,No
54894,Yes
54895,Yes
54896,No
54897,No
54898,No
54899,Yes
54900,Yes
54901,No
54902,No
54903,No
54904,No
54905,Yes
54906,No
54907,Yes
54908,Yes
54909,No
54910,No
54911,Yes
54912,No
54913,No
54914,Yes
54915,Yes
54916,No
54917,No
54918,No
54919,No
54920,Yes
54921,No
54922,No
54923,Yes
54924,No
54925,No
54926,Yes
54927,No
54928,No
54929,No
54930,Yes
54931,Yes
54932,Yes
54933,No
54934,Yes
54935,Yes
54936,Yes
54937,No
54938,No
54939,No
54940,Yes
54941,No
54942,No
54943,No
54944,Yes
54945,No
54946,No
54947,No
54948,Yes
54949,No
54950,No
54951,Yes
54952,No
54953,No
54954,No
54955,No
54956,No
54957,No
54958,Yes
54959,No
54960,No
54961,Yes
54962,No
54963,No
54964,No
54965,No
54966,No
54967,No
54968,No
54969,Yes
54970,Yes
54971,Yes
54972,No
54973,No
54974,No
54975,No
54976,No
54977,No
54978,No
54979,No
54980,No
54981,Yes
54982,No
54983,Yes
54984,No
54985,No
54986,No
54987,No
54988,Yes
54989,Yes
54990,No
54991,No
54992,No
54993,No
54994,No
54995,Yes
54996,Yes
54997,No
54998,No
54999,No
55000,No
55001,Yes
55002,Yes
55003,No
55004,Yes
55005,No
55006,Yes
55007,No
55008,No
55009,No
55010,No
55011,No
55012,No
55013,No
55014,No
55015,Yes
55016,No
55017,Yes
55018,No
55019,No
55020,No
55021,No
55022,No
55023,Yes
55024,No
55025,No
55026,No
55027,No
55028,No
55029,Yes
55030,No
55031,Yes
55032,No
55033,No
55034,Yes
55035,Yes
55036,No
55037,No
55038,Yes
55039,No
55040,No
55041,No
55042,No
55043,Yes
55044,Yes
55045,No
55046,No
55047,Yes
55048,Yes
55049,No
55050,No
55051,No
55052,No
55053,No
55054,No
55055,No
55056,No
55057,No
55058,No
55059,No
55060,No
55061,No
55062,No
55063,No
55064,Yes
55065,No
55066,No
55067,Yes
55068,No
55069,No
55070,No
55071,Yes
55072,Yes
55073,No
55074,Yes
55075,No
55076,No
55077,No
55078,No
55079,No
55080,No
55081,No
55082,No
55083,No
55084,No
55085,No
55086,No
55087,No
55088,No
55089,No
55090,No
55091,No
55092,No
55093,No
55094,Yes
55095,Yes
55096,No
55097,No
55098,No
55099,No
55100,No
55101,No
55102,No
55103,No
55104,No
55105,No
55106,No
55107,No
55108,Yes
55109,No
55110,No
55111,No
55112,No
55113,No
55114,No
55115,Yes
55116,No
55117,Yes
55118,No
55119,No
55120,No
55121,No
55122,No
55123,Yes
55124,Yes
55125,No
55126,Yes
55127,No
55128,No
55129,No
55130,Yes
55131,Yes
55132,No
55133,No
55134,No
55135,Yes
55136,Yes
55137,No
55138,No
55139,No
55140,No
55141,Yes
55142,No
55143,No
55144,No
55145,No
55146,No
55147,No
55148,No
55149,No
55150,No
55151,No
55152,Yes
55153,No
55154,No
55155,Yes
55156,Yes
55157,No
55158,No
55159,No
55160,No
55161,No
55162,Yes
55163,Yes
55164,Yes
55165,Yes
55166,No
55167,No
55168,No
55169,No
55170,No
55171,No
55172,No
55173,No
55174,No
55175,Yes
55176,Yes
55177,Yes
55178,No
55179,No
55180,No
55181,Yes
55182,No
55183,Yes
55184,No
55185,No
55186,No
55187,Yes
55188,No
55189,No
55190,No
55191,No
55192,No
55193,No
55194,No
55195,No
55196,Yes
55197,No
55198,No
55199,No
55200,Yes
55201,Yes
55202,No
55203,No
55204,No
55205,No
55206,No
55207,No
55208,No
55209,No
55210,No
55211,No
55212,No
55213,No
55214,Yes
55215,No
55216,No
55217,No
55218,Yes
55219,Yes
55220,No
55221,Yes
55222,No
55223,No
55224,No
55225,No
55226,Yes
55227,No
55228,No
55229,No
55230,No
55231,No
55232,No
55233,No
55234,Yes
55235,No
55236,No
55237,No
55238,Yes
55239,No
55240,Yes
55241,Yes
55242,Yes
55243,No
55244,No
55245,No
55246,No
55247,No
55248,Yes
55249,No
55250,No
55251,Yes
55252,Yes
55253,No
55254,No
55255,Yes
55256,No
55257,Yes
55258,No
55259,Yes
55260,No
55261,No
55262,No
55263,No
55264,No
55265,No
55266,No
55267,No
55268,No
55269,No
55270,Yes
55271,No
55272,No
55273,No
55274,No
55275,No
55276,No
55277,No
55278,No
55279,No
55280,Yes
55281,No
55282,No
55283,No
55284,No
55285,No
55286,No
55287,No
55288,No
55289,No
55290,No
55291,No
55292,No
55293,No
55294,No
55295,No
55296,No
55297,No
55298,Yes
55299,No
55300,No
55301,No
55302,Yes
55303,No
55304,No
55305,No
55306,No
55307,No
55308,No
55309,No
55310,No
55311,Yes
55312,Yes
55313,No
55314,No
55315,No
55316,Yes
55317,Yes
55318,No
55319,Yes
55320,No
55321,Yes
55322,No
55323,No
55324,No
55325,No
55326,No
55327,No
55328,No
55329,No
55330,No
55331,No
55332,Yes
55333,No
55334,No
55335,No
55336,No
55337,No
55338,No
55339,Yes
55340,No
55341,Yes
55342,No
55343,No
55344,No
55345,No
55346,No
55347,No
55348,No
55349,No
55350,No
55351,No
55352,No
55353,No
55354,Yes
55355,Yes
55356,No
55357,Yes
55358,Yes
55359,No
55360,No
55361,No
55362,Yes
55363,No
55364,No
55365,No
55366,No
55367,No
55368,No
55369,No
55370,No
55371,No
55372,Yes
55373,No
55374,No
55375,No
55376,No
55377,No
55378,No
55379,No
55380,Yes
55381,Yes
55382,No
55383,No
55384,No
55385,No
55386,No
55387,No
55388,No
55389,No
55390,No
55391,No
55392,Yes
55393,No
55394,No
55395,No
55396,No
55397,No
55398,No
55399,No
55400,No
55401,No
55402,No
55403,No
55404,No
55405,Yes
55406,Yes
55407,No
55408,No
55409,No
55410,No
55411,No
55412,No
55413,No
55414,No
55415,Yes
55416,No
55417,Yes
55418,No
55419,Yes
55420,No
55421,No
55422,No
55423,No
55424,No
55425,No
55426,No
55427,No
55428,No
55429,No
55430,Yes
55431,No
55432,No
55433,No
55434,No
55435,No
55436,No
55437,No
55438,Yes
55439,No
55440,No
55441,No
55442,Yes
55443,Yes
55444,Yes
55445,No
55446,No
55447,No
55448,No
55449,No
55450,No
55451,No
55452,No
55453,Yes
55454,Yes
55455,No
55456,No
55457,No
55458,Yes
55459,No
55460,No
55461,Yes
55462,No
55463,Yes
55464,No
55465,No
55466,Yes
55467,No
55468,No
55469,No
55470,No
55471,Yes
55472,No
55473,No
55474,No
55475,No
55476,Yes
55477,Yes
55478,No
55479,No
55480,Yes
55481,No
55482,No
55483,No
55484,No
55485,Yes
55486,No
55487,No
55488,No
55489,No
55490,No
55491,No
55492,No
55493,No
55494,No
55495,No
55496,Yes
55497,No
55498,No
55499,Yes
55500,Yes
55501,No
55502,No
55503,Yes
55504,Yes
55505,No
55506,Yes
55507,No
55508,No
55509,Yes
55510,No
55511,No
55512,Yes
55513,Yes
55514,No
55515,No
55516,Yes
55517,Yes
55518,No
55519,No
55520,Yes
55521,No
55522,No
55523,Yes
55524,No
55525,Yes
55526,No
55527,No
55528,No
55529,Yes
55530,No
55531,No
55532,No
55533,No
55534,Yes
55535,Yes
55536,No
55537,No
55538,Yes
55539,No
55540,No
55541,Yes
55542,No
55543,Yes
55544,No
55545,No
55546,Yes
55547,No
55548,No
55549,No
55550,No
55551,No
55552,No
55553,No
55554,Yes
55555,Yes
55556,No
55557,No
55558,No
55559,No
55560,No
55561,No
55562,No
55563,No
55564,Yes
55565,Yes
55566,No
55567,No
55568,No
55569,Yes
55570,No
55571,Yes
55572,No
55573,No
55574,Yes
55575,No
55576,No
55577,Yes
55578,No
55579,No
55580,No
55581,No
55582,No
55583,No
55584,Yes
55585,No
55586,No
55587,No
55588,Yes
55589,No
55590,No
55591,No
55592,Yes
55593,No
55594,No
55595,No
55596,No
55597,Yes
55598,No
55599,No
55600,No
55601,No
55602,No
55603,No
55604,No
55605,No
55606,No
55607,No
55608,No
55609,No
55610,No
55611,Yes
55612,Yes
55613,No
55614,No
55615,No
55616,No
55617,No
55618,Yes
55619,No
55620,Yes
55621,No
55622,No
55623,No
55624,No
55625,No
55626,Yes
55627,No
55628,No
55629,Yes
55630,No
55631,Yes
55632,No
55633,No
55634,No
55635,No
55636,No
55637,Yes
55638,No
55639,No
55640,No
55641,No
55642,No
55643,Yes
55644,Yes
55645,No
55646,Yes
55647,Yes
55648,Yes
55649,Yes
55650,No
55651,No
55652,No
55653,Yes
55654,No
55655,No
55656,No
55657,No
55658,No
55659,Yes
55660,No
55661,No
55662,Yes
55663,No
55664,No
55665,Yes
55666,Yes
55667,Yes
55668,No
55669,No
55670,No
55671,Yes
55672,No
55673,No
55674,Yes
55675,No
55676,No
55677,No
55678,No
55679,No
55680,Yes
55681,No
55682,No
55683,No
55684,No
55685,No
55686,No
55687,No
55688,No
55689,No
55690,No
55691,No
55692,No
55693,Yes
55694,No
55695,No
55696,No
55697,Yes
55698,No
55699,No
55700,No
55701,Yes
55702,No
55703,Yes
55704,No
55705,No
55706,No
55707,No
55708,No
55709,No
55710,No
55711,Yes
55712,No
55713,Yes
55714,No
55715,No
55716,No
55717,Yes
55718,Yes
55719,No
55720,No
55721,Yes
55722,No
55723,Yes
55724,Yes
55725,No
55726,No
55727,No
55728,No
55729,No
55730,Yes
55731,No
55732,No
55733,Yes
55734,Yes
55735,No
55736,Yes
55737,No
55738,Yes
55739,No
55740,No
55741,No
55742,No
55743,No
55744,Yes
55745,No
55746,No
55747,Yes
55748,No
55749,No
55750,Yes
55751,Yes
55752,No
55753,No
55754,No
55755,No
55756,Yes
55757,No
55758,No
55759,No
55760,No
55761,Yes
55762,No
55763,No
55764,Yes
55765,Yes
55766,No
55767,No
55768,No
55769,Yes
55770,No
55771,No
55772,No
55773,No
55774,Yes
55775,Yes
55776,No
55777,No
55778,No
55779,Yes
55780,Yes
55781,No
55782,No
55783,No
55784,No
55785,No
55786,Yes
55787,Yes
55788,No
55789,Yes
55790,Yes
55791,No
55792,Yes
55793,No
55794,No
55795,No
55796,No
55797,Yes
55798,No
55799,Yes
55800,Yes
55801,No
55802,No
55803,No
55804,Yes
55805,Yes
55806,No
55807,Yes
55808,Yes
55809,No
55810,Yes
55811,No
55812,Yes
55813,No
55814,Yes
55815,Yes
55816,No
55817,No
55818,No
55819,No
55820,Yes
55821,No
55822,No
55823,No
55824,No
55825,No
55826,No
55827,No
55828,No
55829,No
55830,No
55831,No
55832,No
55833,Yes
55834,Yes
55835,No
55836,Yes
55837,No
55838,No
55839,No
55840,No
55841,No
55842,Yes
55843,Yes
55844,Yes
55845,No
55846,Yes
55847,Yes
55848,No
55849,Yes
55850,No
55851,No
55852,No
55853,No
55854,No
55855,No
55856,No
55857,No
55858,No
55859,No
55860,Yes
55861,No
55862,No
55863,Yes
55864,No
55865,Yes
55866,No
55867,Yes
55868,No
55869,Yes
55870,No
55871,No
55872,No
55873,No
55874,Yes
55875,No
55876,No
55877,Yes
55878,No
55879,No
55880,No
55881,No
55882,No
55883,No
55884,No
55885,No
55886,No
55887,No
55888,No
55889,No
55890,No
55891,No
55892,Yes
55893,Yes
55894,No
55895,No
55896,No
55897,No
55898,No
55899,No
55900,No
55901,No
55902,No
55903,No
55904,No
55905,Yes
55906,No
55907,Yes
55908,No
55909,No
55910,No
55911,No
55912,Yes
55913,No
55914,No
55915,No
55916,No
55917,Yes
55918,Yes
55919,Yes
55920,No
55921,No
55922,Yes
55923,No
55924,No
55925,Yes
55926,No
55927,No
55928,No
55929,No
55930,No
55931,No
55932,No
55933,No
55934,No
55935,No
55936,No
55937,No
55938,No
55939,Yes
55940,Yes
55941,No
55942,No
55943,No
55944,No
55945,No
55946,No
55947,No
55948,No
55949,No
55950,No
55951,Yes
55952,Yes
55953,No
55954,No
55955,Yes
55956,No
55957,No
55958,Yes
55959,No
55960,No
55961,Yes
55962,No
55963,No
55964,Yes
55965,No
55966,No
55967,No
55968,No
55969,No
55970,No
55971,Yes
55972,No
55973,No
55974,No
55975,Yes
55976,No
55977,No
55978,No
55979,No
55980,Yes
55981,No
55982,No
55983,No
55984,No
55985,No
55986,No
55987,No
55988,No
55989,No
55990,Yes
55991,No
55992,No
55993,No
55994,Yes
55995,Yes
55996,No
55997,No
55998,No
55999,Yes
56000,No
56001,No
56002,No
56003,Yes
56004,No
56005,No
56006,No
56007,Yes
56008,No
56009,No
56010,No
56011,No
56012,No
56013,No
56014,No
56015,No
56016,No
56017,No
56018,No
56019,No
56020,No
56021,Yes
56022,No
56023,No
56024,No
56025,Yes
56026,No
56027,No
56028,No
56029,No
56030,Yes
56031,No
56032,Yes
56033,Yes
56034,No
56035,No
56036,No
56037,Yes
56038,No
56039,No
56040,No
56041,No
56042,No
56043,No
56044,No
56045,No
56046,No
56047,No
56048,Yes
56049,No
56050,No
56051,No
56052,Yes
56053,No
56054,Yes
56055,No
56056,No
56057,Yes
56058,No
56059,No
56060,No
56061,No
56062,Yes
56063,No
56064,Yes
56065,Yes
56066,No
56067,No
56068,Yes
56069,Yes
56070,No
56071,No
56072,No
56073,No
56074,Yes
56075,Yes
56076,No
56077,No
56078,No
56079,No
56080,No
56081,No
56082,Yes
56083,No
56084,No
56085,No
56086,No
56087,No
56088,Yes
56089,No
56090,No
56091,No
56092,No
56093,No
56094,No
56095,No
56096,No
56097,Yes
56098,No
56099,No
56100,No
56101,No
56102,Yes
56103,No
56104,No
56105,No
56106,No
56107,No
56108,No
56109,Yes
56110,No
56111,Yes
56112,Yes
56113,No
56114,No
56115,No
56116,No
56117,No
56118,Yes
56119,No
56120,No
56121,No
56122,No
56123,No
56124,Yes
56125,No
56126,No
56127,Yes
56128,No
56129,No
56130,No
56131,No
56132,No
56133,Yes
56134,No
56135,No
56136,Yes
56137,No
56138,No
56139,No
56140,Yes
56141,Yes
56142,Yes
56143,No
56144,No
56145,No
56146,No
56147,Yes
56148,No
56149,Yes
56150,No
56151,No
56152,No
56153,No
56154,No
56155,Yes
56156,No
56157,No
56158,No
56159,No
56160,Yes
56161,Yes
56162,Yes
56163,No
56164,Yes
56165,No
56166,No
56167,No
56168,Yes
56169,Yes
56170,Yes
56171,No
56172,No
56173,No
56174,Yes
56175,No
56176,No
56177,No
56178,No
56179,Yes
56180,No
56181,Yes
56182,Yes
56183,Yes
56184,No
56185,No
56186,No
56187,Yes
56188,No
56189,No
56190,No
56191,No
56192,No
56193,No
56194,No
56195,No
56196,Yes
56197,No
56198,No
56199,No
56200,No
56201,No
56202,No
56203,Yes
56204,No
56205,No
56206,No
56207,No
56208,Yes
56209,No
56210,Yes
56211,Yes
56212,Yes
56213,Yes
56214,No
56215,No
56216,Yes
56217,No
56218,No
56219,No
56220,No
56221,No
56222,No
56223,No
56224,No
56225,No
56226,No
56227,Yes
56228,No
56229,Yes
56230,No
56231,No
56232,No
56233,Yes
56234,No
56235,Yes
56236,No
56237,No
56238,No
56239,No
56240,Yes
56241,Yes
56242,No
56243,No
56244,No
56245,No
56246,Yes
56247,Yes
56248,No
56249,No
56250,Yes
56251,No
56252,No
56253,No
56254,No
56255,No
56256,No
56257,Yes
56258,No
56259,Yes
56260,No
56261,No
56262,Yes
56263,Yes
56264,No
56265,No
56266,No
56267,Yes
56268,No
56269,No
56270,No
56271,No
56272,Yes
56273,No
56274,No
56275,No
56276,No
56277,No
56278,No
56279,No
56280,Yes
56281,No
56282,No
56283,Yes
56284,No
56285,Yes
56286,No
56287,No
56288,No
56289,Yes
56290,No
56291,No
56292,No
56293,No
56294,No
56295,No
56296,Yes
56297,No
56298,Yes
56299,No
56300,No
56301,No
56302,No
56303,No
56304,No
56305,No
56306,Yes
56307,No
56308,Yes
56309,Yes
56310,No
56311,No
56312,No
56313,No
56314,No
56315,Yes
56316,Yes
56317,No
56318,No
56319,No
56320,No
56321,No
56322,Yes
56323,Yes
56324,No
56325,No
56326,No
56327,No
56328,Yes
56329,No
56330,Yes
56331,No
56332,Yes
56333,No
56334,No
56335,Yes
56336,No
56337,Yes
56338,No
56339,No
56340,Yes
56341,No
56342,Yes
56343,No
56344,No
56345,No
56346,Yes
56347,No
56348,Yes
56349,No
56350,No
56351,No
56352,No
56353,No
56354,Yes
56355,No
56356,No
56357,No
56358,Yes
56359,No
56360,Yes
56361,No
56362,No
56363,No
56364,No
56365,Yes
56366,No
56367,No
56368,No
56369,Yes
56370,No
56371,No
56372,Yes
56373,Yes
56374,No
56375,No
56376,No
56377,Yes
56378,No
56379,No
56380,Yes
56381,No
56382,No
56383,No
56384,No
56385,No
56386,No
56387,No
56388,No
56389,No
56390,No
56391,No
56392,No
56393,Yes
56394,Yes
56395,Yes
56396,No
56397,No
56398,No
56399,No
56400,Yes
56401,Yes
56402,No
56403,No
56404,Yes
56405,No
56406,No
56407,No
56408,Yes
56409,Yes
56410,No
56411,No
56412,No
56413,No
56414,No
56415,No
56416,No
56417,No
56418,No
56419,No
56420,No
56421,No
56422,Yes
56423,No
56424,No
56425,No
56426,No
56427,Yes
56428,Yes
56429,No
56430,No
56431,No
56432,No
56433,No
56434,No
56435,No
56436,No
56437,No
56438,No
56439,No
56440,Yes
56441,No
56442,No
56443,Yes
56444,No
56445,No
56446,No
56447,No
56448,No
56449,Yes
56450,No
56451,No
56452,Yes
56453,Yes
56454,No
56455,No
56456,No
56457,No
56458,No
56459,No
56460,No
56461,No
56462,No
56463,No
56464,No
56465,No
56466,No
56467,No
56468,Yes
56469,No
56470,No
56471,No
56472,No
56473,No
56474,No
56475,No
56476,Yes
56477,No
56478,Yes
56479,No
56480,No
56481,No
56482,No
56483,Yes
56484,Yes
56485,No
56486,Yes
56487,No
56488,Yes
56489,No
56490,No
56491,Yes
56492,No
56493,Yes
56494,Yes
56495,No
56496,No
56497,No
56498,No
56499,No
56500,No
56501,No
56502,No
56503,Yes
56504,Yes
56505,No
56506,No
56507,No
56508,No
56509,No
56510,Yes
56511,No
56512,Yes
56513,Yes
56514,No
56515,No
56516,No
56517,Yes
56518,No
56519,No
56520,No
56521,No
56522,No
56523,Yes
56524,No
56525,Yes
56526,No
56527,No
56528,No
56529,No
56530,Yes
56531,No
56532,No
56533,No
56534,No
56535,No
56536,No
56537,No
56538,Yes
56539,No
56540,Yes
56541,No
56542,Yes
56543,No
56544,Yes
56545,No
56546,Yes
56547,Yes
56548,No
56549,No
56550,No
56551,No
56552,No
56553,No
56554,Yes
56555,No
56556,No
56557,No
56558,Yes
56559,Yes
56560,No
56561,No
56562,Yes
56563,Yes
56564,No
56565,No
56566,No
56567,No
56568,No
56569,Yes
56570,No
56571,No
56572,Yes
56573,No
56574,No
56575,No
56576,No
56577,No
56578,Yes
56579,No
56580,No
56581,No
56582,Yes
56583,No
56584,No
56585,No
56586,No
56587,No
56588,No
56589,No
56590,Yes
56591,No
56592,No
56593,No
56594,No
56595,Yes
56596,No
56597,No
56598,Yes
56599,No
56600,No
56601,No
56602,Yes
56603,No
56604,No
56605,Yes
56606,No
56607,Yes
56608,Yes
56609,Yes
56610,Yes
56611,Yes
56612,No
56613,No
56614,No
56615,No
56616,No
56617,No
56618,Yes
56619,No
56620,No
56621,No
56622,No
56623,No
56624,Yes
56625,Yes
56626,No
56627,Yes
56628,No
56629,No
56630,Yes
56631,No
56632,Yes
56633,No
56634,No
56635,No
56636,No
56637,No
56638,No
56639,No
56640,No
56641,Yes
56642,No
56643,No
56644,No
56645,Yes
56646,No
56647,No
56648,No
56649,No
56650,No
56651,No
56652,No
56653,No
56654,No
56655,Yes
56656,No
56657,No
56658,No
56659,No
56660,Yes
56661,No
56662,No
56663,Yes
56664,No
56665,No
56666,No
56667,No
56668,No
56669,Yes
56670,No
56671,No
56672,Yes
56673,No
56674,Yes
56675,No
56676,No
56677,No
56678,Yes
56679,No
56680,Yes
56681,No
56682,No
56683,No
56684,No
56685,No
56686,Yes
56687,Yes
56688,No
56689,No
56690,Yes
56691,No
56692,No
56693,Yes
56694,Yes
56695,Yes
56696,No
56697,Yes
56698,No
56699,No
56700,No
56701,No
56702,No
56703,No
56704,No
56705,Yes
56706,Yes
56707,Yes
56708,No
56709,No
56710,No
56711,No
56712,No
56713,Yes
56714,No
56715,No
56716,No
56717,No
56718,Yes
56719,No
56720,Yes
56721,Yes
56722,No
56723,No
56724,No
56725,Yes
56726,No
56727,No
56728,Yes
56729,Yes
56730,No
56731,Yes
56732,Yes
56733,No
56734,No
56735,Yes
56736,No
56737,No
56738,No
56739,No
56740,Yes
56741,No
56742,Yes
56743,No
56744,No
56745,No
56746,No
56747,No
56748,Yes
56749,No
56750,No
56751,No
56752,Yes
56753,Yes
56754,Yes
56755,No
56756,No
56757,Yes
56758,No
56759,No
56760,No
56761,No
56762,Yes
56763,No
56764,Yes
56765,No
56766,Yes
56767,No
56768,No
56769,No
56770,No
56771,No
56772,No
56773,Yes
56774,No
56775,No
56776,No
56777,Yes
56778,No
56779,Yes
56780,No
56781,No
56782,No
56783,No
56784,No
56785,Yes
56786,No
56787,Yes
56788,No
56789,No
56790,No
56791,No
56792,Yes
56793,No
56794,No
56795,Yes
56796,No
56797,No
56798,No
56799,No
56800,No
56801,No
56802,No
56803,Yes
56804,No
56805,No
56806,No
56807,No
56808,No
56809,No
56810,No
56811,No
56812,No
56813,Yes
56814,Yes
56815,Yes
56816,No
56817,No
56818,Yes
56819,Yes
56820,No
56821,No
56822,Yes
56823,No
56824,Yes
56825,No
56826,No
56827,No
56828,No
56829,Yes
56830,No
56831,No
56832,No
56833,No
56834,No
56835,Yes
56836,No
56837,No
56838,No
56839,No
56840,No
56841,No
56842,Yes
56843,No
56844,No
56845,Yes
56846,No
56847,No
56848,No
56849,No
56850,Yes
56851,No
56852,No
56853,No
56854,No
56855,No
56856,No
56857,Yes
56858,No
56859,No
56860,Yes
56861,No
56862,No
56863,Yes
56864,No
56865,Yes
56866,No
56867,Yes
56868,No
56869,Yes
56870,Yes
56871,Yes
56872,No
56873,Yes
56874,No
56875,No
56876,Yes
56877,Yes
56878,No
56879,No
56880,No
56881,No
56882,No
56883,No
56884,No
56885,No
56886,No
56887,No
56888,No
56889,No
56890,No
56891,No
56892,No
56893,No
56894,No
56895,No
56896,No
56897,No
56898,No
56899,Yes
56900,No
56901,No
56902,No
56903,No
56904,No
56905,No
56906,No
56907,No
56908,No
56909,No
56910,No
56911,No
56912,Yes
56913,No
56914,No
56915,No
56916,No
56917,No
56918,No
56919,No
56920,No
56921,No
56922,No
56923,No
56924,No
56925,No
56926,Yes
56927,No
56928,No
56929,No
56930,No
56931,No
56932,Yes
56933,Yes
56934,No
56935,No
56936,No
56937,No
56938,No
56939,Yes
56940,No
56941,Yes
56942,No
56943,No
56944,No
56945,No
56946,No
56947,No
56948,No
56949,No
56950,No
56951,No
56952,No
56953,Yes
56954,No
56955,Yes
56956,Yes
56957,No
56958,No
56959,Yes
56960,No
56961,No
56962,Yes
56963,No
56964,Yes
56965,No
56966,No
56967,No
56968,No
56969,No
56970,No
56971,No
56972,No
56973,No
56974,No
56975,No
56976,No
56977,No
56978,Yes
56979,No
56980,Yes
56981,No
56982,Yes
56983,No
56984,No
56985,No
56986,No
56987,No
56988,No
56989,No
56990,No
56991,No
56992,Yes
56993,Yes
56994,No
56995,No
56996,No
56997,No
56998,Yes
56999,Yes
57000,Yes
57001,No
57002,No
57003,No
57004,No
57005,No
57006,Yes
57007,No
57008,Yes
57009,No
57010,No
57011,No
57012,No
57013,No
57014,No
57015,No
57016,No
57017,No
57018,No
57019,No
57020,No
57021,No
57022,No
57023,No
57024,No
57025,No
57026,Yes
57027,Yes
57028,No
57029,No
57030,Yes
57031,Yes
57032,No
57033,No
57034,No
57035,No
57036,Yes
57037,No
57038,No
57039,Yes
57040,No
57041,No
57042,No
57043,No
57044,No
57045,No
57046,No
57047,No
57048,No
57049,Yes
57050,No
57051,No
57052,Yes
57053,No
57054,Yes
57055,No
57056,Yes
57057,Yes
57058,Yes
57059,No
57060,No
57061,No
57062,No
57063,No
57064,No
57065,Yes
57066,No
57067,No
57068,No
57069,Yes
57070,No
57071,No
57072,No
57073,No
57074,No
57075,No
57076,Yes
57077,Yes
57078,No
57079,Yes
57080,No
57081,No
57082,No
57083,No
57084,No
57085,No
57086,Yes
57087,No
57088,No
57089,No
57090,No
57091,No
57092,No
57093,Yes
57094,No
57095,No
57096,No
57097,Yes
57098,Yes
57099,Yes
57100,No
57101,No
57102,Yes
57103,No
57104,Yes
57105,No
57106,No
57107,No
57108,No
57109,No
57110,No
57111,No
57112,No
57113,No
57114,No
57115,No
57116,No
57117,Yes
57118,Yes
57119,Yes
57120,Yes
57121,No
57122,Yes
57123,No
57124,No
57125,No
57126,Yes
57127,No
57128,No
57129,No
57130,Yes
57131,No
57132,No
57133,No
57134,No
57135,No
57136,Yes
57137,Yes
57138,No
57139,No
57140,No
57141,No
57142,No
57143,No
57144,No
57145,Yes
57146,No
57147,Yes
57148,No
57149,Yes
57150,No
57151,No
57152,No
57153,No
57154,No
57155,Yes
57156,No
57157,No
57158,No
57159,No
57160,No
57161,No
57162,No
57163,No
57164,No
57165,No
57166,Yes
57167,No
57168,No
57169,Yes
57170,No
57171,No
57172,No
57173,No
57174,No
57175,No
57176,Yes
57177,No
57178,Yes
57179,No
57180,No
57181,No
57182,No
57183,Yes
57184,No
57185,No
57186,No
57187,Yes
57188,No
57189,No
57190,No
57191,Yes
57192,No
57193,No
57194,No
57195,No
57196,No
57197,No
57198,Yes
57199,No
57200,No
57201,No
57202,No
57203,No
57204,No
57205,No
57206,Yes
57207,Yes
57208,No
57209,Yes
57210,Yes
57211,No
57212,No
57213,Yes
57214,No
57215,No
57216,Yes
57217,No
57218,Yes
57219,No
57220,No
57221,Yes
57222,No
57223,No
57224,No
57225,No
57226,No
57227,No
57228,No
57229,No
57230,Yes
57231,No
57232,No
57233,Yes
57234,No
57235,No
57236,No
57237,No
57238,No
57239,No
57240,No
57241,No
57242,Yes
57243,Yes
57244,No
57245,No
57246,Yes
57247,No
57248,Yes
57249,No
57250,No
57251,Yes
57252,Yes
57253,No
57254,No
57255,No
57256,No
57257,Yes
57258,Yes
57259,Yes
57260,Yes
57261,No
57262,Yes
57263,Yes
57264,No
57265,No
57266,No
57267,No
57268,No
57269,Yes
57270,No
57271,No
57272,No
57273,No
57274,No
57275,No
57276,No
57277,No
57278,Yes
57279,No
57280,No
57281,Yes
57282,No
57283,No
57284,No
57285,Yes
57286,No
57287,No
57288,No
57289,No
57290,No
57291,No
57292,Yes
57293,Yes
57294,Yes
57295,Yes
57296,No
57297,No
57298,Yes
57299,No
57300,No
57301,No
57302,No
57303,No
57304,No
57305,No
57306,Yes
57307,No
57308,No
57309,No
57310,No
57311,No
57312,No
57313,No
57314,No
57315,Yes
57316,No
57317,No
57318,No
57319,No
57320,Yes
57321,Yes
57322,No
57323,No
57324,No
57325,No
57326,No
57327,Yes
57328,Yes
57329,No
57330,No
57331,No
57332,No
57333,Yes
57334,No
57335,No
57336,No
57337,No
57338,No
57339,Yes
57340,No
57341,No
57342,Yes
57343,No
57344,No
57345,Yes
57346,Yes
57347,No
57348,No
57349,No
57350,Yes
57351,Yes
57352,Yes
57353,Yes
57354,No
57355,No
57356,No
57357,No
57358,No
57359,No
57360,No
57361,No
57362,No
57363,No
57364,Yes
57365,No
57366,No
57367,No
57368,Yes
57369,No
57370,No
57371,No
57372,No
57373,Yes
57374,Yes
57375,No
57376,Yes
57377,No
57378,No
57379,Yes
57380,Yes
57381,No
57382,No
57383,No
57384,No
57385,No
57386,Yes
57387,No
57388,No
57389,No
57390,No
57391,No
57392,No
57393,No
57394,No
57395,No
57396,Yes
57397,No
57398,No
57399,No
57400,No
57401,No
57402,No
57403,No
57404,Yes
57405,Yes
57406,No
57407,No
57408,No
57409,No
57410,Yes
57411,Yes
57412,No
57413,No
57414,No
57415,No
57416,No
57417,No
57418,No
57419,No
57420,Yes
57421,Yes
57422,No
57423,No
57424,No
57425,No
57426,No
57427,No
57428,No
57429,No
57430,No
57431,No
57432,No
57433,No
57434,No
57435,No
57436,Yes
57437,No
57438,No
57439,No
57440,Yes
57441,No
57442,Yes
57443,Yes
57444,No
57445,No
57446,No
57447,No
57448,No
57449,Yes
57450,No
57451,No
57452,No
57453,No
57454,No
57455,Yes
57456,No
57457,No
57458,Yes
57459,No
57460,Yes
57461,No
57462,Yes
57463,No
57464,No
57465,No
57466,Yes
57467,No
57468,No
57469,No
57470,No
57471,No
57472,Yes
57473,No
57474,Yes
57475,Yes
57476,No
57477,No
57478,Yes
57479,Yes
57480,No
57481,No
57482,No
57483,No
57484,Yes
57485,Yes
57486,Yes
57487,Yes
57488,No
57489,No
57490,Yes
57491,Yes
57492,No
57493,Yes
57494,Yes
57495,No
57496,Yes
57497,No
57498,Yes
57499,No
57500,Yes
57501,No
57502,No
57503,No
57504,Yes
57505,Yes
57506,No
57507,No
57508,Yes
57509,Yes
57510,No
57511,Yes
57512,Yes
57513,No
57514,Yes
57515,No
57516,No
57517,No
57518,Yes
57519,No
57520,No
57521,No
57522,Yes
57523,No
57524,Yes
57525,No
57526,No
57527,No
57528,No
57529,Yes
57530,No
57531,No
57532,Yes
57533,No
57534,No
57535,No
57536,No
57537,No
57538,Yes
57539,No
57540,No
57541,No
57542,Yes
57543,No
57544,No
57545,No
57546,Yes
57547,Yes
57548,Yes
57549,No
57550,No
57551,Yes
57552,No
57553,No
57554,No
57555,No
57556,No
57557,No
57558,Yes
57559,No
57560,No
57561,Yes
57562,No
57563,Yes
57564,No
57565,No
57566,No
57567,No
57568,Yes
57569,No
57570,No
57571,No
57572,No
57573,No
57574,No
57575,No
57576,Yes
57577,Yes
57578,Yes
57579,No
57580,Yes
57581,No
57582,No
57583,Yes
57584,No
57585,No
57586,No
57587,Yes
57588,No
57589,No
57590,No
57591,No
57592,Yes
57593,No
57594,Yes
57595,No
57596,Yes
57597,Yes
57598,No
57599,Yes
57600,No
57601,No
57602,No
57603,No
57604,No
57605,No
57606,No
57607,Yes
57608,No
57609,No
57610,Yes
57611,Yes
57612,No
57613,No
57614,Yes
57615,No
57616,No
57617,Yes
57618,No
57619,No
57620,No
57621,No
57622,No
57623,Yes
57624,No
57625,No
57626,No
57627,Yes
57628,No
57629,No
57630,Yes
57631,Yes
57632,No
57633,No
57634,No
57635,No
57636,Yes
57637,Yes
57638,Yes
57639,No
57640,No
57641,No
57642,No
57643,No
57644,No
57645,No
57646,No
57647,Yes
57648,Yes
57649,No
57650,No
57651,No
57652,Yes
57653,No
57654,No
57655,No
57656,No
57657,Yes
57658,Yes
57659,No
57660,No
57661,No
57662,No
57663,No
57664,No
57665,Yes
57666,No
57667,No
57668,Yes
57669,No
57670,No
57671,Yes
57672,No
57673,Yes
57674,Yes
57675,No
57676,Yes
57677,Yes
57678,No
57679,Yes
57680,No
57681,Yes
57682,No
57683,No
57684,No
57685,Yes
57686,Yes
57687,Yes
57688,Yes
57689,Yes
57690,No
57691,No
57692,No
57693,No
57694,No
57695,Yes
57696,No
57697,No
57698,Yes
57699,Yes
57700,No
57701,No
57702,No
57703,Yes
57704,Yes
57705,No
57706,No
57707,No
57708,No
57709,Yes
57710,No
57711,No
57712,No
57713,No
57714,No
57715,No
57716,No
57717,No
57718,No
57719,Yes
57720,No
57721,No
57722,No
57723,No
57724,Yes
57725,Yes
57726,No
57727,No
57728,Yes
57729,Yes
57730,No
57731,No
57732,No
57733,No
57734,Yes
57735,No
57736,Yes
57737,Yes
57738,No
57739,No
57740,No
57741,No
57742,Yes
57743,No
57744,No
57745,No
57746,Yes
57747,No
57748,No
57749,No
57750,No
57751,No
57752,Yes
57753,Yes
57754,No
57755,No
57756,Yes
57757,No
57758,Yes
57759,No
57760,Yes
57761,No
57762,No
57763,No
57764,Yes
57765,No
57766,No
57767,No
57768,No
57769,No
57770,No
57771,Yes
57772,Yes
57773,No
57774,No
57775,Yes
57776,Yes
57777,No
57778,No
57779,Yes
57780,No
57781,No
57782,No
57783,Yes
57784,No
57785,No
57786,Yes
57787,Yes
57788,No
57789,No
57790,No
57791,No
57792,No
57793,No
57794,Yes
57795,No
57796,No
57797,Yes
57798,No
57799,Yes
57800,Yes
57801,No
57802,No
57803,No
57804,No
57805,Yes
57806,No
57807,No
57808,Yes
57809,No
57810,Yes
57811,No
57812,No
57813,Yes
57814,No
57815,No
57816,No
57817,No
57818,No
57819,No
57820,No
57821,Yes
57822,No
57823,Yes
57824,No
57825,No
57826,No
57827,Yes
57828,No
57829,No
57830,No
57831,No
57832,Yes
57833,No
57834,No
57835,No
57836,No
57837,No
57838,No
57839,No
57840,No
57841,No
57842,No
57843,No
57844,No
57845,No
57846,No
57847,No
57848,No
57849,Yes
57850,No
57851,No
57852,No
57853,No
57854,No
57855,No
57856,No
57857,No
57858,No
57859,No
57860,No
57861,Yes
57862,Yes
57863,Yes
57864,Yes
57865,No
57866,No
57867,No
57868,No
57869,No
57870,Yes
57871,Yes
57872,No
57873,No
57874,No
57875,No
57876,Yes
57877,No
57878,No
57879,No
57880,Yes
57881,No
57882,No
57883,Yes
57884,No
57885,No
57886,No
57887,No
57888,Yes
57889,No
57890,No
57891,No
57892,No
57893,No
57894,Yes
57895,No
57896,No
57897,No
57898,No
57899,No
57900,No
57901,Yes
57902,No
57903,Yes
57904,Yes
57905,No
57906,Yes
57907,Yes
57908,No
57909,No
57910,Yes
57911,Yes
57912,No
57913,Yes
57914,No
57915,No
57916,Yes
57917,Yes
57918,No
57919,No
57920,No
57921,Yes
57922,Yes
57923,No
57924,No
57925,No
57926,No
57927,No
57928,No
57929,Yes
57930,No
57931,No
57932,No
57933,Yes
57934,No
57935,Yes
57936,No
57937,No
57938,No
57939,No
57940,Yes
57941,Yes
57942,No
57943,No
57944,No
57945,No
57946,Yes
57947,Yes
57948,No
57949,No
57950,No
57951,Yes
57952,No
57953,No
57954,No
57955,No
57956,Yes
57957,Yes
57958,No
57959,No
57960,No
57961,Yes
57962,No
57963,No
57964,No
57965,No
57966,No
57967,Yes
57968,No
57969,Yes
57970,No
57971,Yes
57972,No
57973,No
57974,No
57975,No
57976,No
57977,No
57978,No
57979,No
57980,Yes
57981,No
57982,No
57983,Yes
57984,No
57985,Yes
57986,Yes
57987,No
57988,No
57989,No
57990,No
57991,Yes
57992,No
57993,No
57994,No
57995,Yes
57996,Yes
57997,No
57998,Yes
57999,No
58000,Yes
58001,No
58002,No
58003,No
58004,Yes
58005,Yes
58006,No
58007,No
58008,Yes
58009,No
58010,No
58011,No
58012,No
58013,No
58014,Yes
58015,No
58016,No
58017,Yes
58018,Yes
58019,No
58020,Yes
58021,No
58022,Yes
58023,No
58024,No
58025,No
58026,No
58027,Yes
58028,Yes
58029,Yes
58030,No
58031,No
58032,No
58033,No
58034,No
58035,No
58036,No
58037,No
58038,No
58039,No
58040,Yes
58041,No
58042,Yes
58043,No
58044,No
58045,No
58046,No
58047,No
58048,No
58049,No
58050,No
58051,No
58052,No
58053,No
58054,Yes
58055,No
58056,Yes
58057,No
58058,Yes
58059,No
58060,No
58061,Yes
58062,No
58063,Yes
58064,No
58065,No
58066,No
58067,No
58068,No
58069,No
58070,No
58071,No
58072,Yes
58073,No
58074,Yes
58075,No
58076,No
58077,No
58078,No
58079,No
58080,No
58081,Yes
58082,No
58083,No
58084,No
58085,Yes
58086,Yes
58087,No
58088,No
58089,Yes
58090,No
58091,Yes
58092,No
58093,No
58094,No
58095,No
58096,No
58097,No
58098,No
58099,No
58100,No
58101,No
58102,No
58103,No
58104,No
58105,No
58106,No
58107,No
58108,No
58109,No
58110,Yes
58111,No
58112,No
58113,Yes
58114,No
58115,No
58116,No
58117,No
58118,No
58119,No
58120,Yes
58121,No
58122,Yes
58123,No
58124,No
58125,No
58126,No
58127,Yes
58128,No
58129,No
58130,No
58131,No
58132,Yes
58133,Yes
58134,Yes
58135,No
58136,No
58137,Yes
58138,Yes
58139,No
58140,No
58141,No
58142,No
58143,No
58144,No
58145,Yes
58146,No
58147,No
58148,No
58149,No
58150,Yes
58151,No
58152,No
58153,No
58154,No
58155,Yes
58156,No
58157,Yes
58158,Yes
58159,Yes
58160,Yes
58161,No
58162,No
58163,Yes
58164,No
58165,No
58166,No
58167,Yes
58168,Yes
58169,Yes
58170,No
58171,No
58172,No
58173,No
58174,No
58175,No
58176,No
58177,No
58178,No
58179,No
58180,No
58181,No
58182,No
58183,Yes
58184,No
58185,No
58186,No
58187,No
58188,No
58189,No
58190,Yes
58191,Yes
58192,No
58193,Yes
58194,No
58195,No
58196,No
58197,Yes
58198,Yes
58199,No
58200,Yes
58201,No
58202,Yes
58203,No
58204,No
58205,No
58206,Yes
58207,Yes
58208,No
58209,Yes
58210,No
58211,No
58212,No
58213,Yes
58214,Yes
58215,No
58216,No
58217,Yes
58218,No
58219,Yes
58220,No
58221,Yes
58222,No
58223,No
58224,No
58225,No
58226,Yes
58227,No
58228,No
58229,Yes
58230,No
58231,Yes
58232,No
58233,Yes
58234,No
58235,No
58236,Yes
58237,Yes
58238,Yes
58239,No
58240,No
58241,No
58242,Yes
58243,No
58244,No
58245,No
58246,No
58247,No
58248,Yes
58249,No
58250,No
58251,No
58252,No
58253,No
58254,No
58255,No
58256,Yes
58257,No
58258,No
58259,No
58260,No
58261,No
58262,Yes
58263,No
58264,Yes
58265,Yes
58266,Yes
58267,No
58268,Yes
58269,No
58270,Yes
58271,No
58272,No
58273,Yes
58274,No
58275,No
58276,No
58277,No
58278,No
58279,No
58280,No
58281,No
58282,No
58283,No
58284,No
58285,Yes
58286,No
58287,No
58288,No
58289,Yes
58290,Yes
58291,Yes
58292,Yes
58293,No
58294,Yes
58295,No
58296,Yes
58297,No
58298,No
58299,No
58300,Yes
58301,No
58302,No
58303,No
58304,No
58305,No
58306,No
58307,Yes
58308,No
58309,No
58310,No
58311,No
58312,No
58313,Yes
58314,No
58315,No
58316,No
58317,Yes
58318,No
58319,No
58320,No
58321,Yes
58322,Yes
58323,No
58324,Yes
58325,No
58326,No
58327,No
58328,Yes
58329,Yes
58330,No
58331,Yes
58332,No
58333,Yes
58334,Yes
58335,No
58336,Yes
58337,No
58338,No
58339,Yes
58340,No
58341,No
58342,No
58343,No
58344,No
58345,No
58346,Yes
58347,No
58348,No
58349,Yes
58350,No
58351,Yes
58352,No
58353,Yes
58354,No
58355,No
58356,No
58357,No
58358,No
58359,Yes
58360,No
58361,No
58362,No
58363,No
58364,No
58365,No
58366,No
58367,No
58368,No
58369,No
58370,No
58371,No
58372,Yes
58373,Yes
58374,No
58375,No
58376,No
58377,No
58378,No
58379,Yes
58380,No
58381,No
58382,No
58383,No
58384,Yes
58385,Yes
58386,No
58387,No
58388,Yes
58389,No
58390,No
58391,Yes
58392,No
58393,No
58394,No
58395,No
58396,No
58397,No
58398,Yes
58399,No
58400,No
58401,Yes
58402,Yes
58403,No
58404,No
58405,No
58406,No
58407,No
58408,No
58409,No
58410,No
58411,No
58412,No
58413,Yes
58414,Yes
58415,No
58416,No
58417,No
58418,Yes
58419,Yes
58420,No
58421,Yes
58422,No
58423,No
58424,No
58425,No
58426,No
58427,Yes
58428,Yes
58429,No
58430,Yes
58431,No
58432,No
58433,No
58434,No
58435,No
58436,No
58437,No
58438,No
58439,No
58440,No
58441,No
58442,Yes
58443,No
58444,Yes
58445,No
58446,No
58447,No
58448,Yes
58449,No
58450,Yes
58451,Yes
58452,No
58453,No
58454,No
58455,No
58456,Yes
58457,No
58458,No
58459,No
58460,No
58461,No
58462,No
58463,Yes
58464,Yes
58465,No
58466,Yes
58467,No
58468,No
58469,No
58470,No
58471,No
58472,No
58473,No
58474,No
58475,No
58476,No
58477,No
58478,No
58479,No
58480,No
58481,No
58482,Yes
58483,Yes
58484,No
58485,No
58486,Yes
58487,No
58488,No
58489,Yes
58490,Yes
58491,Yes
58492,No
58493,No
58494,No
58495,No
58496,No
58497,Yes
58498,No
58499,No
58500,No
58501,No
58502,Yes
58503,Yes
58504,Yes
58505,No
58506,No
58507,Yes
58508,No
58509,No
58510,No
58511,Yes
58512,Yes
58513,No
58514,Yes
58515,Yes
58516,No
58517,No
58518,No
58519,No
58520,No
58521,Yes
58522,No
58523,Yes
58524,No
58525,Yes
58526,No
58527,Yes
58528,Yes
58529,No
58530,No
58531,Yes
58532,No
58533,No
58534,No
58535,No
58536,No
58537,No
58538,No
58539,Yes
58540,No
58541,No
58542,No
58543,No
58544,No
58545,No
58546,No
58547,Yes
58548,Yes
58549,No
58550,Yes
58551,No
58552,No
58553,No
58554,No
58555,No
58556,No
58557,No
58558,No
58559,No
58560,No
58561,No
58562,No
58563,No
58564,No
58565,Yes
58566,Yes
58567,Yes
58568,Yes
58569,No
58570,No
58571,Yes
58572,No
58573,No
58574,No
58575,No
58576,No
58577,Yes
58578,No
58579,Yes
58580,Yes
58581,No
58582,No
58583,Yes
58584,Yes
58585,Yes
58586,No
58587,No
58588,No
58589,Yes
58590,No
58591,No
58592,No
58593,No
58594,No
58595,No
58596,No
58597,Yes
58598,No
58599,Yes
58600,No
58601,No
58602,Yes
58603,Yes
58604,Yes
58605,No
58606,Yes
58607,No
58608,No
58609,No
58610,No
58611,No
58612,No
58613,No
58614,Yes
58615,Yes
58616,No
58617,No
58618,No
58619,Yes
58620,No
58621,No
58622,No
58623,No
58624,Yes
58625,Yes
58626,No
58627,No
58628,Yes
58629,No
58630,Yes
58631,No
58632,No
58633,No
58634,No
58635,No
58636,No
58637,No
58638,No
58639,No
58640,No
58641,Yes
58642,No
58643,No
58644,Yes
58645,No
58646,No
58647,No
58648,Yes
58649,No
58650,Yes
58651,No
58652,No
58653,No
58654,No
58655,No
58656,Yes
58657,No
58658,No
58659,No
58660,No
58661,No
58662,No
58663,No
58664,No
58665,Yes
58666,No
58667,No
58668,Yes
58669,Yes
58670,Yes
58671,Yes
58672,No
58673,No
58674,No
58675,No
58676,Yes
58677,No
58678,No
58679,No
58680,No
58681,No
58682,No
58683,Yes
58684,No
58685,No
58686,Yes
58687,No
58688,No
58689,Yes
58690,No
58691,No
58692,No
58693,No
58694,No
58695,No
58696,No
58697,No
58698,No
58699,No
58700,Yes
58701,No
58702,No
58703,No
58704,No
58705,No
58706,No
58707,No
58708,No
58709,Yes
58710,No
58711,No
58712,No
58713,No
58714,No
58715,No
58716,No
58717,No
58718,No
58719,No
58720,No
58721,No
58722,No
58723,Yes
58724,No
58725,Yes
58726,No
58727,Yes
58728,Yes
58729,No
58730,Yes
58731,No
58732,No
58733,No
58734,No
58735,No
58736,No
58737,No
58738,No
58739,Yes
58740,No
58741,No
58742,Yes
58743,Yes
58744,No
58745,No
58746,No
58747,Yes
58748,No
58749,No
58750,Yes
58751,No
58752,No
58753,Yes
58754,No
58755,No
58756,No
58757,Yes
58758,Yes
58759,No
58760,Yes
58761,No
58762,No
58763,Yes
58764,No
58765,No
58766,Yes
58767,No
58768,No
58769,Yes
58770,No
58771,No
58772,No
58773,Yes
58774,No
58775,No
58776,Yes
58777,No
58778,Yes
58779,No
58780,No
58781,No
58782,No
58783,No
58784,Yes
58785,No
58786,No
58787,No
58788,No
58789,No
58790,No
58791,No
58792,Yes
58793,No
58794,No
58795,No
58796,No
58797,No
58798,No
58799,Yes
58800,No
58801,No
58802,No
58803,No
58804,No
58805,No
58806,No
58807,No
58808,No
58809,No
58810,No
58811,No
58812,No
58813,No
58814,No
58815,No
58816,No
58817,No
58818,Yes
58819,No
58820,No
58821,No
58822,No
58823,No
58824,No
58825,Yes
58826,Yes
58827,No
58828,No
58829,No
58830,No
58831,No
58832,No
58833,No
58834,No
58835,No
58836,No
58837,No
58838,No
58839,No
58840,Yes
58841,No
58842,No
58843,No
58844,Yes
58845,Yes
58846,No
58847,No
58848,No
58849,No
58850,No
58851,No
58852,No
58853,No
58854,No
58855,Yes
58856,Yes
58857,No
58858,No
58859,No
58860,No
58861,No
58862,Yes
58863,Yes
58864,No
58865,No
58866,No
58867,Yes
58868,No
58869,No
58870,Yes
58871,No
58872,No
58873,No
58874,No
58875,No
58876,No
58877,No
58878,No
58879,No
58880,Yes
58881,No
58882,No
58883,No
58884,No
58885,No
58886,No
58887,Yes
58888,No
58889,No
58890,Yes
58891,Yes
58892,Yes
58893,No
58894,No
58895,No
58896,Yes
58897,No
58898,No
58899,No
58900,No
58901,No
58902,No
58903,No
58904,Yes
58905,No
58906,Yes
58907,No
58908,No
58909,No
58910,No
58911,No
58912,No
58913,No
58914,No
58915,No
58916,No
58917,No
58918,No
58919,No
58920,No
58921,No
58922,Yes
58923,No
58924,No
58925,Yes
58926,No
58927,No
58928,No
58929,No
58930,No
58931,Yes
58932,No
58933,No
58934,No
58935,No
58936,No
58937,Yes
58938,Yes
58939,No
58940,Yes
58941,No
58942,Yes
58943,No
58944,Yes
58945,No
58946,No
58947,No
58948,No
58949,No
58950,Yes
58951,Yes
58952,No
58953,No
58954,No
58955,No
58956,No
58957,No
58958,Yes
58959,No
58960,No
58961,No
58962,Yes
58963,No
58964,No
58965,No
58966,No
58967,No
58968,Yes
58969,Yes
58970,Yes
58971,No
58972,No
58973,No
58974,No
58975,No
58976,No
58977,Yes
58978,No
58979,No
58980,No
58981,No
58982,No
58983,Yes
58984,No
58985,Yes
58986,No
58987,No
58988,No
58989,No
58990,No
58991,No
58992,Yes
58993,Yes
58994,No
58995,No
58996,Yes
58997,No
58998,Yes
58999,No
59000,No
59001,Yes
59002,Yes
59003,No
59004,No
59005,No
59006,Yes
59007,No
59008,No
59009,Yes
59010,No
59011,No
59012,No
59013,No
59014,No
59015,No
59016,No
59017,No
59018,Yes
59019,No
59020,No
59021,No
59022,No
59023,No
59024,No
59025,No
59026,No
59027,No
59028,No
59029,No
59030,No
59031,Yes
59032,Yes
59033,Yes
59034,No
59035,Yes
59036,Yes
59037,No
59038,No
59039,No
59040,No
59041,Yes
59042,No
59043,No
59044,No
59045,Yes
59046,No
59047,Yes
59048,Yes
59049,No
59050,Yes
59051,Yes
59052,No
59053,No
59054,No
59055,No
59056,No
59057,No
59058,No
59059,No
59060,Yes
59061,Yes
59062,Yes
59063,No
59064,No
59065,No
59066,No
59067,No
59068,Yes
59069,No
59070,No
59071,Yes
59072,Yes
59073,No
59074,No
59075,No
59076,No
59077,No
59078,No
59079,No
59080,Yes
59081,No
59082,No
59083,No
59084,Yes
59085,No
59086,Yes
59087,Yes
59088,No
59089,No
59090,No
59091,Yes
59092,No
59093,No
59094,No
59095,No
59096,No
59097,No
59098,No
59099,No
59100,Yes
59101,No
59102,No
59103,No
59104,No
59105,Yes
59106,Yes
59107,No
59108,No
59109,No
59110,Yes
59111,No
59112,No
59113,No
59114,No
59115,No
59116,No
59117,No
59118,No
59119,No
59120,No
59121,No
59122,No
59123,No
59124,No
59125,Yes
59126,No
59127,No
59128,No
59129,No
59130,No
59131,No
59132,No
59133,No
59134,No
59135,No
59136,No
59137,No
59138,No
59139,Yes
59140,No
59141,No
59142,No
59143,No
59144,No
59145,Yes
59146,No
59147,No
59148,No
59149,No
59150,Yes
59151,Yes
59152,Yes
59153,No
59154,No
59155,No
59156,No
59157,No
59158,No
59159,No
59160,No
59161,No
59162,No
59163,Yes
59164,Yes
59165,No
59166,No
59167,Yes
59168,No
59169,Yes
59170,Yes
59171,Yes
59172,Yes
59173,No
59174,No
59175,No
59176,No
59177,Yes
59178,No
59179,No
59180,No
59181,Yes
59182,No
59183,No
59184,Yes
59185,No
59186,No
59187,No
59188,Yes
59189,Yes
59190,No
59191,No
59192,Yes
59193,No
59194,No
59195,No
59196,No
59197,No
59198,Yes
59199,No
59200,No
59201,No
59202,No
59203,Yes
59204,Yes
59205,No
59206,No
59207,No
59208,No
59209,No
59210,No
59211,Yes
59212,No
59213,No
59214,No
59215,No
59216,No
59217,No
59218,No
59219,No
59220,Yes
59221,No
59222,No
59223,No
59224,No
59225,No
59226,Yes
59227,No
59228,No
59229,No
59230,No
59231,No
59232,Yes
59233,Yes
59234,Yes
59235,No
59236,No
59237,No
59238,Yes
59239,No
59240,Yes
59241,No
59242,Yes
59243,No
59244,Yes
59245,No
59246,No
59247,No
59248,No
59249,No
59250,No
59251,Yes
59252,No
59253,Yes
59254,No
59255,Yes
59256,No
59257,No
59258,Yes
59259,Yes
59260,Yes
59261,No
59262,No
59263,Yes
59264,Yes
59265,Yes
59266,No
59267,No
59268,No
59269,No
59270,No
59271,No
59272,Yes
59273,No
59274,No
59275,No
59276,No
59277,No
59278,No
59279,No
59280,No
59281,Yes
59282,No
59283,Yes
59284,No
59285,No
59286,No
59287,Yes
59288,No
59289,Yes
59290,No
59291,No
59292,No
59293,No
59294,No
59295,No
59296,Yes
59297,No
59298,No
59299,Yes
59300,No
59301,No
59302,No
59303,No
59304,No
59305,No
59306,No
59307,No
59308,Yes
59309,No
59310,No
59311,Yes
59312,Yes
59313,No
59314,No
59315,Yes
59316,Yes
59317,Yes
59318,Yes
59319,No
59320,Yes
59321,Yes
59322,No
59323,No
59324,No
59325,No
59326,Yes
59327,No
59328,No
59329,No
59330,Yes
59331,Yes
59332,No
59333,No
59334,No
59335,No
59336,Yes
59337,No
59338,Yes
59339,No
59340,Yes
59341,No
59342,No
59343,Yes
59344,Yes
59345,No
59346,No
59347,Yes
59348,No
59349,No
59350,Yes
59351,Yes
59352,No
59353,No
59354,Yes
59355,Yes
59356,Yes
59357,No
59358,No
59359,No
59360,No
59361,No
59362,No
59363,No
59364,Yes
59365,No
59366,Yes
59367,No
59368,No
59369,Yes
59370,No
59371,No
59372,No
59373,No
59374,No
59375,No
59376,Yes
59377,Yes
59378,No
59379,Yes
59380,Yes
59381,Yes
59382,Yes
59383,No
59384,Yes
59385,Yes
59386,No
59387,Yes
59388,No
59389,Yes
59390,No
59391,Yes
59392,No
59393,No
59394,No
59395,Yes
59396,No
59397,Yes
59398,No
59399,No
59400,No
59401,Yes
59402,No
59403,No
59404,Yes
59405,No
59406,No
59407,Yes
59408,No
59409,Yes
59410,No
59411,No
59412,No
59413,No
59414,No
59415,No
59416,Yes
59417,Yes
59418,No
59419,No
59420,Yes
59421,Yes
59422,Yes
59423,No
59424,Yes
59425,No
59426,Yes
59427,No
59428,No
59429,No
59430,No
59431,No
59432,No
59433,Yes
59434,No
59435,No
59436,No
59437,No
59438,No
59439,Yes
59440,Yes
59441,No
59442,No
59443,No
59444,Yes
59445,No
59446,Yes
59447,No
59448,No
59449,Yes
59450,No
59451,No
59452,Yes
59453,No
59454,No
59455,No
59456,Yes
59457,Yes
59458,No
59459,No
59460,No
59461,No
59462,Yes
59463,No
59464,No
59465,No
59466,No
59467,Yes
59468,Yes
59469,Yes
59470,No
59471,No
59472,No
59473,No
59474,Yes
59475,No
59476,Yes
59477,No
59478,Yes
59479,No
59480,Yes
59481,No
59482,Yes
59483,No
59484,No
59485,No
59486,No
59487,No
59488,No
59489,No
59490,Yes
59491,No
59492,No
59493,Yes
59494,Yes
59495,No
59496,No
59497,Yes
59498,No
59499,Yes
59500,No
59501,No
59502,No
59503,No
59504,No
59505,No
59506,Yes
59507,No
59508,Yes
59509,No
59510,No
59511,No
59512,Yes
59513,No
59514,No
59515,No
59516,Yes
59517,No
59518,No
59519,No
59520,No
59521,Yes
59522,Yes
59523,No
59524,Yes
59525,No
59526,No
59527,No
59528,No
59529,Yes
59530,No
59531,Yes
59532,Yes
59533,No
59534,Yes
59535,No
59536,No
59537,No
59538,Yes
59539,No
59540,No
59541,No
59542,No
59543,No
59544,No
59545,No
59546,No
59547,Yes
59548,No
59549,No
59550,No
59551,No
59552,No
59553,Yes
59554,Yes
59555,No
59556,No
59557,No
59558,No
59559,No
59560,No
59561,No
59562,No
59563,No
59564,Yes
59565,No
59566,No
59567,Yes
59568,No
59569,No
59570,No
59571,No
59572,Yes
59573,No
59574,No
59575,No
59576,No
59577,No
59578,No
59579,No
59580,Yes
59581,Yes
59582,No
59583,Yes
59584,Yes
59585,No
59586,Yes
59587,No
59588,No
59589,Yes
59590,No
59591,No
59592,Yes
59593,No
59594,No
59595,No
59596,No
59597,No
59598,No
59599,No
59600,No
59601,No
59602,No
59603,No
59604,No
59605,No
59606,No
59607,No
59608,No
59609,No
59610,No
59611,No
59612,No
59613,No
59614,No
59615,No
59616,No
59617,No
59618,No
59619,No
59620,No
59621,No
59622,No
59623,No
59624,Yes
59625,Yes
59626,Yes
59627,No
59628,No
59629,No
59630,No
59631,No
59632,Yes
59633,No
59634,No
59635,Yes
59636,No
59637,No
59638,No
59639,No
59640,Yes
59641,No
59642,Yes
59643,No
59644,No
59645,Yes
59646,No
59647,No
59648,Yes
59649,Yes
59650,Yes
59651,No
59652,Yes
59653,No
59654,No
59655,No
59656,No
59657,No
59658,No
59659,Yes
59660,No
59661,Yes
59662,No
59663,No
59664,No
59665,No
59666,Yes
59667,No
59668,No
59669,No
59670,No
59671,Yes
59672,No
59673,Yes
59674,Yes
59675,No
59676,No
59677,No
59678,Yes
59679,No
59680,No
59681,No
59682,No
59683,Yes
59684,No
59685,No
59686,No
59687,Yes
59688,No
59689,No
59690,No
59691,No
59692,Yes
59693,Yes
59694,Yes
59695,No
59696,Yes
59697,Yes
59698,No
59699,No
59700,No
59701,No
59702,Yes
59703,No
59704,No
59705,No
59706,No
59707,No
59708,No
59709,No
59710,No
59711,No
59712,No
59713,Yes
59714,Yes
59715,Yes
59716,No
59717,Yes
59718,Yes
59719,No
59720,No
59721,No
59722,No
59723,Yes
59724,No
59725,No
59726,No
59727,No
59728,No
59729,No
59730,No
59731,No
59732,No
59733,Yes
59734,No
59735,No
59736,No
59737,No
59738,No
59739,No
59740,Yes
59741,Yes
59742,No
59743,Yes
59744,No
59745,No
59746,No
59747,Yes
59748,No
59749,Yes
59750,No
59751,No
59752,Yes
59753,No
59754,Yes
59755,No
59756,No
59757,No
59758,No
59759,No
59760,Yes
59761,No
59762,No
59763,No
59764,No
59765,No
59766,No
59767,No
59768,No
59769,No
59770,Yes
59771,No
59772,Yes
59773,Yes
59774,Yes
59775,Yes
59776,Yes
59777,Yes
59778,No
59779,No
59780,Yes
59781,No
59782,No
59783,No
59784,No
59785,No
59786,No
59787,No
59788,Yes
59789,Yes
59790,Yes
59791,No
59792,No
59793,Yes
59794,No
59795,No
59796,No
59797,Yes
59798,Yes
59799,No
59800,Yes
59801,No
59802,No
59803,No
59804,Yes
59805,No
59806,No
59807,No
59808,No
59809,No
59810,No
59811,No
59812,Yes
59813,No
59814,No
59815,No
59816,Yes
59817,No
59818,Yes
59819,No
59820,No
59821,No
59822,No
59823,No
59824,No
59825,Yes
59826,No
59827,No
59828,Yes
59829,No
59830,Yes
59831,No
59832,Yes
59833,No
59834,Yes
59835,No
59836,Yes
59837,No
59838,No
59839,No
59840,Yes
59841,No
59842,No
59843,Yes
59844,No
59845,No
59846,No
59847,Yes
59848,No
59849,No
59850,Yes
59851,Yes
59852,No
59853,No
59854,No
59855,No
59856,No
59857,No
59858,Yes
59859,No
59860,Yes
59861,No
59862,No
59863,No
59864,No
59865,Yes
59866,Yes
59867,No
59868,Yes
59869,No
59870,No
59871,No
59872,No
59873,No
59874,Yes
59875,No
59876,Yes
59877,No
59878,No
59879,Yes
59880,No
59881,No
59882,Yes
59883,No
59884,Yes
59885,Yes
59886,No
59887,No
59888,No
59889,No
59890,No
59891,No
59892,No
59893,No
59894,No
59895,No
59896,No
59897,No
59898,No
59899,Yes
59900,Yes
59901,No
59902,No
59903,No
59904,No
59905,No
59906,No
59907,No
59908,Yes
59909,No
59910,No
59911,No
59912,No
59913,No
59914,Yes
59915,No
59916,No
59917,Yes
59918,No
59919,No
59920,No
59921,Yes
59922,Yes
59923,No
59924,Yes
59925,No
59926,No
59927,No
59928,No
59929,No
59930,No
59931,No
59932,No
59933,No
59934,No
59935,Yes
59936,No
59937,Yes
59938,No
59939,No
59940,Yes
59941,Yes
59942,Yes
59943,No
59944,Yes
59945,No
59946,Yes
59947,Yes
59948,No
59949,No
59950,Yes
59951,No
59952,No
59953,Yes
59954,Yes
59955,No
59956,Yes
59957,No
59958,Yes
59959,Yes
59960,No
59961,Yes
59962,No
59963,No
59964,Yes
59965,No
59966,Yes
59967,Yes
59968,Yes
59969,No
59970,No
59971,Yes
59972,No
59973,No
59974,No
59975,No
59976,Yes
59977,No
59978,No
59979,No
59980,No
59981,Yes
59982,Yes
59983,No
59984,No
59985,Yes
59986,No
59987,No
59988,Yes
59989,No
59990,No
59991,No
59992,No
59993,Yes
59994,No
59995,No
59996,Yes
59997,No
59998,No
59999,No
60000,Yes
60001,Yes
60002,Yes
60003,No
60004,Yes
60005,Yes
60006,No
60007,Yes
60008,Yes
60009,No
60010,No
60011,No
60012,No
60013,No
60014,No
60015,No
60016,Yes
60017,No
60018,No
60019,No
60020,Yes
60021,No
60022,No
60023,No
60024,No
60025,No
60026,No
60027,No
60028,No
60029,Yes
60030,No
60031,No
60032,No
60033,No
60034,Yes
60035,No
60036,No
60037,No
60038,No
60039,No
60040,No
60041,No
60042,No
60043,No
60044,No
60045,Yes
60046,No
60047,No
60048,No
60049,No
60050,No
60051,No
60052,Yes
60053,No
60054,No
60055,Yes
60056,No
60057,No
60058,No
60059,Yes
60060,No
60061,Yes
60062,No
60063,Yes
60064,Yes
60065,No
60066,No
60067,No
60068,No
60069,No
60070,No
60071,No
60072,No
60073,No
60074,No
60075,Yes
60076,No
60077,Yes
60078,No
60079,Yes
60080,Yes
60081,No
60082,No
60083,No
60084,No
60085,Yes
60086,No
60087,No
60088,No
60089,No
60090,Yes
60091,No
60092,No
60093,Yes
60094,No
60095,No
60096,No
60097,No
60098,No
60099,Yes
60100,No
60101,No
60102,No
60103,No
60104,No
60105,No
60106,No
60107,No
60108,No
60109,No
60110,No
60111,No
60112,Yes
60113,Yes
60114,No
60115,No
60116,No
60117,Yes
60118,No
60119,Yes
60120,No
60121,No
60122,No
60123,Yes
60124,No
60125,No
60126,Yes
60127,No
60128,No
60129,No
60130,No
60131,No
60132,No
60133,No
60134,No
60135,No
60136,Yes
60137,No
60138,No
60139,No
60140,Yes
60141,No
60142,No
60143,No
60144,No
60145,Yes
60146,Yes
60147,No
60148,Yes
60149,Yes
60150,No
60151,No
60152,Yes
60153,Yes
60154,No
60155,Yes
60156,Yes
60157,Yes
60158,Yes
60159,No
60160,Yes
60161,Yes
60162,Yes
60163,No
60164,No
60165,Yes
60166,No
60167,Yes
60168,No
60169,No
60170,Yes
60171,Yes
60172,Yes
60173,Yes
60174,No
60175,Yes
60176,Yes
60177,No
60178,Yes
60179,No
60180,No
60181,No
60182,No
60183,Yes
60184,No
60185,Yes
60186,No
60187,No
60188,No
60189,No
60190,Yes
60191,Yes
60192,No
60193,No
60194,Yes
60195,No
60196,No
60197,Yes
60198,No
60199,No
60200,No
60201,No
60202,No
60203,No
60204,Yes
60205,No
60206,No
60207,No
60208,Yes
60209,Yes
60210,No
60211,No
60212,No
60213,No
60214,No
60215,No
60216,Yes
60217,Yes
60218,No
60219,No
60220,No
60221,No
60222,No
60223,No
60224,Yes
60225,No
60226,Yes
60227,No
60228,No
60229,No
60230,Yes
60231,No
60232,Yes
60233,No
60234,No
60235,Yes
60236,No
60237,No
60238,No
60239,No
60240,No
60241,No
60242,No
60243,No
60244,No
60245,No
60246,Yes
60247,Yes
60248,Yes
60249,Yes
60250,No
60251,No
60252,No
60253,No
60254,Yes
60255,No
60256,No
60257,No
60258,No
60259,No
60260,No
60261,No
60262,No
60263,No
60264,No
60265,No
60266,No
60267,No
60268,No
60269,No
60270,No
60271,No
60272,Yes
60273,No
60274,No
60275,No
60276,Yes
60277,Yes
60278,No
60279,No
60280,No
60281,No
60282,No
60283,No
60284,No
60285,No
60286,Yes
60287,Yes
60288,Yes
60289,No
60290,Yes
60291,No
60292,No
60293,No
60294,No
60295,No
60296,No
60297,No
60298,No
60299,No
60300,Yes
60301,No
60302,No
60303,No
60304,No
60305,No
60306,No
60307,Yes
60308,No
60309,No
60310,No
60311,No
60312,Yes
60313,No
60314,No
60315,Yes
60316,No
60317,No
60318,No
60319,No
60320,No
60321,No
60322,No
60323,Yes
60324,No
60325,No
60326,Yes
60327,No
60328,Yes
60329,No
60330,No
60331,No
60332,No
60333,No
60334,No
60335,No
60336,No
60337,Yes
60338,No
60339,No
60340,No
60341,No
60342,Yes
60343,No
60344,No
60345,No
60346,No
60347,No
60348,Yes
60349,No
60350,No
60351,No
60352,No
60353,Yes
60354,Yes
60355,No
60356,No
60357,No
60358,Yes
60359,No
60360,No
60361,Yes
60362,No
60363,Yes
60364,No
60365,No
60366,No
60367,Yes
60368,Yes
60369,No
60370,Yes
60371,No
60372,Yes
60373,No
60374,No
60375,No
60376,No
60377,No
60378,No
60379,No
60380,No
60381,No
60382,No
60383,No
60384,No
60385,No
60386,No
60387,No
60388,No
60389,No
60390,No
60391,No
60392,Yes
60393,Yes
60394,Yes
60395,No
60396,Yes
60397,No
60398,No
60399,No
60400,No
60401,No
60402,Yes
60403,No
60404,No
60405,No
60406,No
60407,Yes
60408,No
60409,Yes
60410,Yes
60411,Yes
60412,No
60413,No
60414,Yes
60415,Yes
60416,No
60417,Yes
60418,No
60419,No
60420,No
60421,No
60422,Yes
60423,No
60424,No
60425,No
60426,No
60427,No
60428,No
60429,Yes
60430,No
60431,No
60432,Yes
60433,No
60434,No
60435,Yes
60436,No
60437,No
60438,No
60439,Yes
60440,No
60441,No
60442,No
60443,Yes
60444,No
60445,No
60446,No
60447,Yes
60448,No
60449,No
60450,No
60451,No
60452,No
60453,No
60454,No
60455,Yes
60456,Yes
60457,Yes
60458,No
60459,No
60460,No
60461,No
60462,Yes
60463,No
60464,No
60465,No
60466,No
60467,Yes
60468,No
60469,Yes
60470,No
60471,No
60472,No
60473,No
60474,No
60475,Yes
60476,No
60477,No
60478,No
60479,No
60480,No
60481,Yes
60482,Yes
60483,Yes
60484,Yes
60485,No
60486,No
60487,No
60488,No
60489,No
60490,No
60491,No
60492,Yes
60493,Yes
60494,No
60495,No
60496,Yes
60497,No
60498,Yes
60499,No
60500,Yes
60501,No
60502,Yes
60503,Yes
60504,No
60505,No
60506,Yes
60507,Yes
60508,Yes
60509,No
60510,No
60511,No
60512,Yes
60513,Yes
60514,No
60515,No
60516,Yes
60517,Yes
60518,No
60519,No
60520,No
60521,No
60522,No
60523,No
60524,Yes
60525,No
60526,Yes
60527,No
60528,No
60529,No
60530,Yes
60531,No
60532,Yes
60533,No
60534,No
60535,No
60536,No
60537,No
60538,No
60539,No
60540,No
60541,No
60542,No
60543,No
60544,Yes
60545,Yes
60546,No
60547,No
60548,Yes
60549,No
60550,Yes
60551,Yes
60552,Yes
60553,No
60554,No
60555,No
60556,No
60557,No
60558,No
60559,No
60560,Yes
60561,No
60562,No
60563,No
60564,Yes
60565,No
60566,Yes
60567,No
60568,No
60569,No
60570,No
60571,Yes
60572,No
60573,Yes
60574,Yes
60575,No
60576,No
60577,No
60578,No
60579,No
60580,No
60581,Yes
60582,Yes
60583,No
60584,No
60585,Yes
60586,Yes
60587,No
60588,Yes
60589,No
60590,Yes
60591,No
60592,No
60593,No
60594,Yes
60595,Yes
60596,No
60597,No
60598,No
60599,No
60600,No
60601,No
60602,Yes
60603,No
60604,No
60605,No
60606,No
60607,Yes
60608,No
60609,No
60610,No
60611,No
60612,No
60613,No
60614,Yes
60615,No
60616,No
60617,No
60618,No
60619,No
60620,No
60621,No
60622,Yes
60623,Yes
60624,No
60625,No
60626,Yes
60627,Yes
60628,Yes
60629,Yes
60630,No
60631,Yes
60632,No
60633,No
60634,No
60635,Yes
60636,No
60637,Yes
60638,No
60639,No
60640,No
60641,No
60642,No
60643,Yes
60644,No
60645,No
60646,No
60647,No
60648,Yes
60649,No
60650,Yes
60651,No
60652,No
60653,No
60654,Yes
60655,Yes
60656,No
60657,No
60658,No
60659,No
60660,No
60661,Yes
60662,No
60663,Yes
60664,No
60665,Yes
60666,No
60667,No
60668,No
60669,No
60670,No
60671,No
60672,No
60673,No
60674,No
60675,No
60676,Yes
60677,Yes
60678,No
60679,No
60680,No
60681,No
60682,No
60683,No
60684,No
60685,No
60686,No
60687,No
60688,No
60689,No
60690,No
60691,No
60692,Yes
60693,No
60694,Yes
60695,Yes
60696,No
60697,No
60698,No
60699,No
60700,No
60701,No
60702,No
60703,Yes
60704,No
60705,Yes
60706,No
60707,No
60708,No
60709,No
60710,No
60711,No
60712,No
60713,Yes
60714,No
60715,No
60716,No
60717,No
60718,No
60719,No
60720,No
60721,No
60722,No
60723,Yes
60724,No
60725,Yes
60726,No
60727,No
60728,No
60729,No
60730,No
60731,Yes
60732,No
60733,Yes
60734,No
60735,No
60736,No
60737,Yes
60738,Yes
60739,Yes
60740,No
60741,No
60742,Yes
60743,No
60744,No
60745,No
60746,No
60747,Yes
60748,Yes
60749,No
60750,No
60751,No
60752,No
60753,Yes
60754,No
60755,No
60756,No
60757,No
60758,No
60759,No
60760,Yes
60761,No
60762,No
60763,No
60764,No
60765,No
60766,No
60767,No
60768,Yes
60769,Yes
60770,No
60771,No
60772,No
60773,Yes
60774,No
60775,Yes
60776,Yes
60777,Yes
60778,Yes
60779,No
60780,No
60781,No
60782,No
60783,No
60784,Yes
60785,No
60786,No
60787,No
60788,No
60789,No
60790,No
60791,No
60792,No
60793,Yes
60794,No
60795,Yes
60796,No
60797,No
60798,No
60799,No
60800,No
60801,Yes
60802,Yes
60803,No
60804,No
60805,No
60806,No
60807,No
60808,No
60809,No
60810,No
60811,No
60812,Yes
60813,No
60814,Yes
60815,No
60816,No
60817,No
60818,No
60819,No
60820,No
60821,No
60822,Yes
60823,No
60824,No
60825,No
60826,No
60827,Yes
60828,No
60829,No
60830,No
60831,No
60832,Yes
60833,No
60834,No
60835,No
60836,No
60837,Yes
60838,No
60839,No
60840,No
60841,No
60842,No
60843,No
60844,No
60845,No
60846,Yes
60847,Yes
60848,No
60849,No
60850,No
60851,No
60852,Yes
60853,No
60854,Yes
60855,No
60856,No
60857,No
60858,Yes
60859,No
60860,Yes
60861,Yes
60862,Yes
60863,No
60864,No
60865,Yes
60866,No
60867,No
60868,No
60869,No
60870,No
60871,No
60872,Yes
60873,No
60874,Yes
60875,No
60876,No
60877,No
60878,No
60879,No
60880,No
60881,No
60882,No
60883,Yes
60884,No
60885,No
60886,Yes
60887,No
60888,No
60889,No
60890,No
60891,No
60892,No
60893,No
60894,Yes
60895,Yes
60896,No
60897,Yes
60898,No
60899,No
60900,No
60901,Yes
60902,Yes
60903,No
60904,Yes
60905,No
60906,No
60907,No
60908,No
60909,No
60910,No
60911,Yes
60912,No
60913,No
60914,No
60915,No
60916,No
60917,Yes
60918,No
60919,No
60920,No
60921,No
60922,No
60923,Yes
60924,No
60925,No
60926,No
60927,No
60928,No
60929,No
60930,Yes
60931,Yes
60932,Yes
60933,Yes
60934,Yes
60935,Yes
60936,No
60937,No
60938,Yes
60939,No
60940,No
60941,No
60942,Yes
60943,No
60944,Yes
60945,No
60946,No
60947,No
60948,No
60949,Yes
60950,No
60951,Yes
60952,Yes
60953,No
60954,No
60955,No
60956,No
60957,No
60958,No
60959,Yes
60960,No
60961,No
60962,No
60963,No
60964,Yes
60965,No
60966,No
60967,No
60968,Yes
60969,Yes
60970,No
60971,No
60972,No
60973,No
60974,Yes
60975,Yes
60976,Yes
60977,Yes
60978,No
60979,No
60980,Yes
60981,Yes
60982,Yes
60983,No
60984,Yes
60985,No
60986,No
60987,No
60988,No
60989,No
60990,No
60991,No
60992,No
60993,Yes
60994,No
60995,No
60996,No
60997,No
60998,No
60999,No
61000,No
61001,Yes
61002,No
61003,Yes
61004,No
61005,No
61006,No
61007,No
61008,No
61009,No
61010,No
61011,No
61012,No
61013,Yes
61014,No
61015,No
61016,No
61017,No
61018,No
61019,Yes
61020,Yes
61021,No
61022,No
61023,No
61024,Yes
61025,Yes
61026,Yes
61027,No
61028,No
61029,No
61030,No
61031,No
61032,No
61033,No
61034,Yes
61035,No
61036,No
61037,Yes
61038,No
61039,No
61040,No
61041,No
61042,No
61043,No
61044,No
61045,No
61046,No
61047,Yes
61048,Yes
61049,No
61050,No
61051,No
61052,Yes
61053,No
61054,No
61055,Yes
61056,No
61057,Yes
61058,No
61059,No
61060,No
61061,No
61062,No
61063,No
61064,Yes
61065,No
61066,Yes
61067,Yes
61068,No
61069,Yes
61070,Yes
61071,No
61072,No
61073,Yes
61074,No
61075,Yes
61076,Yes
61077,No
61078,No
61079,Yes
61080,No
61081,Yes
61082,Yes
61083,No
61084,No
61085,Yes
61086,No
61087,No
61088,Yes
61089,No
61090,Yes
61091,Yes
61092,No
61093,Yes
61094,No
61095,No
61096,Yes
61097,No
61098,No
61099,Yes
61100,No
61101,No
61102,No
61103,Yes
61104,Yes
61105,No
61106,No
61107,No
61108,No
61109,Yes
61110,Yes
61111,No
61112,No
61113,No
61114,Yes
61115,Yes
61116,No
61117,Yes
61118,No
61119,Yes
61120,No
61121,No
61122,No
61123,Yes
61124,No
61125,Yes
61126,Yes
61127,No
61128,No
61129,No
61130,No
61131,No
61132,No
61133,No
61134,Yes
61135,No
61136,No
61137,No
61138,No
61139,No
61140,No
61141,Yes
61142,Yes
61143,No
61144,No
61145,No
61146,Yes
61147,No
61148,No
61149,No
61150,Yes
61151,No
61152,No
61153,No
61154,No
61155,Yes
61156,No
61157,No
61158,No
61159,No
61160,Yes
61161,No
61162,Yes
61163,No
61164,No
61165,No
61166,No
61167,No
61168,No
61169,No
61170,No
61171,No
61172,Yes
61173,No
61174,No
61175,No
61176,Yes
61177,No
61178,Yes
61179,Yes
61180,No
61181,No
61182,No
61183,No
61184,No
61185,No
61186,No
61187,No
61188,No
61189,Yes
61190,No
61191,Yes
61192,No
61193,No
61194,Yes
61195,Yes
61196,No
61197,No
61198,No
61199,No
61200,No
61201,No
61202,No
61203,No
61204,No
61205,No
61206,No
61207,No
61208,No
61209,Yes
61210,Yes
61211,Yes
61212,No
61213,No
61214,No
61215,Yes
61216,No
61217,No
61218,Yes
61219,No
61220,No
61221,No
61222,No
61223,No
61224,Yes
61225,No
61226,Yes
61227,No
61228,No
61229,Yes
61230,Yes
61231,Yes
61232,Yes
61233,Yes
61234,Yes
61235,No
61236,No
61237,No
61238,No
61239,No
61240,No
61241,Yes
61242,No
61243,No
61244,No
61245,Yes
61246,No
61247,Yes
61248,Yes
61249,Yes
61250,Yes
61251,No
61252,No
61253,No
61254,No
61255,No
61256,No
61257,Yes
61258,No
61259,No
61260,No
61261,No
61262,No
61263,Yes
61264,No
61265,Yes
61266,No
61267,No
61268,No
61269,Yes
61270,Yes
61271,Yes
61272,Yes
61273,No
61274,No
61275,No
61276,No
61277,Yes
61278,No
61279,No
61280,No
61281,No
61282,No
61283,No
61284,No
61285,Yes
61286,No
61287,No
61288,No
61289,Yes
61290,Yes
61291,No
61292,No
61293,No
61294,Yes
61295,Yes
61296,No
61297,Yes
61298,No
61299,No
61300,No
61301,No
61302,No
61303,No
61304,Yes
61305,No
61306,No
61307,No
61308,Yes
61309,Yes
61310,No
61311,No
61312,No
61313,No
61314,No
61315,No
61316,Yes
61317,No
61318,No
61319,No
61320,No
61321,No
61322,Yes
61323,No
61324,No
61325,No
61326,No
61327,No
61328,Yes
61329,No
61330,Yes
61331,No
61332,Yes
61333,No
61334,No
61335,No
61336,Yes
61337,Yes
61338,No
61339,Yes
61340,No
61341,No
61342,Yes
61343,Yes
61344,No
61345,No
61346,No
61347,No
61348,No
61349,No
61350,No
61351,No
61352,No
61353,No
61354,No
61355,Yes
61356,No
61357,No
61358,No
61359,No
61360,No
61361,Yes
61362,Yes
61363,No
61364,No
61365,Yes
61366,No
61367,No
61368,No
61369,Yes
61370,No
61371,No
61372,No
61373,No
61374,No
61375,No
61376,No
61377,No
61378,Yes
61379,Yes
61380,Yes
61381,No
61382,No
61383,No
61384,No
61385,No
61386,No
61387,Yes
61388,No
61389,Yes
61390,Yes
61391,No
61392,No
61393,Yes
61394,No
61395,No
61396,No
61397,No
61398,No
61399,No
61400,Yes
61401,No
61402,No
61403,No
61404,No
61405,No
61406,No
61407,Yes
61408,No
61409,Yes
61410,No
61411,No
61412,Yes
61413,No
61414,Yes
61415,Yes
61416,No
61417,No
61418,No
61419,Yes
61420,No
61421,No
61422,No
61423,No
61424,No
61425,No
61426,No
61427,No
61428,No
61429,No
61430,No
61431,No
61432,Yes
61433,No
61434,No
61435,No
61436,No
61437,No
61438,Yes
61439,No
61440,No
61441,Yes
61442,No
61443,No
61444,No
61445,No
61446,No
61447,Yes
61448,No
61449,Yes
61450,No
61451,No
61452,No
61453,No
61454,No
61455,No
61456,No
61457,No
61458,No
61459,No
61460,Yes
61461,Yes
61462,Yes
61463,Yes
61464,No
61465,No
61466,No
61467,Yes
61468,No
61469,No
61470,No
61471,No
61472,Yes
61473,No
61474,No
61475,No
61476,No
61477,Yes
61478,No
61479,Yes
61480,No
61481,Yes
61482,Yes
61483,No
61484,No
61485,Yes
61486,No
61487,No
61488,No
61489,Yes
61490,No
61491,Yes
61492,No
61493,No
61494,No
61495,No
61496,No
61497,No
61498,No
61499,No
61500,No
61501,No
61502,No
61503,No
61504,No
61505,No
61506,No
61507,No
61508,No
61509,No
61510,No
61511,No
61512,Yes
61513,No
61514,No
61515,Yes
61516,No
61517,No
61518,No
61519,No
61520,No
61521,No
61522,No
61523,Yes
61524,No
61525,No
61526,No
61527,No
61528,No
61529,No
61530,No
61531,No
61532,No
61533,Yes
61534,No
61535,No
61536,No
61537,Yes
61538,No
61539,Yes
61540,Yes
61541,No
61542,No
61543,No
61544,No
61545,No
61546,Yes
61547,Yes
61548,No
61549,No
61550,Yes
61551,No
61552,Yes
61553,Yes
61554,No
61555,No
61556,No
61557,No
61558,No
61559,No
61560,Yes
61561,No
61562,Yes
61563,Yes
61564,No
61565,Yes
61566,No
61567,No
61568,No
61569,No
61570,No
61571,No
61572,No
61573,Yes
61574,No
61575,No
61576,No
61577,No
61578,No
61579,No
61580,No
61581,No
61582,No
61583,Yes
61584,No
61585,Yes
61586,Yes
61587,No
61588,No
61589,No
61590,No
61591,No
61592,Yes
61593,Yes
61594,No
61595,No
61596,No
61597,No
61598,No
61599,No
61600,No
61601,Yes
61602,No
61603,Yes
61604,No
61605,No
61606,No
61607,No
61608,No
61609,Yes
61610,Yes
61611,No
61612,No
61613,No
61614,No
61615,No
61616,Yes
61617,Yes
61618,No
61619,No
61620,No
61621,No
61622,Yes
61623,No
61624,No
61625,No
61626,No
61627,No
61628,No
61629,Yes
61630,No
61631,No
61632,No
61633,Yes
61634,Yes
61635,Yes
61636,No
61637,Yes
61638,No
61639,No
61640,No
61641,Yes
61642,Yes
61643,No
61644,Yes
61645,Yes
61646,Yes
61647,No
61648,Yes
61649,No
61650,No
61651,No
61652,No
61653,No
61654,No
61655,No
61656,No
61657,No
61658,No
61659,Yes
61660,Yes
61661,Yes
61662,No
61663,No
61664,No
61665,No
61666,Yes
61667,No
61668,No
61669,No
61670,No
61671,Yes
61672,No
61673,No
61674,No
61675,No
61676,No
61677,No
61678,No
61679,No
61680,No
61681,No
61682,No
61683,Yes
61684,No
61685,No
61686,Yes
61687,No
61688,Yes
61689,Yes
61690,No
61691,No
61692,No
61693,No
61694,No
61695,No
61696,No
61697,No
61698,No
61699,Yes
61700,Yes
61701,No
61702,No
61703,No
61704,No
61705,Yes
61706,No
61707,No
61708,No
61709,No
61710,No
61711,No
61712,No
61713,Yes
61714,Yes
61715,Yes
61716,No
61717,No
61718,No
61719,Yes
61720,No
61721,No
61722,No
61723,No
61724,No
61725,No
61726,Yes
61727,Yes
61728,No
61729,No
61730,No
61731,No
61732,No
61733,No
61734,Yes
61735,Yes
61736,No
61737,Yes
61738,No
61739,Yes
61740,No
61741,No
61742,No
61743,Yes
61744,No
61745,No
61746,No
61747,Yes
61748,No
61749,No
61750,No
61751,Yes
61752,Yes
61753,No
61754,Yes
61755,Yes
61756,No
61757,No
61758,No
61759,Yes
61760,No
61761,No
61762,No
61763,Yes
61764,No
61765,No
61766,No
61767,Yes
61768,No
61769,No
61770,Yes
61771,Yes
61772,No
61773,Yes
61774,No
61775,No
61776,Yes
61777,No
61778,No
61779,No
61780,No
61781,Yes
61782,Yes
61783,No
61784,No
61785,No
61786,Yes
61787,No
61788,Yes
61789,No
61790,No
61791,No
61792,No
61793,No
61794,No
61795,No
61796,No
61797,No
61798,No
61799,No
61800,No
61801,No
61802,No
61803,Yes
61804,No
61805,No
61806,Yes
61807,No
61808,No
61809,No
61810,Yes
61811,No
61812,No
61813,No
61814,No
61815,Yes
61816,Yes
61817,No
61818,No
61819,No
61820,Yes
61821,No
61822,No
61823,No
61824,No
61825,Yes
61826,Yes
61827,No
61828,No
61829,Yes
61830,No
61831,No
61832,No
61833,Yes
61834,Yes
61835,Yes
61836,No
61837,No
61838,No
61839,No
61840,Yes
61841,No
61842,No
61843,Yes
61844,No
61845,No
61846,No
61847,No
61848,No
61849,No
61850,No
61851,No
61852,No
61853,No
61854,Yes
61855,Yes
61856,No
61857,No
61858,No
61859,No
61860,Yes
61861,No
61862,No
61863,Yes
61864,No
61865,No
61866,No
61867,No
61868,Yes
61869,No
61870,Yes
61871,Yes
61872,No
61873,No
61874,No
61875,Yes
61876,Yes
61877,No
61878,Yes
61879,No
61880,Yes
61881,Yes
61882,No
61883,No
61884,No
61885,No
61886,No
61887,Yes
61888,Yes
61889,No
61890,No
61891,No
61892,No
61893,No
61894,No
61895,No
61896,No
61897,No
61898,No
61899,No
61900,No
61901,No
61902,No
61903,No
61904,No
61905,No
61906,No
61907,No
61908,No
61909,No
61910,No
61911,No
61912,No
61913,Yes
61914,No
61915,No
61916,No
61917,No
61918,No
61919,No
61920,Yes
61921,No
61922,No
61923,No
61924,No
61925,No
61926,No
61927,No
61928,No
61929,Yes
61930,No
61931,No
61932,No
61933,No
61934,No
61935,No
61936,No
61937,No
61938,Yes
61939,Yes
61940,No
61941,No
61942,No
61943,No
61944,No
61945,No
61946,No
61947,No
61948,No
61949,No
61950,No
61951,No
61952,No
61953,No
61954,Yes
61955,Yes
61956,Yes
61957,No
61958,No
61959,No
61960,No
61961,No
61962,No
61963,Yes
61964,No
61965,No
61966,No
61967,Yes
61968,No
61969,No
61970,No
61971,No
61972,No
61973,Yes
61974,No
61975,No
61976,Yes
61977,Yes
61978,No
61979,No
61980,Yes
61981,No
61982,No
61983,No
61984,No
61985,No
61986,Yes
61987,No
61988,No
61989,No
61990,No
61991,Yes
61992,Yes
61993,Yes
61994,Yes
61995,No
61996,No
61997,No
61998,No
61999,No
62000,No
62001,Yes
62002,Yes
62003,No
62004,No
62005,No
62006,Yes
62007,Yes
62008,No
62009,No
62010,No
62011,No
62012,Yes
62013,No
62014,No
62015,Yes
62016,Yes
62017,No
62018,Yes
62019,No
62020,No
62021,Yes
62022,No
62023,No
62024,No
62025,No
62026,Yes
62027,No
62028,No
62029,No
62030,No
62031,Yes
62032,Yes
62033,No
62034,No
62035,Yes
62036,No
62037,No
62038,Yes
62039,Yes
62040,No
62041,Yes
62042,No
62043,No
62044,No
62045,No
62046,No
62047,No
62048,No
62049,No
62050,No
62051,No
62052,No
62053,Yes
62054,No
62055,No
62056,No
62057,No
62058,No
62059,Yes
62060,Yes
62061,No
62062,No
62063,No
62064,No
62065,Yes
62066,No
62067,Yes
62068,No
62069,Yes
62070,No
62071,No
62072,Yes
62073,No
62074,No
62075,Yes
62076,No
62077,No
62078,No
62079,No
62080,No
62081,No
62082,Yes
62083,No
62084,No
62085,Yes
62086,No
62087,No
62088,No
62089,Yes
62090,No
62091,No
62092,No
62093,No
62094,No
62095,No
62096,No
62097,No
62098,No
62099,No
62100,No
62101,Yes
62102,No
62103,No
62104,Yes
62105,Yes
62106,Yes
62107,No
62108,No
62109,No
62110,No
62111,Yes
62112,Yes
62113,No
62114,No
62115,No
62116,Yes
62117,No
62118,No
62119,No
62120,Yes
62121,No
62122,No
62123,No
62124,No
62125,No
62126,Yes
62127,No
62128,No
62129,No
62130,No
62131,No
62132,No
62133,Yes
62134,Yes
62135,No
62136,No
62137,Yes
62138,No
62139,No
62140,No
62141,Yes
62142,Yes
62143,No
62144,No
62145,Yes
62146,No
62147,Yes
62148,No
62149,No
62150,Yes
62151,No
62152,Yes
62153,No
62154,Yes
62155,Yes
62156,No
62157,No
62158,Yes
62159,No
62160,No
62161,No
62162,No
62163,No
62164,No
62165,No
62166,No
62167,No
62168,No
62169,Yes
62170,Yes
62171,No
62172,No
62173,No
62174,No
62175,No
62176,Yes
62177,Yes
62178,No
62179,Yes
62180,No
62181,Yes
62182,No
62183,Yes
62184,No
62185,No
62186,No
62187,No
62188,No
62189,No
62190,No
62191,No
62192,No
62193,No
62194,No
62195,No
62196,No
62197,No
62198,No
62199,Yes
62200,Yes
62201,Yes
62202,Yes
62203,No
62204,No
62205,No
62206,Yes
62207,No
62208,No
62209,No
62210,No
62211,No
62212,Yes
62213,Yes
62214,No
62215,No
62216,Yes
62217,No
62218,No
62219,Yes
62220,No
62221,Yes
62222,No
62223,Yes
62224,No
62225,Yes
62226,No
62227,No
62228,No
62229,No
62230,No
62231,No
62232,No
62233,No
62234,No
62235,No
62236,No
62237,Yes
62238,No
62239,Yes
62240,Yes
62241,No
62242,No
62243,Yes
62244,No
62245,Yes
62246,No
62247,No
62248,No
62249,No
62250,No
62251,No
62252,No
62253,No
62254,No
62255,No
62256,No
62257,No
62258,No
62259,No
62260,Yes
62261,Yes
62262,No
62263,Yes
62264,Yes
62265,No
62266,No
62267,No
62268,No
62269,No
62270,No
62271,Yes
62272,No
62273,Yes
62274,No
62275,No
62276,Yes
62277,No
62278,Yes
62279,Yes
62280,No
62281,No
62282,No
62283,No
62284,No
62285,No
62286,No
62287,Yes
62288,No
62289,Yes
62290,No
62291,No
62292,No
62293,No
62294,Yes
62295,No
62296,Yes
62297,No
62298,No
62299,No
62300,No
62301,Yes
62302,No
62303,No
62304,No
62305,Yes
62306,No
62307,Yes
62308,Yes
62309,No
62310,Yes
62311,No
62312,Yes
62313,No
62314,No
62315,No
62316,Yes
62317,Yes
62318,No
62319,Yes
62320,No
62321,Yes
62322,Yes
62323,No
62324,No
62325,No
62326,No
62327,No
62328,No
62329,No
62330,No
62331,No
62332,No
62333,No
62334,No
62335,Yes
62336,No
62337,No
62338,No
62339,No
62340,Yes
62341,Yes
62342,Yes
62343,Yes
62344,No
62345,No
62346,No
62347,Yes
62348,No
62349,No
62350,No
62351,Yes
62352,No
62353,No
62354,No
62355,Yes
62356,Yes
62357,Yes
62358,No
62359,No
62360,No
62361,No
62362,No
62363,No
62364,No
62365,No
62366,Yes
62367,No
62368,No
62369,No
62370,No
62371,Yes
62372,No
62373,No
62374,No
62375,Yes
62376,No
62377,Yes
62378,Yes
62379,No
62380,No
62381,Yes
62382,No
62383,No
62384,No
62385,No
62386,No
62387,No
62388,Yes
62389,No
62390,No
62391,No
62392,No
62393,Yes
62394,No
62395,No
62396,No
62397,No
62398,No
62399,Yes
62400,Yes
62401,No
62402,No
62403,No
62404,No
62405,Yes
62406,Yes
62407,Yes
62408,No
62409,No
62410,No
62411,No
62412,No
62413,Yes
62414,No
62415,No
62416,Yes
62417,Yes
62418,No
62419,No
62420,Yes
62421,No
62422,No
62423,Yes
62424,No
62425,No
62426,No
62427,Yes
62428,No
62429,No
62430,No
62431,No
62432,Yes
62433,No
62434,No
62435,No
62436,No
62437,No
62438,No
62439,No
62440,Yes
62441,Yes
62442,No
62443,No
62444,No
62445,No
62446,No
62447,No
62448,No
62449,No
62450,No
62451,No
62452,No
62453,Yes
62454,No
62455,No
62456,Yes
62457,Yes
62458,No
62459,No
62460,No
62461,No
62462,Yes
62463,Yes
62464,No
62465,No
62466,No
62467,No
62468,No
62469,No
62470,Yes
62471,No
62472,No
62473,Yes
62474,Yes
62475,No
62476,Yes
62477,Yes
62478,Yes
62479,No
62480,Yes
62481,No
62482,No
62483,No
62484,No
62485,Yes
62486,No
62487,Yes
62488,No
62489,No
62490,No
62491,Yes
62492,Yes
62493,Yes
62494,No
62495,No
62496,Yes
62497,No
62498,No
62499,No
62500,No
62501,No
62502,No
62503,No
62504,No
62505,No
62506,Yes
62507,Yes
62508,No
62509,No
62510,Yes
62511,No
62512,No
62513,Yes
62514,No
62515,No
62516,Yes
62517,Yes
62518,No
62519,No
62520,No
62521,No
62522,No
62523,Yes
62524,No
62525,No
62526,No
62527,Yes
62528,Yes
62529,Yes
62530,Yes
62531,No
62532,No
62533,No
62534,Yes
62535,No
62536,No
62537,Yes
62538,No
62539,Yes
62540,No
62541,Yes
62542,No
62543,No
62544,Yes
62545,No
62546,No
62547,No
62548,No
62549,Yes
62550,No
62551,No
62552,Yes
62553,No
62554,No
62555,No
62556,No
62557,No
62558,Yes
62559,No
62560,No
62561,Yes
62562,No
62563,No
62564,No
62565,No
62566,Yes
62567,Yes
62568,No
62569,No
62570,No
62571,No
62572,No
62573,No
62574,No
62575,Yes
62576,No
62577,No
62578,Yes
62579,No
62580,No
62581,No
62582,No
62583,No
62584,No
62585,No
62586,No
62587,Yes
62588,No
62589,Yes
62590,No
62591,No
62592,No
62593,No
62594,No
62595,No
62596,Yes
62597,No
62598,No
62599,No
62600,No
62601,Yes
62602,Yes
62603,No
62604,Yes
62605,No
62606,No
62607,No
62608,No
62609,Yes
62610,Yes
62611,No
62612,Yes
62613,No
62614,No
62615,No
62616,Yes
62617,Yes
62618,No
62619,No
62620,No
62621,No
62622,No
62623,No
62624,No
62625,No
62626,Yes
62627,No
62628,Yes
62629,Yes
62630,No
62631,Yes
62632,No
62633,Yes
62634,Yes
62635,No
62636,No
62637,No
62638,No
62639,No
62640,No
62641,Yes
62642,Yes
62643,No
62644,Yes
62645,No
62646,No
62647,No
62648,Yes
62649,No
62650,Yes
62651,Yes
62652,Yes
62653,No
62654,Yes
62655,No
62656,No
62657,No
62658,No
62659,No
62660,No
62661,Yes
62662,No
62663,No
62664,Yes
62665,No
62666,No
62667,No
62668,No
62669,No
62670,No
62671,No
62672,No
62673,No
62674,No
62675,No
62676,No
62677,Yes
62678,Yes
62679,No
62680,No
62681,Yes
62682,No
62683,No
62684,No
62685,Yes
62686,No
62687,No
62688,Yes
62689,No
62690,No
62691,No
62692,Yes
62693,No
62694,No
62695,No
62696,No
62697,Yes
62698,No
62699,No
62700,No
62701,Yes
62702,No
62703,No
62704,Yes
62705,Yes
62706,Yes
62707,No
62708,Yes
62709,Yes
62710,No
62711,Yes
62712,No
62713,Yes
62714,No
62715,Yes
62716,No
62717,No
62718,No
62719,No
62720,No
62721,Yes
62722,Yes
62723,No
62724,No
62725,Yes
62726,No
62727,No
62728,No
62729,No
62730,No
62731,No
62732,No
62733,No
62734,No
62735,No
62736,No
62737,No
62738,Yes
62739,Yes
62740,No
62741,No
62742,No
62743,Yes
62744,No
62745,No
62746,No
62747,No
62748,No
62749,No
62750,Yes
62751,Yes
62752,No
62753,No
62754,No
62755,No
62756,No
62757,Yes
62758,No
62759,No
62760,No
62761,Yes
62762,No
62763,No
62764,No
62765,No
62766,No
62767,No
62768,Yes
62769,No
62770,No
62771,No
62772,No
62773,No
62774,No
62775,Yes
62776,No
62777,No
62778,No
62779,Yes
62780,No
62781,No
62782,No
62783,No
62784,No
62785,Yes
62786,No
62787,No
62788,Yes
62789,Yes
62790,Yes
62791,No
62792,Yes
62793,No
62794,No
62795,Yes
62796,Yes
62797,No
62798,No
62799,No
62800,No
62801,No
62802,No
62803,No
62804,No
62805,No
62806,No
62807,Yes
62808,Yes
62809,Yes
62810,No
62811,Yes
62812,No
62813,No
62814,Yes
62815,Yes
62816,Yes
62817,No
62818,No
62819,Yes
62820,No
62821,No
62822,No
62823,No
62824,No
62825,No
62826,Yes
62827,No
62828,No
62829,No
62830,No
62831,No
62832,No
62833,Yes
62834,No
62835,No
62836,No
62837,No
62838,No
62839,No
62840,No
62841,No
62842,No
62843,No
62844,No
62845,Yes
62846,Yes
62847,No
62848,No
62849,Yes
62850,No
62851,No
62852,No
62853,No
62854,Yes
62855,No
62856,No
62857,Yes
62858,No
62859,No
62860,Yes
62861,No
62862,No
62863,No
62864,No
62865,Yes
62866,Yes
62867,No
62868,No
62869,No
62870,No
62871,No
62872,No
62873,No
62874,No
62875,No
62876,Yes
62877,Yes
62878,Yes
62879,No
62880,No
62881,No
62882,No
62883,No
62884,No
62885,Yes
62886,No
62887,No
62888,Yes
62889,No
62890,No
62891,No
62892,No
62893,No
62894,No
62895,No
62896,No
62897,Yes
62898,Yes
62899,No
62900,No
62901,Yes
62902,Yes
62903,Yes
62904,No
62905,No
62906,No
62907,No
62908,No
62909,No
62910,No
62911,Yes
62912,Yes
62913,No
62914,No
62915,No
62916,No
62917,No
62918,Yes
62919,Yes
62920,Yes
62921,Yes
62922,No
62923,No
62924,No
62925,Yes
62926,No
62927,Yes
62928,No
62929,Yes
62930,No
62931,Yes
62932,No
62933,No
62934,No
62935,No
62936,No
62937,Yes
62938,No
62939,Yes
62940,No
62941,No
62942,No
62943,No
62944,No
62945,Yes
62946,No
62947,Yes
62948,No
62949,No
62950,No
62951,No
62952,No
62953,No
62954,No
62955,Yes
62956,No
62957,No
62958,No
62959,No
62960,No
62961,No
62962,Yes
62963,No
62964,No
62965,No
62966,No
62967,Yes
62968,No
62969,No
62970,No
62971,No
62972,No
62973,No
62974,No
62975,Yes
62976,No
62977,Yes
62978,No
62979,Yes
62980,No
62981,No
62982,No
62983,No
62984,No
62985,No
62986,No
62987,Yes
62988,Yes
62989,No
62990,No
62991,No
62992,No
62993,No
62994,Yes
62995,Yes
62996,No
62997,No
62998,No
62999,No
63000,Yes
63001,No
63002,No
63003,No
63004,No
63005,No
63006,Yes
63007,No
63008,No
63009,No
63010,No
63011,No
63012,No
63013,No
63014,No
63015,Yes
63016,Yes
63017,No
63018,No
63019,No
63020,No
63021,No
63022,Yes
63023,No
63024,No
63025,No
63026,No
63027,No
63028,No
63029,No
63030,No
63031,No
63032,No
63033,No
63034,No
63035,No
63036,No
63037,No
63038,No
63039,No
63040,No
63041,Yes
63042,No
63043,Yes
63044,No
63045,Yes
63046,No
63047,Yes
63048,Yes
63049,No
63050,Yes
63051,No
63052,Yes
63053,No
63054,No
63055,Yes
63056,No
63057,Yes
63058,No
63059,Yes
63060,No
63061,No
63062,No
63063,No
63064,No
63065,No
63066,No
63067,No
63068,No
63069,Yes
63070,No
63071,No
63072,Yes
63073,Yes
63074,No
63075,Yes
63076,No
63077,No
63078,No
63079,No
63080,No
63081,Yes
63082,No
63083,No
63084,No
63085,No
63086,No
63087,No
63088,Yes
63089,No
63090,Yes
63091,Yes
63092,No
63093,No
63094,No
63095,Yes
63096,Yes
63097,No
63098,No
63099,No
63100,Yes
63101,No
63102,Yes
63103,No
63104,No
63105,No
63106,Yes
63107,Yes
63108,No
63109,Yes
63110,No
63111,No
63112,No
63113,Yes
63114,No
63115,No
63116,No
63117,Yes
63118,No
63119,Yes
63120,No
63121,No
63122,No
63123,No
63124,No
63125,No
63126,Yes
63127,Yes
63128,No
63129,No
63130,Yes
63131,Yes
63132,No
63133,No
63134,No
63135,No
63136,No
63137,Yes
63138,No
63139,Yes
63140,No
63141,No
63142,No
63143,Yes
63144,No
63145,No
63146,No
63147,No
63148,Yes
63149,No
63150,Yes
63151,No
63152,No
63153,No
63154,No
63155,Yes
63156,Yes
63157,No
63158,No
63159,No
63160,Yes
63161,No
63162,No
63163,Yes
63164,Yes
63165,No
63166,No
63167,No
63168,Yes
63169,No
63170,No
63171,Yes
63172,No
63173,No
63174,No
63175,Yes
63176,No
63177,Yes
63178,Yes
63179,No
63180,Yes
63181,No
63182,Yes
63183,No
63184,No
63185,Yes
63186,No
63187,Yes
63188,No
63189,No
63190,Yes
63191,No
63192,Yes
63193,No
63194,No
63195,Yes
63196,Yes
63197,No
63198,No
63199,No
63200,Yes
63201,No
63202,Yes
63203,Yes
63204,Yes
63205,Yes
63206,No
63207,No
63208,No
63209,Yes
63210,No
63211,Yes
63212,Yes
63213,No
63214,No
63215,No
63216,Yes
63217,No
63218,No
63219,Yes
63220,No
63221,Yes
63222,Yes
63223,No
63224,No
63225,No
63226,No
63227,No
63228,No
63229,Yes
63230,No
63231,No
63232,No
63233,Yes
63234,No
63235,No
63236,No
63237,No
63238,No
63239,No
63240,No
63241,No
63242,No
63243,No
63244,No
63245,Yes
63246,No
63247,Yes
63248,Yes
63249,No
63250,No
63251,Yes
63252,No
63253,Yes
63254,Yes
63255,No
63256,No
63257,No
63258,No
63259,No
63260,No
63261,No
63262,No
63263,No
63264,No
63265,Yes
63266,No
63267,No
63268,No
63269,No
63270,No
63271,No
63272,Yes
63273,Yes
63274,No
63275,No
63276,Yes
63277,No
63278,No
63279,No
63280,No
63281,No
63282,Yes
63283,No
63284,No
63285,Yes
63286,Yes
63287,No
63288,Yes
63289,No
63290,No
63291,No
63292,No
63293,No
63294,No
63295,No
63296,No
63297,No
63298,Yes
63299,No
63300,No
63301,No
63302,No
63303,No
63304,Yes
63305,Yes
63306,No
63307,No
63308,No
63309,No
63310,No
63311,No
63312,No
63313,No
63314,No
63315,No
63316,No
63317,No
63318,Yes
63319,Yes
63320,Yes
63321,No
63322,No
63323,Yes
63324,No
63325,No
63326,No
63327,Yes
63328,No
63329,Yes
63330,No
63331,No
63332,Yes
63333,Yes
63334,Yes
63335,No
63336,Yes
63337,No
63338,No
63339,No
63340,No
63341,No
63342,No
63343,No
63344,No
63345,No
63346,Yes
63347,No
63348,No
63349,No
63350,No
63351,No
63352,Yes
63353,No
63354,No
63355,Yes
63356,No
63357,No
63358,No
63359,Yes
63360,No
63361,No
63362,No
63363,No
63364,No
63365,No
63366,No
63367,No
63368,No
63369,No
63370,Yes
63371,No
63372,No
63373,No
63374,Yes
63375,No
63376,No
63377,Yes
63378,Yes
63379,No
63380,No
63381,No
63382,Yes
63383,No
63384,No
63385,No
63386,No
63387,Yes
63388,Yes
63389,No
63390,No
63391,No
63392,No
63393,Yes
63394,No
63395,Yes
63396,No
63397,No
63398,Yes
63399,No
63400,No
63401,Yes
63402,No
63403,No
63404,Yes
63405,Yes
63406,No
63407,No
63408,No
63409,No
63410,No
63411,No
63412,No
63413,Yes
63414,Yes
63415,No
63416,No
63417,No
63418,Yes
63419,No
63420,Yes
63421,No
63422,No
63423,No
63424,Yes
63425,No
63426,No
63427,No
63428,Yes
63429,No
63430,No
63431,No
63432,Yes
63433,Yes
63434,Yes
63435,No
63436,No
63437,No
63438,Yes
63439,Yes
63440,Yes
63441,No
63442,Yes
63443,No
63444,Yes
63445,No
63446,Yes
63447,No
63448,No
63449,Yes
63450,No
63451,No
63452,No
63453,No
63454,No
63455,Yes
63456,No
63457,Yes
63458,No
63459,No
63460,Yes
63461,No
63462,No
63463,Yes
63464,Yes
63465,No
63466,No
63467,No
63468,No
63469,Yes
63470,No
63471,No
63472,Yes
63473,No
63474,No
63475,No
63476,No
63477,No
63478,No
63479,Yes
63480,No
63481,No
63482,No
63483,Yes
63484,Yes
63485,Yes
63486,Yes
63487,No
63488,No
63489,No
63490,No
63491,No
63492,No
63493,No
63494,No
63495,Yes
63496,Yes
63497,Yes
63498,No
63499,Yes
63500,Yes
63501,No
63502,No
63503,No
63504,No
63505,No
63506,No
63507,No
63508,No
63509,No
63510,Yes
63511,No
63512,Yes
63513,No
63514,No
63515,No
63516,No
63517,Yes
63518,No
63519,No
63520,No
63521,Yes
63522,No
63523,No
63524,No
63525,No
63526,No
63527,No
63528,No
63529,No
63530,No
63531,No
63532,No
63533,No
63534,No
63535,No
63536,No
63537,Yes
63538,No
63539,No
63540,Yes
63541,Yes
63542,Yes
63543,Yes
63544,No
63545,No
63546,No
63547,No
63548,No
63549,No
63550,Yes
63551,No
63552,Yes
63553,No
63554,Yes
63555,No
63556,No
63557,No
63558,No
63559,No
63560,No
63561,No
63562,No
63563,No
63564,Yes
63565,No
63566,No
63567,No
63568,No
63569,No
63570,Yes
63571,No
63572,No
63573,Yes
63574,Yes
63575,Yes
63576,No
63577,No
63578,No
63579,Yes
63580,No
63581,No
63582,Yes
63583,No
63584,Yes
63585,No
63586,Yes
63587,No
63588,Yes
63589,Yes
63590,Yes
63591,Yes
63592,Yes
63593,No
63594,No
63595,No
63596,No
63597,Yes
63598,Yes
63599,No
63600,No
63601,No
63602,Yes
63603,Yes
63604,Yes
63605,Yes
63606,Yes
63607,Yes
63608,No
63609,No
63610,Yes
63611,No
63612,No
63613,Yes
63614,No
63615,No
63616,Yes
63617,Yes
63618,No
63619,No
63620,No
63621,Yes
63622,No
63623,No
63624,No
63625,No
63626,No
63627,No
63628,No
63629,No
63630,No
63631,No
63632,Yes
63633,No
63634,Yes
63635,No
63636,Yes
63637,No
63638,No
63639,Yes
63640,Yes
63641,Yes
63642,No
63643,No
63644,No
63645,Yes
63646,Yes
63647,No
63648,Yes
63649,No
63650,No
63651,Yes
63652,Yes
63653,No
63654,No
63655,No
63656,No
63657,No
63658,No
63659,No
63660,No
63661,Yes
63662,Yes
63663,No
63664,No
63665,No
63666,No
63667,No
63668,No
63669,No
63670,No
63671,Yes
63672,No
63673,No
63674,No
63675,No
63676,No
63677,No
63678,No
63679,No
63680,Yes
63681,No
63682,No
63683,No
63684,No
63685,No
63686,Yes
63687,Yes
63688,No
63689,No
63690,No
63691,No
63692,No
63693,No
63694,No
63695,No
63696,No
63697,Yes
63698,No
63699,Yes
63700,No
63701,No
63702,Yes
63703,No
63704,No
63705,Yes
63706,No
63707,No
63708,No
63709,No
63710,No
63711,No
63712,Yes
63713,No
63714,No
63715,No
63716,No
63717,No
63718,No
63719,No
63720,No
63721,No
63722,No
63723,No
63724,No
63725,No
63726,No
63727,Yes
63728,No
63729,No
63730,No
63731,No
63732,No
63733,No
63734,No
63735,No
63736,No
63737,No
63738,Yes
63739,No
63740,Yes
63741,No
63742,No
63743,No
63744,No
63745,No
63746,Yes
63747,No
63748,No
63749,No
63750,No
63751,No
63752,No
63753,No
63754,Yes
63755,Yes
63756,No
63757,No
63758,Yes
63759,No
63760,No
63761,No
63762,No
63763,No
63764,No
63765,No
63766,No
63767,No
63768,No
63769,No
63770,No
63771,No
63772,Yes
63773,No
63774,No
63775,No
63776,No
63777,No
63778,Yes
63779,No
63780,Yes
63781,No
63782,No
63783,No
63784,No
63785,No
63786,Yes
63787,Yes
63788,No
63789,Yes
63790,No
63791,No
63792,No
63793,No
63794,No
63795,No
63796,No
63797,Yes
63798,No
63799,No
63800,No
63801,No
63802,Yes
63803,No
63804,No
63805,No
63806,No
63807,Yes
63808,Yes
63809,No
63810,No
63811,Yes
63812,No
63813,Yes
63814,No
63815,Yes
63816,No
63817,Yes
63818,Yes
63819,No
63820,No
63821,No
63822,No
63823,No
63824,No
63825,No
63826,No
63827,No
63828,No
63829,No
63830,No
63831,Yes
63832,Yes
63833,No
63834,Yes
63835,No
63836,No
63837,No
63838,No
63839,No
63840,No
63841,No
63842,Yes
63843,No
63844,No
63845,No
63846,No
63847,Yes
63848,No
63849,No
63850,Yes
63851,No
63852,No
63853,Yes
63854,No
63855,No
63856,No
63857,No
63858,No
63859,Yes
63860,No
63861,No
63862,Yes
63863,No
63864,No
63865,No
63866,No
63867,No
63868,Yes
63869,No
63870,Yes
63871,No
63872,No
63873,No
63874,No
63875,No
63876,No
63877,Yes
63878,No
63879,No
63880,No
63881,No
63882,No
63883,Yes
63884,No
63885,No
63886,No
63887,Yes
63888,Yes
63889,No
63890,Yes
63891,No
63892,No
63893,No
63894,No
63895,No
63896,No
63897,No
63898,No
63899,No
63900,Yes
63901,No
63902,No
63903,No
63904,Yes
63905,No
63906,Yes
63907,No
63908,Yes
63909,No
63910,No
63911,No
63912,Yes
63913,No
63914,Yes
63915,Yes
63916,No
63917,Yes
63918,No
63919,No
63920,No
63921,No
63922,No
63923,No
63924,No
63925,No
63926,No
63927,No
63928,Yes
63929,No
63930,No
63931,No
63932,Yes
63933,No
63934,Yes
63935,No
63936,No
63937,Yes
63938,No
63939,Yes
63940,No
63941,Yes
63942,Yes
63943,Yes
63944,Yes
63945,No
63946,No
63947,No
63948,No
63949,Yes
63950,No
63951,No
63952,No
63953,No
63954,No
63955,No
63956,Yes
63957,No
63958,No
63959,Yes
63960,Yes
63961,No
63962,No
63963,No
63964,Yes
63965,No
63966,No
63967,No
63968,No
63969,No
63970,No
63971,No
63972,No
63973,No
63974,No
63975,No
63976,Yes
63977,No
63978,Yes
63979,No
63980,No
63981,No
63982,No
63983,No
63984,No
63985,Yes
63986,No
63987,Yes
63988,No
63989,No
63990,No
63991,No
63992,No
63993,No
63994,No
63995,No
63996,No
63997,No
63998,Yes
63999,No
64000,No
64001,No
64002,No
64003,No
64004,No
64005,No
64006,Yes
64007,No
64008,Yes
64009,Yes
64010,No
64011,Yes
64012,No
64013,No
64014,No
64015,Yes
64016,No
64017,No
64018,No
64019,No
64020,Yes
64021,Yes
64022,No
64023,Yes
64024,No
64025,No
64026,No
64027,No
64028,No
64029,Yes
64030,Yes
64031,No
64032,No
64033,No
64034,No
64035,No
64036,No
64037,Yes
64038,No
64039,No
64040,No
64041,Yes
64042,No
64043,No
64044,No
64045,Yes
64046,Yes
64047,No
64048,Yes
64049,No
64050,No
64051,No
64052,No
64053,No
64054,No
64055,No
64056,No
64057,No
64058,Yes
64059,Yes
64060,Yes
64061,No
64062,No
64063,No
64064,Yes
64065,No
64066,No
64067,Yes
64068,No
64069,No
64070,Yes
64071,Yes
64072,No
64073,No
64074,Yes
64075,No
64076,Yes
64077,No
64078,Yes
64079,Yes
64080,Yes
64081,No
64082,No
64083,Yes
64084,No
64085,No
64086,Yes
64087,No
64088,No
64089,Yes
64090,No
64091,No
64092,No
64093,No
64094,No
64095,No
64096,Yes
64097,No
64098,No
64099,Yes
64100,No
64101,No
64102,Yes
64103,Yes
64104,No
64105,No
64106,No
64107,No
64108,No
64109,Yes
64110,No
64111,No
64112,No
64113,No
64114,No
64115,No
64116,No
64117,Yes
64118,Yes
64119,No
64120,No
64121,No
64122,Yes
64123,No
64124,No
64125,No
64126,Yes
64127,Yes
64128,No
64129,No
64130,Yes
64131,No
64132,No
64133,Yes
64134,No
64135,No
64136,No
64137,Yes
64138,Yes
64139,No
64140,No
64141,No
64142,No
64143,No
64144,Yes
64145,Yes
64146,Yes
64147,No
64148,No
64149,No
64150,No
64151,No
64152,Yes
64153,No
64154,Yes
64155,No
64156,No
64157,Yes
64158,No
64159,Yes
64160,Yes
64161,No
64162,No
64163,No
64164,No
64165,No
64166,Yes
64167,No
64168,No
64169,No
64170,No
64171,No
64172,Yes
64173,No
64174,No
64175,No
64176,No
64177,No
64178,No
64179,No
64180,No
64181,No
64182,No
64183,Yes
64184,Yes
64185,No
64186,No
64187,Yes
64188,Yes
64189,No
64190,No
64191,No
64192,No
64193,No
64194,No
64195,No
64196,No
64197,Yes
64198,No
64199,No
64200,No
64201,Yes
64202,No
64203,Yes
64204,Yes
64205,No
64206,No
64207,No
64208,No
64209,No
64210,No
64211,Yes
64212,No
64213,No
64214,No
64215,No
64216,Yes
64217,No
64218,No
64219,No
64220,Yes
64221,No
64222,No
64223,No
64224,No
64225,Yes
64226,No
64227,No
64228,Yes
64229,Yes
64230,No
64231,No
64232,No
64233,No
64234,No
64235,Yes
64236,No
64237,No
64238,Yes
64239,No
64240,No
64241,No
64242,Yes
64243,No
64244,No
64245,No
64246,No
64247,No
64248,No
64249,No
64250,No
64251,Yes
64252,No
64253,Yes
64254,Yes
64255,No
64256,No
64257,Yes
64258,No
64259,No
64260,Yes
64261,No
64262,Yes
64263,No
64264,No
64265,No
64266,Yes
64267,Yes
64268,No
64269,Yes
64270,Yes
64271,No
64272,No
64273,Yes
64274,No
64275,No
64276,Yes
64277,No
64278,Yes
64279,No
64280,Yes
64281,No
64282,Yes
64283,Yes
64284,Yes
64285,No
64286,No
64287,No
64288,No
64289,No
64290,No
64291,Yes
64292,Yes
64293,No
64294,No
64295,No
64296,Yes
64297,Yes
64298,No
64299,Yes
64300,No
64301,No
64302,No
64303,Yes
64304,No
64305,No
64306,Yes
64307,No
64308,No
64309,Yes
64310,No
64311,Yes
64312,No
64313,No
64314,Yes
64315,No
64316,No
64317,No
64318,Yes
64319,No
64320,No
64321,No
64322,No
64323,No
64324,No
64325,Yes
64326,No
64327,No
64328,No
64329,No
64330,Yes
64331,No
64332,No
64333,Yes
64334,No
64335,No
64336,No
64337,Yes
64338,No
64339,Yes
64340,No
64341,No
64342,No
64343,No
64344,No
64345,No
64346,Yes
64347,No
64348,No
64349,Yes
64350,No
64351,Yes
64352,No
64353,No
64354,Yes
64355,Yes
64356,No
64357,No
64358,No
64359,No
64360,No
64361,No
64362,No
64363,No
64364,No
64365,Yes
64366,Yes
64367,No
64368,No
64369,Yes
64370,No
64371,Yes
64372,Yes
64373,Yes
64374,No
64375,No
64376,Yes
64377,No
64378,No
64379,No
64380,No
64381,No
64382,No
64383,No
64384,No
64385,No
64386,No
64387,Yes
64388,No
64389,No
64390,Yes
64391,Yes
64392,No
64393,No
64394,No
64395,No
64396,Yes
64397,No
64398,No
64399,Yes
64400,No
64401,No
64402,No
64403,No
64404,Yes
64405,No
64406,No
64407,No
64408,No
64409,No
64410,Yes
64411,No
64412,No
64413,Yes
64414,No
64415,Yes
64416,No
64417,Yes
64418,No
64419,No
64420,No
64421,No
64422,Yes
64423,No
64424,No
64425,No
64426,No
64427,No
64428,Yes
64429,Yes
64430,No
64431,No
64432,Yes
64433,No
64434,No
64435,No
64436,No
64437,No
64438,No
64439,Yes
64440,No
64441,No
64442,No
64443,No
64444,No
64445,No
64446,Yes
64447,Yes
64448,Yes
64449,No
64450,No
64451,No
64452,No
64453,No
64454,No
64455,No
64456,No
64457,No
64458,No
64459,Yes
64460,No
64461,No
64462,No
64463,No
64464,No
64465,No
64466,Yes
64467,Yes
64468,Yes
64469,No
64470,No
64471,No
64472,No
64473,Yes
64474,No
64475,No
64476,No
64477,Yes
64478,No
64479,No
64480,No
64481,No
64482,No
64483,No
64484,No
64485,No
64486,Yes
64487,Yes
64488,No
64489,No
64490,Yes
64491,Yes
64492,No
64493,No
64494,No
64495,No
64496,Yes
64497,No
64498,Yes
64499,No
64500,Yes
64501,No
64502,No
64503,No
64504,No
64505,No
64506,No
64507,No
64508,No
64509,Yes
64510,No
64511,No
64512,No
64513,No
64514,Yes
64515,Yes
64516,No
64517,Yes
64518,Yes
64519,No
64520,No
64521,No
64522,No
64523,No
64524,No
64525,Yes
64526,Yes
64527,No
64528,No
64529,No
64530,No
64531,No
64532,No
64533,No
64534,No
64535,Yes
64536,No
64537,No
64538,No
64539,No
64540,No
64541,No
64542,No
64543,No
64544,No
64545,No
64546,Yes
64547,No
64548,No
64549,No
64550,No
64551,Yes
64552,Yes
64553,No
64554,Yes
64555,No
64556,No
64557,No
64558,Yes
64559,No
64560,No
64561,No
64562,No
64563,Yes
64564,No
64565,Yes
64566,No
64567,No
64568,No
64569,No
64570,Yes
64571,No
64572,No
64573,Yes
64574,Yes
64575,No
64576,No
64577,No
64578,No
64579,Yes
64580,No
64581,Yes
64582,No
64583,No
64584,Yes
64585,No
64586,No
64587,No
64588,No
64589,Yes
64590,No
64591,No
64592,Yes
64593,No
64594,No
64595,No
64596,Yes
64597,Yes
64598,No
64599,Yes
64600,No
64601,Yes
64602,No
64603,No
64604,No
64605,No
64606,No
64607,No
64608,No
64609,No
64610,No
64611,No
64612,Yes
64613,No
64614,No
64615,No
64616,Yes
64617,No
64618,No
64619,Yes
64620,No
64621,Yes
64622,No
64623,No
64624,No
64625,Yes
64626,No
64627,No
64628,Yes
64629,No
64630,No
64631,No
64632,Yes
64633,No
64634,No
64635,Yes
64636,No
64637,No
64638,No
64639,No
64640,No
64641,No
64642,No
64643,Yes
64644,Yes
64645,No
64646,No
64647,No
64648,Yes
64649,No
64650,No
64651,No
64652,Yes
64653,No
64654,Yes
64655,No
64656,Yes
64657,No
64658,Yes
64659,No
64660,Yes
64661,No
64662,Yes
64663,Yes
64664,No
64665,No
64666,No
64667,Yes
64668,No
64669,No
64670,No
64671,No
64672,No
64673,No
64674,No
64675,No
64676,No
64677,No
64678,No
64679,No
64680,No
64681,Yes
64682,No
64683,Yes
64684,No
64685,No
64686,No
64687,No
64688,No
64689,No
64690,No
64691,No
64692,No
64693,No
64694,No
64695,Yes
64696,Yes
64697,No
64698,Yes
64699,No
64700,No
64701,No
64702,No
64703,Yes
64704,No
64705,No
64706,No
64707,Yes
64708,Yes
64709,No
64710,Yes
64711,No
64712,No
64713,Yes
64714,No
64715,Yes
64716,Yes
64717,Yes
64718,No
64719,No
64720,Yes
64721,No
64722,No
64723,No
64724,Yes
64725,No
64726,No
64727,No
64728,No
64729,No
64730,Yes
64731,No
64732,No
64733,No
64734,Yes
64735,No
64736,No
64737,Yes
64738,No
64739,No
64740,No
64741,No
64742,Yes
64743,No
64744,No
64745,Yes
64746,No
64747,No
64748,Yes
64749,No
64750,Yes
64751,Yes
64752,No
64753,No
64754,No
64755,No
64756,No
64757,No
64758,Yes
64759,No
64760,Yes
64761,No
64762,No
64763,Yes
64764,No
64765,No
64766,Yes
64767,Yes
64768,No
64769,Yes
64770,No
64771,Yes
64772,No
64773,Yes
64774,Yes
64775,No
64776,No
64777,No
64778,No
64779,No
64780,Yes
64781,No
64782,No
64783,No
64784,No
64785,No
64786,No
64787,Yes
64788,Yes
64789,No
64790,No
64791,Yes
64792,No
64793,Yes
64794,No
64795,No
64796,No
64797,No
64798,Yes
64799,Yes
64800,No
64801,No
64802,Yes
64803,No
64804,No
64805,No
64806,No
64807,Yes
64808,No
64809,No
64810,No
64811,No
64812,Yes
64813,Yes
64814,Yes
64815,No
64816,No
64817,No
64818,Yes
64819,No
64820,No
64821,No
64822,No
64823,No
64824,No
64825,No
64826,No
64827,No
64828,No
64829,No
64830,No
64831,Yes
64832,Yes
64833,No
64834,Yes
64835,No
64836,No
64837,Yes
64838,No
64839,Yes
64840,No
64841,No
64842,No
64843,No
64844,No
64845,No
64846,No
64847,No
64848,Yes
64849,Yes
64850,No
64851,No
64852,No
64853,No
64854,No
64855,No
64856,Yes
64857,No
64858,No
64859,No
64860,No
64861,No
64862,No
64863,No
64864,No
64865,No
64866,No
64867,No
64868,Yes
64869,Yes
64870,No
64871,Yes
64872,Yes
64873,No
64874,Yes
64875,No
64876,No
64877,Yes
64878,No
64879,No
64880,No
64881,No
64882,No
64883,Yes
64884,Yes
64885,No
64886,Yes
64887,No
64888,No
64889,Yes
64890,No
64891,Yes
64892,No
64893,No
64894,Yes
64895,No
64896,No
64897,No
64898,No
64899,No
64900,No
64901,No
64902,No
64903,No
64904,No
64905,Yes
64906,No
64907,No
64908,No
64909,No
64910,No
64911,No
64912,No
64913,Yes
64914,Yes
64915,Yes
64916,No
64917,No
64918,No
64919,No
64920,No
64921,No
64922,No
64923,No
64924,Yes
64925,No
64926,No
64927,No
64928,No
64929,No
64930,Yes
64931,No
64932,No
64933,No
64934,No
64935,Yes
64936,No
64937,No
64938,No
64939,No
64940,No
64941,Yes
64942,No
64943,Yes
64944,Yes
64945,No
64946,No
64947,Yes
64948,Yes
64949,No
64950,No
64951,No
64952,No
64953,No
64954,No
64955,No
64956,No
64957,Yes
64958,No
64959,No
64960,No
64961,Yes
64962,No
64963,Yes
64964,No
64965,No
64966,No
64967,No
64968,Yes
64969,Yes
64970,No
64971,Yes
64972,No
64973,Yes
64974,Yes
64975,No
64976,No
64977,No
64978,No
64979,No
64980,No
64981,No
64982,No
64983,Yes
64984,Yes
64985,Yes
64986,No
64987,No
64988,No
64989,No
64990,No
64991,No
64992,No
64993,No
64994,No
64995,No
64996,No
64997,No
64998,Yes
64999,Yes
65000,No
65001,No
65002,No
65003,Yes
65004,Yes
65005,Yes
65006,Yes
65007,No
65008,Yes
65009,Yes
65010,No
65011,No
65012,No
65013,No
65014,No
65015,No
65016,No
65017,No
65018,No
65019,Yes
65020,Yes
65021,Yes
65022,No
65023,No
65024,No
65025,Yes
65026,Yes
65027,No
65028,No
65029,No
65030,No
65031,Yes
65032,Yes
65033,Yes
65034,No
65035,No
65036,No
65037,No
65038,No
65039,No
65040,No
65041,No
65042,No
65043,Yes
65044,No
65045,No
65046,No
65047,No
65048,No
65049,No
65050,No
65051,Yes
65052,No
65053,No
65054,No
65055,Yes
65056,No
65057,No
65058,Yes
65059,No
65060,No
65061,Yes
65062,No
65063,Yes
65064,No
65065,No
65066,Yes
65067,Yes
65068,No
65069,No
65070,Yes
65071,No
65072,No
65073,Yes
65074,No
65075,No
65076,No
65077,Yes
65078,No
65079,Yes
65080,No
65081,Yes
65082,No
65083,Yes
65084,Yes
65085,No
65086,No
65087,No
65088,No
65089,Yes
65090,No
65091,No
65092,Yes
65093,No
65094,No
65095,No
65096,No
65097,No
65098,No
65099,No
65100,No
65101,Yes
65102,No
65103,Yes
65104,No
65105,Yes
65106,Yes
65107,Yes
65108,No
65109,No
65110,Yes
65111,Yes
65112,No
65113,No
65114,No
65115,No
65116,Yes
65117,No
65118,Yes
65119,No
65120,Yes
65121,No
65122,No
65123,No
65124,No
65125,No
65126,No
65127,No
65128,No
65129,Yes
65130,No
65131,Yes
65132,No
65133,No
65134,No
65135,No
65136,Yes
65137,No
65138,No
65139,Yes
65140,Yes
65141,No
65142,No
65143,No
65144,No
65145,Yes
65146,No
65147,Yes
65148,No
65149,No
65150,No
65151,No
65152,No
65153,No
65154,No
65155,No
65156,Yes
65157,No
65158,Yes
65159,Yes
65160,Yes
65161,No
65162,No
65163,Yes
65164,Yes
65165,No
65166,No
65167,No
65168,No
65169,Yes
65170,Yes
65171,No
65172,Yes
65173,Yes
65174,No
65175,No
65176,No
65177,No
65178,Yes
65179,Yes
65180,No
65181,Yes
65182,Yes
65183,Yes
65184,No
65185,No
65186,Yes
65187,No
65188,Yes
65189,No
65190,Yes
65191,No
65192,No
65193,Yes
65194,No
65195,No
65196,No
65197,Yes
65198,Yes
65199,No
65200,Yes
65201,No
65202,No
65203,Yes
65204,No
65205,No
65206,Yes
65207,No
65208,No
65209,No
65210,No
65211,Yes
65212,No
65213,Yes
65214,Yes
65215,No
65216,No
65217,No
65218,Yes
65219,No
65220,No
65221,No
65222,No
65223,No
65224,No
65225,No
65226,No
65227,Yes
65228,No
65229,Yes
65230,No
65231,Yes
65232,No
65233,No
65234,No
65235,No
65236,Yes
65237,No
65238,No
65239,No
65240,No
65241,No
65242,Yes
65243,No
65244,No
65245,Yes
65246,Yes
65247,No
65248,No
65249,No
65250,No
65251,No
65252,No
65253,Yes
65254,Yes
65255,Yes
65256,Yes
65257,Yes
65258,No
65259,Yes
65260,No
65261,No
65262,No
65263,No
65264,No
65265,Yes
65266,Yes
65267,No
65268,No
65269,No
65270,No
65271,No
65272,No
65273,No
65274,No
65275,Yes
65276,No
65277,No
65278,No
65279,Yes
65280,No
65281,No
65282,No
65283,No
65284,No
65285,No
65286,No
65287,No
65288,Yes
65289,No
65290,No
65291,Yes
65292,No
65293,No
65294,Yes
65295,Yes
65296,No
65297,Yes
65298,No
65299,No
65300,No
65301,No
65302,No
65303,No
65304,No
65305,No
65306,Yes
65307,No
65308,Yes
65309,No
65310,No
65311,No
65312,No
65313,No
65314,Yes
65315,Yes
65316,No
65317,Yes
65318,No
65319,No
65320,Yes
65321,Yes
65322,No
65323,Yes
65324,No
65325,Yes
65326,No
65327,No
65328,No
65329,No
65330,Yes
65331,No
65332,No
65333,Yes
65334,No
65335,Yes
65336,No
65337,No
65338,No
65339,No
65340,No
65341,No
65342,Yes
65343,No
65344,No
65345,Yes
65346,Yes
65347,No
65348,No
65349,No
65350,Yes
65351,No
65352,Yes
65353,No
65354,Yes
65355,Yes
65356,No
65357,Yes
65358,Yes
65359,Yes
65360,Yes
65361,Yes
65362,Yes
65363,Yes
65364,No
65365,Yes
65366,No
65367,No
65368,No
65369,Yes
65370,No
65371,No
65372,No
65373,No
65374,No
65375,No
65376,No
65377,No
65378,No
65379,No
65380,No
65381,Yes
65382,No
65383,No
65384,No
65385,No
65386,No
65387,Yes
65388,No
65389,Yes
65390,No
65391,No
65392,No
65393,Yes
65394,No
65395,Yes
65396,Yes
65397,No
65398,No
65399,Yes
65400,No
65401,No
65402,No
65403,No
65404,Yes
65405,No
65406,No
65407,No
65408,Yes
65409,No
65410,No
65411,No
65412,No
65413,No
65414,Yes
65415,No
65416,No
65417,No
65418,No
65419,No
65420,No
65421,Yes
65422,No
65423,Yes
65424,No
65425,No
65426,No
65427,No
65428,No
65429,Yes
65430,No
65431,No
65432,Yes
65433,No
65434,No
65435,No
65436,No
65437,No
65438,Yes
65439,No
65440,No
65441,No
65442,No
65443,No
65444,No
65445,No
65446,No
65447,No
65448,Yes
65449,No
65450,No
65451,No
65452,No
65453,No
65454,Yes
65455,No
65456,Yes
65457,No
65458,No
65459,Yes
65460,No
65461,No
65462,No
65463,No
65464,Yes
65465,No
65466,No
65467,Yes
65468,No
65469,No
65470,No
65471,No
65472,No
65473,No
65474,Yes
65475,No
65476,Yes
65477,No
65478,No
65479,No
65480,No
65481,No
65482,No
65483,No
65484,No
65485,No
65486,No
65487,No
65488,No
65489,No
65490,No
65491,No
65492,No
65493,No
65494,No
65495,No
65496,No
65497,Yes
65498,Yes
65499,No
65500,No
65501,No
65502,Yes
65503,No
65504,No
65505,Yes
65506,No
65507,No
65508,No
65509,No
65510,No
65511,No
65512,Yes
65513,No
65514,Yes
65515,No
65516,Yes
65517,No
65518,No
65519,No
65520,Yes
65521,No
65522,Yes
65523,No
65524,No
65525,Yes
65526,No
65527,No
65528,No
65529,Yes
65530,No
65531,No
65532,No
65533,No
65534,No
65535,No
65536,No
65537,Yes
65538,No
65539,No
65540,Yes
65541,No
65542,No
65543,No
65544,No
65545,No
65546,No
65547,No
65548,No
65549,No
65550,No
65551,Yes
65552,No
65553,Yes
65554,No
65555,No
65556,No
65557,No
65558,No
65559,No
65560,Yes
65561,Yes
65562,No
65563,No
65564,No
65565,Yes
65566,No
65567,Yes
65568,Yes
65569,No
65570,No
65571,No
65572,Yes
65573,No
65574,Yes
65575,No
65576,Yes
65577,No
65578,Yes
65579,No
65580,No
65581,Yes
65582,No
65583,No
65584,Yes
65585,No
65586,No
65587,Yes
65588,No
65589,No
65590,No
65591,No
65592,No
65593,No
65594,No
65595,No
65596,No
65597,No
65598,No
65599,Yes
65600,No
65601,No
65602,No
65603,Yes
65604,No
65605,No
65606,No
65607,Yes
65608,Yes
65609,No
65610,No
65611,No
65612,No
65613,No
65614,No
65615,No
65616,Yes
65617,No
65618,Yes
65619,No
65620,No
65621,No
65622,No
65623,No
65624,No
65625,Yes
65626,No
65627,Yes
65628,No
65629,Yes
65630,No
65631,No
65632,No
65633,No
65634,No
65635,No
65636,No
65637,No
65638,No
65639,No
65640,No
65641,No
65642,No
65643,Yes
65644,No
65645,No
65646,No
65647,Yes
65648,Yes
65649,No
65650,No
65651,No
65652,No
65653,No
65654,Yes
65655,No
65656,Yes
65657,Yes
65658,No
65659,No
65660,No
65661,No
65662,No
65663,No
65664,No
65665,No
65666,No
65667,No
65668,No
65669,Yes
65670,No
65671,No
65672,No
65673,No
65674,No
65675,No
65676,No
65677,Yes
65678,No
65679,No
65680,No
65681,No
65682,Yes
65683,Yes
65684,No
65685,No
65686,No
65687,Yes
65688,No
65689,No
65690,No
65691,No
65692,No
65693,Yes
65694,No
65695,No
65696,No
65697,Yes
65698,No
65699,No
65700,No
65701,Yes
65702,Yes
65703,Yes
65704,No
65705,No
65706,No
65707,No
65708,No
65709,No
65710,No
65711,Yes
65712,Yes
65713,Yes
65714,No
65715,No
65716,Yes
65717,No
65718,Yes
65719,Yes
65720,No
65721,Yes
65722,No
65723,No
65724,Yes
65725,No
65726,No
65727,No
65728,No
65729,No
65730,No
65731,No
65732,No
65733,Yes
65734,No
65735,No
65736,Yes
65737,No
65738,No
65739,No
65740,No
65741,No
65742,Yes
65743,Yes
65744,Yes
65745,No
65746,No
65747,No
65748,Yes
65749,No
65750,No
65751,No
65752,No
65753,No
65754,No
65755,Yes
65756,No
65757,Yes
65758,No
65759,No
65760,Yes
65761,No
65762,No
65763,No
65764,No
65765,Yes
65766,No
65767,Yes
65768,No
65769,Yes
65770,Yes
65771,No
65772,No
65773,Yes
65774,No
65775,No
65776,Yes
65777,No
65778,Yes
65779,No
65780,No
65781,No
65782,Yes
65783,No
65784,No
65785,No
65786,No
65787,No
65788,Yes
65789,No
65790,No
65791,No
65792,Yes
65793,No
65794,No
65795,No
65796,No
65797,No
65798,No
65799,Yes
65800,No
65801,No
65802,No
65803,Yes
65804,No
65805,No
65806,No
65807,No
65808,No
65809,Yes
65810,No
65811,No
65812,Yes
65813,No
65814,No
65815,No
65816,No
65817,No
65818,Yes
65819,No
65820,No
65821,Yes
65822,No
65823,No
65824,No
65825,Yes
65826,No
65827,No
65828,No
65829,No
65830,No
65831,Yes
65832,Yes
65833,Yes
65834,Yes
65835,No
65836,No
65837,Yes
65838,No
65839,No
65840,No
65841,Yes
65842,No
65843,No
65844,No
65845,No
65846,No
65847,Yes
65848,Yes
65849,Yes
65850,Yes
65851,No
65852,No
65853,No
65854,Yes
65855,No
65856,No
65857,Yes
65858,Yes
65859,No
65860,No
65861,Yes
65862,No
65863,No
65864,No
65865,No
65866,Yes
65867,Yes
65868,Yes
65869,No
65870,Yes
65871,Yes
65872,No
65873,No
65874,Yes
65875,No
65876,No
65877,No
65878,No
65879,Yes
65880,No
65881,Yes
65882,Yes
65883,Yes
65884,Yes
65885,No
65886,No
65887,No
65888,No
65889,Yes
65890,No
65891,No
65892,No
65893,No
65894,Yes
65895,No
65896,No
65897,Yes
65898,No
65899,Yes
65900,No
65901,No
65902,No
65903,No
65904,No
65905,No
65906,Yes
65907,No
65908,No
65909,No
65910,Yes
65911,No
65912,Yes
65913,No
65914,No
65915,No
65916,Yes
65917,No
65918,No
65919,No
65920,No
65921,No
65922,No
65923,Yes
65924,Yes
65925,No
65926,No
65927,Yes
65928,No
65929,No
65930,No
65931,No
65932,No
65933,Yes
65934,Yes
65935,No
65936,No
65937,No
65938,No
65939,No
65940,No
65941,No
65942,No
65943,No
65944,No
65945,No
65946,No
65947,No
65948,No
65949,Yes
65950,No
65951,Yes
65952,Yes
65953,No
65954,Yes
65955,No
65956,No
65957,No
65958,No
65959,No
65960,No
65961,Yes
65962,No
65963,No
65964,No
65965,No
65966,No
65967,No
65968,No
65969,No
65970,No
65971,Yes
65972,No
65973,Yes
65974,No
65975,No
65976,No
65977,No
65978,Yes
65979,No
65980,Yes
65981,No
65982,No
65983,No
65984,No
65985,Yes
65986,Yes
65987,No
65988,No
65989,No
65990,No
65991,No
65992,No
65993,No
65994,Yes
65995,Yes
65996,No
65997,No
65998,No
65999,Yes
66000,No
66001,Yes
66002,No
66003,Yes
66004,Yes
66005,Yes
66006,No
66007,Yes
66008,No
66009,No
66010,Yes
66011,No
66012,No
66013,No
66014,No
66015,Yes
66016,Yes
66017,No
66018,Yes
66019,Yes
66020,Yes
66021,Yes
66022,Yes
66023,Yes
66024,No
66025,Yes
66026,No
66027,No
66028,No
66029,No
66030,No
66031,No
66032,Yes
66033,No
66034,No
66035,No
66036,No
66037,Yes
66038,No
66039,Yes
66040,No
66041,Yes
66042,No
66043,No
66044,No
66045,No
66046,Yes
66047,No
66048,No
66049,Yes
66050,No
66051,No
66052,No
66053,Yes
66054,No
66055,No
66056,No
66057,No
66058,Yes
66059,Yes
66060,No
66061,No
66062,No
66063,Yes
66064,No
66065,Yes
66066,No
66067,Yes
66068,No
66069,No
66070,No
66071,No
66072,No
66073,No
66074,No
66075,No
66076,No
66077,No
66078,No
66079,Yes
66080,No
66081,No
66082,No
66083,Yes
66084,No
66085,No
66086,No
66087,No
66088,No
66089,No
66090,No
66091,No
66092,No
66093,No
66094,No
66095,No
66096,No
66097,No
66098,No
66099,No
66100,No
66101,Yes
66102,No
66103,Yes
66104,No
66105,No
66106,No
66107,No
66108,Yes
66109,No
66110,Yes
66111,No
66112,No
66113,No
66114,No
66115,No
66116,Yes
66117,Yes
66118,No
66119,No
66120,Yes
66121,No
66122,Yes
66123,Yes
66124,No
66125,No
66126,No
66127,No
66128,No
66129,No
66130,Yes
66131,Yes
66132,Yes
66133,No
66134,No
66135,No
66136,Yes
66137,No
66138,No
66139,No
66140,No
66141,No
66142,No
66143,No
66144,No
66145,Yes
66146,No
66147,No
66148,No
66149,Yes
66150,No
66151,No
66152,No
66153,No
66154,No
66155,No
66156,No
66157,No
66158,No
66159,No
66160,Yes
66161,Yes
66162,Yes
66163,No
66164,No
66165,Yes
66166,Yes
66167,No
66168,Yes
66169,No
66170,Yes
66171,No
66172,Yes
66173,Yes
66174,Yes
66175,Yes
66176,No
66177,No
66178,No
66179,No
66180,No
66181,No
66182,No
66183,No
66184,No
66185,No
66186,No
66187,No
66188,No
66189,Yes
66190,No
66191,No
66192,No
66193,Yes
66194,Yes
66195,No
66196,Yes
66197,No
66198,No
66199,No
66200,No
66201,No
66202,No
66203,No
66204,No
66205,No
66206,No
66207,No
66208,No
66209,No
66210,Yes
66211,No
66212,No
66213,No
66214,Yes
66215,No
66216,No
66217,No
66218,Yes
66219,Yes
66220,Yes
66221,Yes
66222,No
66223,No
66224,No
66225,No
66226,Yes
66227,No
66228,Yes
66229,No
66230,Yes
66231,Yes
66232,No
66233,No
66234,No
66235,Yes
66236,No
66237,Yes
66238,No
66239,Yes
66240,No
66241,Yes
66242,No
66243,No
66244,No
66245,Yes
66246,No
66247,Yes
66248,No
66249,No
66250,No
66251,Yes
66252,No
66253,No
66254,No
66255,No
66256,Yes
66257,No
66258,No
66259,Yes
66260,No
66261,No
66262,No
66263,Yes
66264,No
66265,No
66266,No
66267,No
66268,No
66269,No
66270,No
66271,No
66272,No
66273,No
66274,No
66275,No
66276,No
66277,No
66278,No
66279,No
66280,Yes
66281,No
66282,No
66283,No
66284,No
66285,No
66286,Yes
66287,No
66288,Yes
66289,No
66290,Yes
66291,Yes
66292,No
66293,Yes
66294,No
66295,No
66296,No
66297,No
66298,No
66299,No
66300,No
66301,No
66302,No
66303,No
66304,No
66305,Yes
66306,No
66307,Yes
66308,No
66309,No
66310,Yes
66311,No
66312,No
66313,No
66314,No
66315,No
66316,Yes
66317,No
66318,Yes
66319,No
66320,Yes
66321,No
66322,No
66323,No
66324,Yes
66325,Yes
66326,No
66327,No
66328,No
66329,No
66330,No
66331,Yes
66332,No
66333,No
66334,No
66335,No
66336,No
66337,No
66338,Yes
66339,No
66340,No
66341,No
66342,No
66343,No
66344,No
66345,No
66346,No
66347,Yes
66348,No
66349,No
66350,No
66351,Yes
66352,Yes
66353,No
66354,No
66355,No
66356,No
66357,No
66358,No
66359,Yes
66360,No
66361,No
66362,No
66363,No
66364,No
66365,Yes
66366,No
66367,No
66368,No
66369,No
66370,No
66371,Yes
66372,No
66373,No
66374,No
66375,No
66376,No
66377,No
66378,Yes
66379,No
66380,Yes
66381,No
66382,Yes
66383,No
66384,No
66385,No
66386,No
66387,No
66388,No
66389,No
66390,No
66391,Yes
66392,No
66393,No
66394,No
66395,No
66396,Yes
66397,No
66398,No
66399,No
66400,No
66401,Yes
66402,Yes
66403,No
66404,No
66405,Yes
66406,No
66407,No
66408,No
66409,Yes
66410,No
66411,Yes
66412,No
66413,No
66414,No
66415,No
66416,No
66417,Yes
66418,Yes
66419,No
66420,No
66421,No
66422,No
66423,No
66424,Yes
66425,No
66426,No
66427,No
66428,No
66429,No
66430,No
66431,No
66432,No
66433,No
66434,No
66435,No
66436,No
66437,No
66438,No
66439,Yes
66440,No
66441,Yes
66442,No
66443,Yes
66444,Yes
66445,No
66446,No
66447,No
66448,No
66449,Yes
66450,Yes
66451,No
66452,No
66453,Yes
66454,No
66455,Yes
66456,No
66457,No
66458,No
66459,No
66460,No
66461,No
66462,Yes
66463,No
66464,No
66465,No
66466,Yes
66467,No
66468,No
66469,Yes
66470,No
66471,No
66472,Yes
66473,No
66474,No
66475,No
66476,Yes
66477,No
66478,No
66479,Yes
66480,No
66481,Yes
66482,No
66483,No
66484,Yes
66485,Yes
66486,Yes
66487,No
66488,No
66489,No
66490,Yes
66491,No
66492,No
66493,Yes
66494,Yes
66495,No
66496,No
66497,No
66498,No
66499,Yes
66500,No
66501,Yes
66502,Yes
66503,Yes
66504,No
66505,No
66506,Yes
66507,No
66508,No
66509,No
66510,No
66511,No
66512,No
66513,Yes
66514,Yes
66515,No
66516,No
66517,No
66518,No
66519,No
66520,Yes
66521,Yes
66522,No
66523,No
66524,No
66525,No
66526,No
66527,No
66528,No
66529,No
66530,No
66531,Yes
66532,No
66533,No
66534,Yes
66535,No
66536,No
66537,Yes
66538,Yes
66539,Yes
66540,No
66541,No
66542,Yes
66543,No
66544,No
66545,No
66546,Yes
66547,No
66548,Yes
66549,No
66550,No
66551,Yes
66552,No
66553,No
66554,Yes
66555,No
66556,No
66557,Yes
66558,No
66559,No
66560,No
66561,No
66562,No
66563,No
66564,No
66565,Yes
66566,No
66567,No
66568,No
66569,No
66570,No
66571,No
66572,No
66573,Yes
66574,No
66575,Yes
66576,No
66577,No
66578,No
66579,No
66580,No
66581,Yes
66582,No
66583,Yes
66584,No
66585,No
66586,No
66587,Yes
66588,Yes
66589,Yes
66590,No
66591,No
66592,No
66593,No
66594,Yes
66595,No
66596,No
66597,No
66598,No
66599,No
66600,No
66601,No
66602,No
66603,No
66604,Yes
66605,Yes
66606,No
66607,No
66608,No
66609,No
66610,No
66611,No
66612,No
66613,No
66614,No
66615,Yes
66616,Yes
66617,Yes
66618,No
66619,No
66620,No
66621,No
66622,No
66623,No
66624,Yes
66625,No
66626,No
66627,No
66628,No
66629,No
66630,Yes
66631,No
66632,No
66633,Yes
66634,No
66635,No
66636,Yes
66637,No
66638,No
66639,No
66640,Yes
66641,No
66642,No
66643,Yes
66644,No
66645,No
66646,No
66647,Yes
66648,No
66649,Yes
66650,No
66651,No
66652,Yes
66653,No
66654,Yes
66655,No
66656,Yes
66657,Yes
66658,No
66659,No
66660,Yes
66661,No
66662,Yes
66663,No
66664,Yes
66665,Yes
66666,Yes
66667,No
66668,No
66669,No
66670,No
66671,No
66672,No
66673,Yes
66674,No
66675,No
66676,Yes
66677,No
66678,No
66679,Yes
66680,No
66681,No
66682,Yes
66683,No
66684,No
66685,No
66686,No
66687,No
66688,No
66689,No
66690,Yes
66691,Yes
66692,No
66693,No
66694,No
66695,Yes
66696,No
66697,No
66698,No
66699,No
66700,Yes
66701,No
66702,No
66703,No
66704,Yes
66705,Yes
66706,No
66707,Yes
66708,No
66709,No
66710,No
66711,Yes
66712,No
66713,No
66714,No
66715,No
66716,Yes
66717,No
66718,Yes
66719,No
66720,No
66721,No
66722,Yes
66723,Yes
66724,No
66725,No
66726,No
66727,No
66728,Yes
66729,No
66730,No
66731,No
66732,No
66733,No
66734,No
66735,No
66736,No
66737,No
66738,No
66739,Yes
66740,No
66741,No
66742,No
66743,No
66744,No
66745,No
66746,No
66747,No
66748,Yes
66749,No
66750,No
66751,No
66752,No
66753,No
66754,No
66755,Yes
66756,Yes
66757,No
66758,Yes
66759,No
66760,No
66761,No
66762,No
66763,No
66764,No
66765,No
66766,No
66767,Yes
66768,Yes
66769,No
66770,No
66771,No
66772,No
66773,No
66774,Yes
66775,Yes
66776,No
66777,No
66778,Yes
66779,No
66780,Yes
66781,No
66782,Yes
66783,Yes
66784,No
66785,Yes
66786,No
66787,No
66788,No
66789,No
66790,No
66791,No
66792,No
66793,Yes
66794,No
66795,No
66796,Yes
66797,No
66798,No
66799,No
66800,No
66801,Yes
66802,No
66803,No
66804,No
66805,Yes
66806,Yes
66807,No
66808,Yes
66809,Yes
66810,Yes
66811,No
66812,No
66813,No
66814,Yes
66815,No
66816,Yes
66817,No
66818,No
66819,No
66820,Yes
66821,No
66822,No
66823,Yes
66824,No
66825,No
66826,Yes
66827,Yes
66828,Yes
66829,No
66830,No
66831,No
66832,No
66833,No
66834,No
66835,Yes
66836,Yes
66837,No
66838,No
66839,Yes
66840,No
66841,No
66842,No
66843,No
66844,No
66845,No
66846,No
66847,No
66848,No
66849,No
66850,Yes
66851,Yes
66852,Yes
66853,Yes
66854,No
66855,No
66856,No
66857,No
66858,No
66859,No
66860,No
66861,Yes
66862,No
66863,No
66864,No
66865,No
66866,No
66867,No
66868,No
66869,No
66870,No
66871,No
66872,No
66873,Yes
66874,No
66875,No
66876,No
66877,No
66878,Yes
66879,Yes
66880,Yes
66881,No
66882,No
66883,Yes
66884,No
66885,No
66886,No
66887,No
66888,Yes
66889,Yes
66890,No
66891,No
66892,Yes
66893,No
66894,No
66895,No
66896,No
66897,No
66898,No
66899,No
66900,No
66901,No
66902,Yes
66903,No
66904,No
66905,Yes
66906,Yes
66907,No
66908,No
66909,No
66910,No
66911,No
66912,Yes
66913,Yes
66914,Yes
66915,No
66916,Yes
66917,No
66918,No
66919,Yes
66920,No
66921,No
66922,No
66923,No
66924,No
66925,No
66926,No
66927,No
66928,Yes
66929,No
66930,No
66931,No
66932,No
66933,No
66934,Yes
66935,No
66936,No
66937,No
66938,No
66939,No
66940,Yes
66941,No
66942,No
66943,Yes
66944,Yes
66945,No
66946,No
66947,Yes
66948,No
66949,No
66950,No
66951,No
66952,Yes
66953,No
66954,No
66955,Yes
66956,Yes
66957,No
66958,No
66959,No
66960,No
66961,No
66962,Yes
66963,No
66964,No
66965,Yes
66966,No
66967,No
66968,Yes
66969,Yes
66970,No
66971,No
66972,No
66973,No
66974,No
66975,No
66976,No
66977,Yes
66978,No
66979,No
66980,No
66981,No
66982,No
66983,No
66984,No
66985,Yes
66986,No
66987,No
66988,No
66989,No
66990,No
66991,No
66992,No
66993,Yes
66994,No
66995,Yes
66996,No
66997,No
66998,No
66999,No
67000,No
67001,Yes
67002,No
67003,No
67004,No
67005,No
67006,No
67007,Yes
67008,Yes
67009,Yes
67010,No
67011,Yes
67012,Yes
67013,Yes
67014,No
67015,No
67016,No
67017,No
67018,No
67019,Yes
67020,No
67021,No
67022,No
67023,No
67024,No
67025,No
67026,No
67027,Yes
67028,Yes
67029,No
67030,No
67031,Yes
67032,No
67033,No
67034,No
67035,No
67036,No
67037,No
67038,No
67039,No
67040,No
67041,Yes
67042,No
67043,No
67044,No
67045,No
67046,No
67047,Yes
67048,Yes
67049,No
67050,No
67051,Yes
67052,No
67053,Yes
67054,No
67055,No
67056,Yes
67057,Yes
67058,No
67059,No
67060,No
67061,No
67062,Yes
67063,No
67064,No
67065,No
67066,Yes
67067,No
67068,No
67069,No
67070,No
67071,No
67072,No
67073,Yes
67074,No
67075,No
67076,No
67077,No
67078,Yes
67079,No
67080,No
67081,No
67082,No
67083,Yes
67084,No
67085,No
67086,No
67087,Yes
67088,Yes
67089,Yes
67090,No
67091,Yes
67092,No
67093,No
67094,No
67095,No
67096,No
67097,No
67098,No
67099,No
67100,No
67101,No
67102,Yes
67103,No
67104,No
67105,No
67106,No
67107,No
67108,No
67109,No
67110,No
67111,No
67112,No
67113,Yes
67114,No
67115,No
67116,Yes
67117,Yes
67118,Yes
67119,No
67120,No
67121,Yes
67122,No
67123,No
67124,No
67125,No
67126,No
67127,No
67128,No
67129,No
67130,No
67131,No
67132,No
67133,No
67134,No
67135,No
67136,No
67137,No
67138,No
67139,No
67140,Yes
67141,No
67142,No
67143,No
67144,Yes
67145,No
67146,No
67147,No
67148,No
67149,No
67150,No
67151,No
67152,No
67153,No
67154,No
67155,No
67156,Yes
67157,No
67158,No
67159,No
67160,No
67161,No
67162,No
67163,No
67164,No
67165,No
67166,No
67167,No
67168,No
67169,No
67170,Yes
67171,No
67172,Yes
67173,No
67174,No
67175,No
67176,No
67177,No
67178,No
67179,Yes
67180,No
67181,Yes
67182,No
67183,No
67184,No
67185,No
67186,Yes
67187,No
67188,Yes
67189,No
67190,No
67191,No
67192,Yes
67193,Yes
67194,No
67195,No
67196,No
67197,Yes
67198,No
67199,Yes
67200,No
67201,No
67202,No
67203,No
67204,No
67205,No
67206,No
67207,Yes
67208,No
67209,No
67210,No
67211,Yes
67212,Yes
67213,Yes
67214,Yes
67215,No
67216,No
67217,Yes
67218,No
67219,No
67220,No
67221,No
67222,No
67223,Yes
67224,Yes
67225,Yes
67226,Yes
67227,No
67228,No
67229,No
67230,No
67231,No
67232,No
67233,No
67234,No
67235,Yes
67236,No
67237,No
67238,No
67239,Yes
67240,No
67241,Yes
67242,Yes
67243,No
67244,No
67245,No
67246,No
67247,Yes
67248,No
67249,No
67250,No
67251,No
67252,No
67253,No
67254,Yes
67255,No
67256,Yes
67257,Yes
67258,No
67259,No
67260,Yes
67261,Yes
67262,No
67263,Yes
67264,No
67265,No
67266,Yes
67267,No
67268,Yes
67269,No
67270,No
67271,No
67272,No
67273,Yes
67274,Yes
67275,Yes
67276,Yes
67277,No
67278,Yes
67279,No
67280,Yes
67281,Yes
67282,No
67283,No
67284,No
67285,No
67286,No
67287,No
67288,No
67289,No
67290,No
67291,No
67292,Yes
67293,Yes
67294,Yes
67295,No
67296,No
67297,Yes
67298,No
67299,Yes
67300,No
67301,No
67302,No
67303,No
67304,No
67305,Yes
67306,No
67307,No
67308,Yes
67309,No
67310,No
67311,No
67312,No
67313,Yes
67314,No
67315,No
67316,Yes
67317,No
67318,No
67319,No
67320,No
67321,No
67322,Yes
67323,Yes
67324,No
67325,No
67326,Yes
67327,No
67328,No
67329,No
67330,No
67331,No
67332,Yes
67333,No
67334,No
67335,No
67336,No
67337,No
67338,No
67339,No
67340,No
67341,No
67342,Yes
67343,No
67344,Yes
67345,No
67346,No
67347,No
67348,No
67349,Yes
67350,Yes
67351,No
67352,Yes
67353,No
67354,No
67355,No
67356,No
67357,No
67358,No
67359,No
67360,Yes
67361,No
67362,Yes
67363,No
67364,Yes
67365,No
67366,No
67367,No
67368,Yes
67369,No
67370,No
67371,No
67372,No
67373,No
67374,Yes
67375,No
67376,No
67377,No
67378,No
67379,No
67380,No
67381,No
67382,No
67383,No
67384,Yes
67385,Yes
67386,No
67387,No
67388,No
67389,No
67390,Yes
67391,No
67392,No
67393,Yes
67394,No
67395,No
67396,No
67397,No
67398,No
67399,No
67400,No
67401,No
67402,No
67403,No
67404,No
67405,Yes
67406,No
67407,No
67408,No
67409,Yes
67410,No
67411,No
67412,No
67413,No
67414,No
67415,No
67416,No
67417,No
67418,No
67419,No
67420,No
67421,No
67422,No
67423,No
67424,No
67425,No
67426,No
67427,Yes
67428,No
67429,Yes
67430,No
67431,Yes
67432,Yes
67433,No
67434,No
67435,No
67436,No
67437,No
67438,No
67439,No
67440,No
67441,Yes
67442,Yes
67443,No
67444,Yes
67445,No
67446,Yes
67447,No
67448,No
67449,No
67450,No
67451,Yes
67452,Yes
67453,Yes
67454,Yes
67455,Yes
67456,No
67457,No
67458,No
67459,Yes
67460,No
67461,Yes
67462,No
67463,No
67464,No
67465,No
67466,No
67467,No
67468,Yes
67469,No
67470,No
67471,No
67472,No
67473,No
67474,Yes
67475,No
67476,Yes
67477,No
67478,No
67479,Yes
67480,No
67481,No
67482,No
67483,No
67484,No
67485,Yes
67486,No
67487,Yes
67488,No
67489,No
67490,No
67491,No
67492,No
67493,Yes
67494,No
67495,No
67496,No
67497,Yes
67498,Yes
67499,No
67500,No
67501,No
67502,No
67503,No
67504,Yes
67505,No
67506,No
67507,Yes
67508,No
67509,Yes
67510,No
67511,No
67512,No
67513,No
67514,No
67515,No
67516,No
67517,No
67518,No
67519,No
67520,Yes
67521,No
67522,No
67523,No
67524,No
67525,No
67526,No
67527,Yes
67528,No
67529,Yes
67530,No
67531,No
67532,Yes
67533,No
67534,No
67535,No
67536,No
67537,No
67538,Yes
67539,No
67540,Yes
67541,No
67542,No
67543,No
67544,No
67545,Yes
67546,No
67547,No
67548,Yes
67549,No
67550,No
67551,No
67552,No
67553,No
67554,No
67555,No
67556,No
67557,Yes
67558,No
67559,Yes
67560,Yes
67561,No
67562,No
67563,No
67564,Yes
67565,No
67566,No
67567,Yes
67568,No
67569,Yes
67570,No
67571,No
67572,No
67573,No
67574,Yes
67575,No
67576,No
67577,No
67578,No
67579,No
67580,Yes
67581,No
67582,No
67583,Yes
67584,No
67585,Yes
67586,No
67587,Yes
67588,No
67589,No
67590,No
67591,No
67592,Yes
67593,No
67594,No
67595,No
67596,Yes
67597,Yes
67598,No
67599,No
67600,No
67601,Yes
67602,Yes
67603,No
67604,Yes
67605,Yes
67606,Yes
67607,Yes
67608,Yes
67609,No
67610,No
67611,No
67612,No
67613,No
67614,No
67615,No
67616,Yes
67617,No
67618,No
67619,Yes
67620,No
67621,Yes
67622,Yes
67623,Yes
67624,Yes
67625,No
67626,Yes
67627,Yes
67628,No
67629,No
67630,No
67631,No
67632,No
67633,No
67634,Yes
67635,Yes
67636,Yes
67637,Yes
67638,No
67639,Yes
67640,No
67641,No
67642,Yes
67643,No
67644,No
67645,No
67646,No
67647,No
67648,No
67649,No
67650,No
67651,No
67652,No
67653,No
67654,Yes
67655,Yes
67656,No
67657,Yes
67658,No
67659,No
67660,Yes
67661,No
67662,No
67663,No
67664,No
67665,No
67666,No
67667,No
67668,No
67669,No
67670,No
67671,No
67672,No
67673,Yes
67674,No
67675,No
67676,Yes
67677,No
67678,Yes
67679,No
67680,No
67681,No
67682,Yes
67683,Yes
67684,No
67685,No
67686,No
67687,No
67688,Yes
67689,No
67690,No
67691,No
67692,No
67693,No
67694,Yes
67695,No
67696,No
67697,No
67698,No
67699,No
67700,No
67701,Yes
67702,Yes
67703,No
67704,Yes
67705,No
67706,No
67707,Yes
67708,No
67709,Yes
67710,No
67711,No
67712,No
67713,No
67714,Yes
67715,No
67716,Yes
67717,No
67718,Yes
67719,No
67720,No
67721,No
67722,No
67723,No
67724,No
67725,No
67726,No
67727,Yes
67728,No
67729,No
67730,No
67731,No
67732,No
67733,No
67734,No
67735,No
67736,No
67737,Yes
67738,No
67739,No
67740,No
67741,Yes
67742,No
67743,No
67744,No
67745,No
67746,No
67747,Yes
67748,No
67749,No
67750,No
67751,No
67752,Yes
67753,No
67754,No
67755,Yes
67756,No
67757,Yes
67758,No
67759,No
67760,Yes
67761,No
67762,No
67763,No
67764,Yes
67765,Yes
67766,No
67767,No
67768,No
67769,No
67770,No
67771,No
67772,No
67773,No
67774,No
67775,Yes
67776,No
67777,No
67778,Yes
67779,Yes
67780,No
67781,No
67782,Yes
67783,No
67784,Yes
67785,No
67786,No
67787,Yes
67788,Yes
67789,No
67790,No
67791,No
67792,Yes
67793,No
67794,No
67795,No
67796,No
67797,No
67798,Yes
67799,No
67800,No
67801,No
67802,No
67803,No
67804,Yes
67805,No
67806,No
67807,No
67808,Yes
67809,No
67810,Yes
67811,Yes
67812,Yes
67813,Yes
67814,No
67815,No
67816,No
67817,No
67818,No
67819,Yes
67820,Yes
67821,No
67822,No
67823,No
67824,Yes
67825,Yes
67826,No
67827,No
67828,Yes
67829,No
67830,No
67831,Yes
67832,No
67833,No
67834,No
67835,No
67836,No
67837,No
67838,Yes
67839,No
67840,No
67841,No
67842,No
67843,No
67844,No
67845,No
67846,Yes
67847,Yes
67848,No
67849,Yes
67850,No
67851,Yes
67852,No
67853,Yes
67854,Yes
67855,Yes
67856,No
67857,No
67858,No
67859,No
67860,No
67861,No
67862,No
67863,No
67864,No
67865,No
67866,No
67867,No
67868,No
67869,No
67870,Yes
67871,No
67872,No
67873,No
67874,No
67875,No
67876,No
67877,Yes
67878,Yes
67879,No
67880,Yes
67881,No
67882,No
67883,No
67884,No
67885,No
67886,No
67887,No
67888,No
67889,No
67890,No
67891,No
67892,Yes
67893,No
67894,Yes
67895,No
67896,Yes
67897,No
67898,No
67899,No
67900,No
67901,No
67902,No
67903,Yes
67904,No
67905,Yes
67906,Yes
67907,Yes
67908,No
67909,No
67910,No
67911,No
67912,Yes
67913,No
67914,No
67915,No
67916,No
67917,Yes
67918,Yes
67919,No
67920,Yes
67921,No
67922,No
67923,No
67924,No
67925,No
67926,No
67927,Yes
67928,No
67929,No
67930,No
67931,Yes
67932,Yes
67933,No
67934,No
67935,No
67936,No
67937,No
67938,No
67939,No
67940,No
67941,No
67942,No
67943,Yes
67944,No
67945,No
67946,No
67947,No
67948,No
67949,Yes
67950,No
67951,Yes
67952,No
67953,Yes
67954,No
67955,No
67956,No
67957,Yes
67958,No
67959,Yes
67960,Yes
67961,No
67962,No
67963,No
67964,Yes
67965,No
67966,Yes
67967,No
67968,Yes
67969,No
67970,No
67971,No
67972,Yes
67973,No
67974,No
67975,Yes
67976,Yes
67977,No
67978,No
67979,No
67980,Yes
67981,No
67982,Yes
67983,No
67984,No
67985,No
67986,No
67987,No
67988,No
67989,Yes
67990,Yes
67991,No
67992,No
67993,No
67994,No
67995,Yes
67996,Yes
67997,No
67998,No
67999,No
68000,Yes
68001,No
68002,No
68003,No
68004,No
68005,No
68006,No
68007,No
68008,No
68009,No
68010,No
68011,Yes
68012,No
68013,No
68014,Yes
68015,Yes
68016,No
68017,No
68018,No
68019,No
68020,No
68021,No
68022,No
68023,Yes
68024,No
68025,No
68026,Yes
68027,No
68028,No
68029,No
68030,Yes
68031,No
68032,No
68033,No
68034,No
68035,No
68036,No
68037,No
68038,No
68039,Yes
68040,No
68041,Yes
68042,No
68043,No
68044,Yes
68045,No
68046,Yes
68047,No
68048,Yes
68049,No
68050,Yes
68051,No
68052,No
68053,Yes
68054,Yes
68055,No
68056,No
68057,No
68058,Yes
68059,No
68060,No
68061,No
68062,No
68063,No
68064,No
68065,Yes
68066,No
68067,No
68068,No
68069,No
68070,No
68071,No
68072,Yes
68073,No
68074,Yes
68075,No
68076,No
68077,No
68078,No
68079,No
68080,No
68081,Yes
68082,No
68083,Yes
68084,Yes
68085,Yes
68086,No
68087,No
68088,No
68089,No
68090,Yes
68091,No
68092,No
68093,No
68094,No
68095,No
68096,No
68097,No
68098,No
68099,No
68100,Yes
68101,Yes
68102,No
68103,No
68104,No
68105,No
68106,No
68107,Yes
68108,No
68109,No
68110,No
68111,Yes
68112,No
68113,No
68114,Yes
68115,No
68116,No
68117,No
68118,No
68119,No
68120,No
68121,Yes
68122,Yes
68123,No
68124,Yes
68125,Yes
68126,Yes
68127,No
68128,Yes
68129,No
68130,No
68131,Yes
68132,Yes
68133,No
68134,No
68135,No
68136,No
68137,No
68138,No
68139,No
68140,No
68141,No
68142,Yes
68143,No
68144,No
68145,No
68146,No
68147,No
68148,No
68149,Yes
68150,No
68151,No
68152,No
68153,No
68154,No
68155,No
68156,No
68157,Yes
68158,No
68159,No
68160,No
68161,No
68162,No
68163,No
68164,No
68165,No
68166,No
68167,No
68168,No
68169,No
68170,No
68171,No
68172,Yes
68173,No
68174,Yes
68175,Yes
68176,No
68177,No
68178,No
68179,No
68180,No
68181,No
68182,No
68183,No
68184,No
68185,No
68186,Yes
68187,No
68188,No
68189,No
68190,No
68191,No
68192,No
68193,No
68194,No
68195,No
68196,Yes
68197,No
68198,No
68199,Yes
68200,No
68201,No
68202,No
68203,Yes
68204,No
68205,No
68206,Yes
68207,No
68208,Yes
68209,No
68210,Yes
68211,No
68212,No
68213,Yes
68214,Yes
68215,No
68216,No
68217,No
68218,Yes
68219,Yes
68220,No
68221,No
68222,No
68223,No
68224,No
68225,No
68226,No
68227,No
68228,No
68229,No
68230,No
68231,No
68232,No
68233,No
68234,No
68235,No
68236,No
68237,No
68238,No
68239,No
68240,No
68241,No
68242,No
68243,Yes
68244,No
68245,No
68246,Yes
68247,No
68248,No
68249,Yes
68250,Yes
68251,No
68252,No
68253,No
68254,Yes
68255,Yes
68256,No
68257,Yes
68258,Yes
68259,No
68260,No
68261,No
68262,No
68263,Yes
68264,No
68265,No
68266,Yes
68267,Yes
68268,Yes
68269,No
68270,Yes
68271,No
68272,Yes
68273,No
68274,Yes
68275,No
68276,No
68277,No
68278,No
68279,Yes
68280,Yes
68281,No
68282,Yes
68283,No
68284,Yes
68285,No
68286,No
68287,Yes
68288,No
68289,Yes
68290,No
68291,No
68292,No
68293,No
68294,Yes
68295,No
68296,Yes
68297,No
68298,No
68299,No
68300,No
68301,No
68302,No
68303,No
68304,Yes
68305,No
68306,No
68307,Yes
68308,No
68309,No
68310,Yes
68311,Yes
68312,Yes
68313,No
68314,No
68315,No
68316,No
68317,Yes
68318,No
68319,No
68320,Yes
68321,No
68322,No
68323,No
68324,No
68325,No
68326,No
68327,No
68328,No
68329,Yes
68330,No
68331,No
68332,Yes
68333,No
68334,No
68335,Yes
68336,No
68337,Yes
68338,No
68339,Yes
68340,Yes
68341,Yes
68342,No
68343,No
68344,Yes
68345,No
68346,No
68347,No
68348,No
68349,Yes
68350,No
68351,Yes
68352,No
68353,No
68354,No
68355,Yes
68356,No
68357,No
68358,No
68359,Yes
68360,Yes
68361,No
68362,No
68363,No
68364,No
68365,No
68366,No
68367,No
68368,Yes
68369,No
68370,Yes
68371,Yes
68372,No
68373,No
68374,Yes
68375,No
68376,Yes
68377,No
68378,Yes
68379,No
68380,No
68381,No
68382,Yes
68383,No
68384,No
68385,Yes
68386,Yes
68387,Yes
68388,No
68389,No
68390,No
68391,No
68392,No
68393,No
68394,No
68395,Yes
68396,Yes
68397,No
68398,No
68399,No
68400,No
68401,No
68402,Yes
68403,No
68404,No
68405,No
68406,No
68407,No
68408,Yes
68409,No
68410,No
68411,No
68412,No
68413,No
68414,No
68415,No
68416,Yes
68417,No
68418,Yes
68419,Yes
68420,No
68421,No
68422,Yes
68423,No
68424,No
68425,No
68426,No
68427,No
68428,Yes
68429,No
68430,No
68431,Yes
68432,No
68433,Yes
68434,No
68435,Yes
68436,No
68437,No
68438,No
68439,Yes
68440,No
68441,No
68442,Yes
68443,Yes
68444,No
68445,No
68446,Yes
68447,No
68448,No
68449,No
68450,Yes
68451,No
68452,No
68453,No
68454,No
68455,No
68456,Yes
68457,No
68458,No
68459,No
68460,No
68461,No
68462,Yes
68463,No
68464,Yes
68465,No
68466,No
68467,No
68468,No
68469,No
68470,No
68471,No
68472,No
68473,Yes
68474,No
68475,No
68476,No
68477,No
68478,No
68479,No
68480,Yes
68481,No
68482,Yes
68483,No
68484,No
68485,No
68486,No
68487,No
68488,Yes
68489,No
68490,No
68491,Yes
68492,No
68493,No
68494,No
68495,No
68496,Yes
68497,Yes
68498,No
68499,No
68500,No
68501,No
68502,No
68503,Yes
68504,No
68505,No
68506,No
68507,No
68508,Yes
68509,No
68510,No
68511,No
68512,No
68513,Yes
68514,No
68515,No
68516,No
68517,No
68518,Yes
68519,No
68520,No
68521,No
68522,Yes
68523,No
68524,No
68525,Yes
68526,No
68527,No
68528,No
68529,No
68530,Yes
68531,No
68532,No
68533,Yes
68534,No
68535,No
68536,Yes
68537,No
68538,No
68539,No
68540,No
68541,No
68542,No
68543,No
68544,No
68545,No
68546,Yes
68547,No
68548,No
68549,No
68550,No
68551,Yes
68552,No
68553,No
68554,Yes
68555,No
68556,Yes
68557,No
68558,No
68559,No
68560,No
68561,No
68562,No
68563,No
68564,Yes
68565,No
68566,No
68567,No
68568,Yes
68569,No
68570,No
68571,No
68572,No
68573,Yes
68574,Yes
68575,Yes
68576,No
68577,No
68578,Yes
68579,No
68580,No
68581,No
68582,No
68583,No
68584,No
68585,Yes
68586,No
68587,No
68588,No
68589,No
68590,No
68591,No
68592,No
68593,No
68594,Yes
68595,No
68596,No
68597,No
68598,No
68599,Yes
68600,Yes
68601,No
68602,Yes
68603,No
68604,No
68605,No
68606,No
68607,No
68608,No
68609,No
68610,Yes
68611,No
68612,Yes
68613,No
68614,No
68615,No
68616,Yes
68617,No
68618,No
68619,No
68620,Yes
68621,No
68622,No
68623,No
68624,Yes
68625,No
68626,No
68627,No
68628,Yes
68629,Yes
68630,No
68631,Yes
68632,No
68633,No
68634,No
68635,Yes
68636,No
68637,No
68638,No
68639,No
68640,No
68641,No
68642,No
68643,Yes
68644,No
68645,Yes
68646,No
68647,No
68648,No
68649,No
68650,No
68651,No
68652,No
68653,No
68654,No
68655,Yes
68656,No
68657,No
68658,Yes
68659,No
68660,No
68661,No
68662,No
68663,No
68664,No
68665,No
68666,Yes
68667,No
68668,No
68669,No
68670,No
68671,No
68672,No
68673,Yes
68674,No
68675,No
68676,No
68677,No
68678,No
68679,No
68680,Yes
68681,No
68682,No
68683,No
68684,No
68685,No
68686,Yes
68687,No
68688,No
68689,No
68690,Yes
68691,No
68692,No
68693,No
68694,Yes
68695,No
68696,Yes
68697,No
68698,No
68699,No
68700,No
68701,No
68702,No
68703,No
68704,No
68705,No
68706,No
68707,Yes
68708,No
68709,No
68710,No
68711,No
68712,Yes
68713,No
68714,No
68715,No
68716,Yes
68717,No
68718,No
68719,No
68720,No
68721,No
68722,No
68723,Yes
68724,No
68725,No
68726,No
68727,No
68728,Yes
68729,No
68730,No
68731,No
68732,No
68733,No
68734,No
68735,No
68736,No
68737,No
68738,No
68739,No
68740,No
68741,No
68742,Yes
68743,No
68744,No
68745,No
68746,Yes
68747,No
68748,No
68749,No
68750,No
68751,No
68752,No
68753,No
68754,No
68755,Yes
68756,Yes
68757,No
68758,Yes
68759,No
68760,No
68761,No
68762,No
68763,Yes
68764,No
68765,No
68766,Yes
68767,No
68768,No
68769,No
68770,Yes
68771,No
68772,No
68773,No
68774,No
68775,Yes
68776,Yes
68777,No
68778,Yes
68779,No
68780,No
68781,No
68782,Yes
68783,No
68784,No
68785,No
68786,No
68787,No
68788,No
68789,Yes
68790,No
68791,Yes
68792,No
68793,No
68794,Yes
68795,No
68796,Yes
68797,No
68798,No
68799,No
68800,No
68801,No
68802,No
68803,No
68804,Yes
68805,No
68806,No
68807,No
68808,No
68809,No
68810,No
68811,No
68812,No
68813,Yes
68814,No
68815,Yes
68816,No
68817,No
68818,Yes
68819,No
68820,No
68821,Yes
68822,Yes
68823,Yes
68824,Yes
68825,No
68826,Yes
68827,No
68828,No
68829,No
68830,Yes
68831,No
68832,No
68833,No
68834,Yes
68835,Yes
68836,No
68837,No
68838,No
68839,No
68840,No
68841,No
68842,No
68843,Yes
68844,No
68845,No
68846,No
68847,No
68848,Yes
68849,No
68850,No
68851,Yes
68852,No
68853,No
68854,No
68855,No
68856,Yes
68857,No
68858,No
68859,No
68860,No
68861,No
68862,No
68863,No
68864,No
68865,No
68866,No
68867,No
68868,No
68869,Yes
68870,No
68871,No
68872,No
68873,No
68874,No
68875,No
68876,No
68877,No
68878,No
68879,No
68880,No
68881,No
68882,No
68883,Yes
68884,Yes
68885,No
68886,No
68887,No
68888,No
68889,Yes
68890,No
68891,No
68892,No
68893,No
68894,No
68895,No
68896,No
68897,No
68898,No
68899,Yes
68900,Yes
68901,No
68902,Yes
68903,No
68904,Yes
68905,No
68906,Yes
68907,No
68908,No
68909,No
68910,No
68911,No
68912,No
68913,No
68914,Yes
68915,No
68916,Yes
68917,No
68918,No
68919,Yes
68920,Yes
68921,No
68922,No
68923,Yes
68924,No
68925,Yes
68926,No
68927,Yes
68928,Yes
68929,Yes
68930,No
68931,No
68932,No
68933,No
68934,No
68935,No
68936,No
68937,No
68938,Yes
68939,Yes
68940,No
68941,No
68942,No
68943,Yes
68944,Yes
68945,No
68946,No
68947,No
68948,Yes
68949,No
68950,Yes
68951,No
68952,No
68953,No
68954,Yes
68955,No
68956,No
68957,No
68958,No
68959,No
68960,Yes
68961,No
68962,No
68963,Yes
68964,No
68965,No
68966,No
68967,Yes
68968,No
68969,No
68970,No
68971,No
68972,Yes
68973,No
68974,No
68975,No
68976,Yes
68977,No
68978,No
68979,Yes
68980,Yes
68981,No
68982,No
68983,Yes
68984,No
68985,Yes
68986,No
68987,No
68988,Yes
68989,No
68990,No
68991,Yes
68992,Yes
68993,Yes
68994,Yes
68995,No
68996,No
68997,No
68998,No
68999,No
69000,Yes
69001,No
69002,No
69003,No
69004,No
69005,No
69006,No
69007,No
69008,No
69009,Yes
69010,Yes
69011,No
69012,Yes
69013,Yes
69014,Yes
69015,No
69016,Yes
69017,No
69018,No
69019,No
69020,No
69021,No
69022,Yes
69023,No
69024,No
69025,No
69026,No
69027,No
69028,No
69029,No
69030,No
69031,No
69032,No
69033,No
69034,Yes
69035,No
69036,Yes
69037,No
69038,Yes
69039,No
69040,No
69041,Yes
69042,No
69043,No
69044,No
69045,No
69046,No
69047,No
69048,No
69049,No
69050,No
69051,No
69052,Yes
69053,No
69054,No
69055,No
69056,No
69057,No
69058,No
69059,No
69060,Yes
69061,No
69062,No
69063,Yes
69064,No
69065,No
69066,No
69067,Yes
69068,No
69069,No
69070,No
69071,No
69072,No
69073,Yes
69074,Yes
69075,No
69076,No
69077,No
69078,Yes
69079,No
69080,No
69081,No
69082,No
69083,Yes
69084,No
69085,No
69086,Yes
69087,Yes
69088,No
69089,No
69090,Yes
69091,No
69092,Yes
69093,No
69094,Yes
69095,No
69096,No
69097,No
69098,No
69099,No
69100,Yes
69101,No
69102,No
69103,Yes
69104,No
69105,No
69106,No
69107,No
69108,No
69109,No
69110,No
69111,Yes
69112,No
69113,No
69114,No
69115,Yes
69116,No
69117,Yes
69118,No
69119,No
69120,No
69121,No
69122,No
69123,No
69124,No
69125,Yes
69126,No
69127,No
69128,No
69129,Yes
69130,No
69131,No
69132,No
69133,No
69134,Yes
69135,No
69136,No
69137,No
69138,No
69139,No
69140,Yes
69141,No
69142,Yes
69143,No
69144,No
69145,No
69146,Yes
69147,Yes
69148,No
69149,No
69150,Yes
69151,Yes
69152,Yes
69153,No
69154,No
69155,Yes
69156,No
69157,No
69158,No
69159,No
69160,No
69161,No
69162,Yes
69163,No
69164,No
69165,No
69166,Yes
69167,No
69168,No
69169,No
69170,No
69171,No
69172,No
69173,No
69174,No
69175,No
69176,Yes
69177,No
69178,No
69179,No
69180,No
69181,Yes
69182,Yes
69183,No
69184,No
69185,No
69186,No
69187,No
69188,No
69189,No
69190,No
69191,No
69192,Yes
69193,No
69194,No
69195,Yes
69196,No
69197,No
69198,Yes
69199,No
69200,No
69201,Yes
69202,No
69203,No
69204,No
69205,Yes
69206,No
69207,No
69208,No
69209,No
69210,No
69211,Yes
69212,Yes
69213,No
69214,No
69215,Yes
69216,No
69217,Yes
69218,No
69219,No
69220,No
69221,Yes
69222,No
69223,Yes
69224,No
69225,Yes
69226,No
69227,No
69228,No
69229,No
69230,No
69231,No
69232,Yes
69233,No
69234,No
69235,Yes
69236,No
69237,No
69238,No
69239,No
69240,No
69241,No
69242,Yes
69243,No
69244,No
69245,No
69246,No
69247,No
69248,No
69249,Yes
69250,No
69251,No
69252,No
69253,Yes
69254,No
69255,No
69256,No
69257,No
69258,No
69259,No
69260,No
69261,No
69262,No
69263,No
69264,No
69265,No
69266,Yes
69267,No
69268,No
69269,No
69270,No
69271,No
69272,No
69273,Yes
69274,No
69275,Yes
69276,No
69277,No
69278,No
69279,No
69280,No
69281,No
69282,Yes
69283,No
69284,Yes
69285,Yes
69286,Yes
69287,Yes
69288,Yes
69289,Yes
69290,No
69291,No
69292,No
69293,Yes
69294,No
69295,Yes
69296,No
69297,No
69298,Yes
69299,No
69300,No
69301,No
69302,Yes
69303,No
69304,Yes
69305,No
69306,No
69307,No
69308,No
69309,No
69310,No
69311,No
69312,No
69313,No
69314,No
69315,No
69316,No
69317,No
69318,No
69319,No
69320,No
69321,No
69322,No
69323,No
69324,No
69325,No
69326,Yes
69327,Yes
69328,No
69329,No
69330,No
69331,No
69332,No
69333,No
69334,No
69335,No
69336,No
69337,No
69338,No
69339,No
69340,No
69341,No
69342,Yes
69343,No
69344,No
69345,Yes
69346,No
69347,No
69348,Yes
69349,No
69350,No
69351,No
69352,Yes
69353,No
69354,No
69355,Yes
69356,No
69357,No
69358,No
69359,No
69360,Yes
69361,No
69362,Yes
69363,No
69364,No
69365,No
69366,No
69367,No
69368,Yes
69369,No
69370,Yes
69371,No
69372,No
69373,No
69374,Yes
69375,No
69376,No
69377,Yes
69378,Yes
69379,Yes
69380,No
69381,No
69382,Yes
69383,Yes
69384,No
69385,Yes
69386,Yes
69387,No
69388,Yes
69389,No
69390,No
69391,No
69392,No
69393,No
69394,No
69395,No
69396,No
69397,Yes
69398,No
69399,No
69400,No
69401,No
69402,No
69403,No
69404,No
69405,No
69406,No
69407,No
69408,No
69409,No
69410,Yes
69411,No
69412,No
69413,Yes
69414,Yes
69415,No
69416,No
69417,No
69418,Yes
69419,Yes
69420,No
69421,No
69422,Yes
69423,No
69424,No
69425,No
69426,No
69427,Yes
69428,Yes
69429,Yes
69430,No
69431,No
69432,No
69433,No
69434,Yes
69435,No
69436,Yes
69437,No
69438,No
69439,No
69440,No
69441,No
69442,Yes
69443,No
69444,No
69445,Yes
69446,No
69447,No
69448,No
69449,No
69450,No
69451,No
69452,No
69453,No
69454,No
69455,No
69456,No
69457,Yes
69458,No
69459,No
69460,No
69461,No
69462,Yes
69463,No
69464,No
69465,No
69466,No
69467,Yes
69468,No
69469,No
69470,No
69471,No
69472,No
69473,Yes
69474,Yes
69475,Yes
69476,Yes
69477,No
69478,No
69479,No
69480,Yes
69481,No
69482,No
69483,No
69484,No
69485,No
69486,No
69487,No
69488,Yes
69489,Yes
69490,No
69491,No
69492,Yes
69493,No
69494,No
69495,Yes
69496,Yes
69497,Yes
69498,No
69499,Yes
69500,No
69501,No
69502,No
69503,Yes
69504,Yes
69505,Yes
69506,No
69507,No
69508,No
69509,No
69510,Yes
69511,No
69512,No
69513,Yes
69514,Yes
69515,No
69516,No
69517,No
69518,No
69519,No
69520,No
69521,No
69522,Yes
69523,No
69524,Yes
69525,No
69526,No
69527,No
69528,Yes
69529,No
69530,Yes
69531,No
69532,No
69533,No
69534,No
69535,No
69536,No
69537,No
69538,No
69539,No
69540,Yes
69541,No
69542,Yes
69543,No
69544,No
69545,No
69546,No
69547,No
69548,No
69549,No
69550,Yes
69551,No
69552,No
69553,Yes
69554,Yes
69555,No
69556,Yes
69557,No
69558,No
69559,No
69560,No
69561,No
69562,Yes
69563,No
69564,No
69565,No
69566,No
69567,Yes
69568,Yes
69569,No
69570,No
69571,No
69572,No
69573,No
69574,Yes
69575,Yes
69576,No
69577,No
69578,No
69579,No
69580,No
69581,No
69582,No
69583,No
69584,No
69585,No
69586,No
69587,No
69588,Yes
69589,Yes
69590,No
69591,No
69592,Yes
69593,No
69594,No
69595,No
69596,No
69597,No
69598,No
69599,No
69600,Yes
69601,No
69602,No
69603,No
69604,No
69605,No
69606,No
69607,No
69608,No
69609,No
69610,No
69611,No
69612,Yes
69613,Yes
69614,No
69615,No
69616,No
69617,No
69618,Yes
69619,No
69620,No
69621,Yes
69622,No
69623,No
69624,No
69625,No
69626,No
69627,No
69628,No
69629,No
69630,No
69631,No
69632,No
69633,No
69634,No
69635,Yes
69636,No
69637,No
69638,No
69639,No
69640,Yes
69641,No
69642,No
69643,No
69644,Yes
69645,No
69646,Yes
69647,No
69648,No
69649,No
69650,Yes
69651,No
69652,Yes
69653,Yes
69654,No
69655,No
69656,No
69657,Yes
69658,No
69659,No
69660,No
69661,No
69662,No
69663,No
69664,No
69665,No
69666,No
69667,No
69668,No
69669,No
69670,No
69671,Yes
69672,No
69673,No
69674,No
69675,No
69676,No
69677,Yes
69678,No
69679,No
69680,No
69681,No
69682,No
69683,No
69684,No
69685,No
69686,No
69687,Yes
69688,No
69689,Yes
69690,No
69691,Yes
69692,No
69693,No
69694,No
69695,Yes
69696,Yes
69697,No
69698,No
69699,No
69700,No
69701,No
69702,No
69703,Yes
69704,No
69705,No
69706,No
69707,No
69708,No
69709,No
69710,No
69711,No
69712,No
69713,No
69714,No
69715,Yes
69716,No
69717,No
69718,No
69719,No
69720,Yes
69721,No
69722,Yes
69723,No
69724,No
69725,No
69726,No
69727,No
69728,Yes
69729,No
69730,Yes
69731,Yes
69732,No
69733,No
69734,Yes
69735,No
69736,No
69737,No
69738,Yes
69739,No
69740,No
69741,No
69742,Yes
69743,No
69744,No
69745,Yes
69746,No
69747,No
69748,Yes
69749,No
69750,No
69751,Yes
69752,Yes
69753,No
69754,No
69755,No
69756,No
69757,Yes
69758,No
69759,No
69760,Yes
69761,No
69762,No
69763,No
69764,No
69765,Yes
69766,No
69767,No
69768,Yes
69769,No
69770,No
69771,Yes
69772,No
69773,No
69774,No
69775,No
69776,Yes
69777,No
69778,No
69779,No
69780,No
69781,Yes
69782,No
69783,No
69784,No
69785,No
69786,No
69787,No
69788,No
69789,Yes
69790,No
69791,No
69792,Yes
69793,No
69794,No
69795,No
69796,No
69797,Yes
69798,No
69799,No
69800,No
69801,No
69802,No
69803,No
69804,No
69805,No
69806,No
69807,No
69808,Yes
69809,No
69810,Yes
69811,No
69812,Yes
69813,No
69814,No
69815,No
69816,No
69817,No
69818,No
69819,Yes
69820,Yes
69821,No
69822,Yes
69823,Yes
69824,No
69825,Yes
69826,Yes
69827,Yes
69828,Yes
69829,No
69830,No
69831,Yes
69832,No
69833,No
69834,Yes
69835,Yes
69836,No
69837,No
69838,No
69839,No
69840,No
69841,No
69842,No
69843,No
69844,No
69845,No
69846,Yes
69847,No
69848,No
69849,Yes
69850,Yes
69851,No
69852,No
69853,No
69854,No
69855,No
69856,No
69857,No
69858,No
69859,No
69860,No
69861,No
69862,No
69863,No
69864,No
69865,Yes
69866,No
69867,No
69868,No
69869,No
69870,No
69871,No
69872,Yes
69873,No
69874,No
69875,No
69876,No
69877,Yes
69878,No
69879,No
69880,No
69881,No
69882,Yes
69883,No
69884,No
69885,No
69886,No
69887,No
69888,No
69889,No
69890,No
69891,No
69892,No
69893,No
69894,Yes
69895,No
69896,No
69897,No
69898,No
69899,No
69900,Yes
69901,No
69902,No
69903,No
69904,No
69905,No
69906,No
69907,No
69908,No
69909,No
69910,No
69911,No
69912,No
69913,No
69914,Yes
69915,No
69916,No
69917,No
69918,Yes
69919,No
69920,No
69921,No
69922,No
69923,No
69924,No
69925,No
69926,No
69927,Yes
69928,Yes
69929,No
69930,No
69931,No
69932,No
69933,No
69934,No
69935,No
69936,No
69937,No
69938,No
69939,No
69940,No
69941,No
69942,No
69943,Yes
69944,Yes
69945,No
69946,Yes
69947,No
69948,Yes
69949,No
69950,Yes
69951,No
69952,Yes
69953,No
69954,No
69955,Yes
69956,No
69957,Yes
69958,No
69959,Yes
69960,No
69961,No
69962,No
69963,No
69964,No
69965,No
69966,No
69967,No
69968,No
69969,No
69970,No
69971,No
69972,No
69973,Yes
69974,No
69975,Yes
69976,No
69977,No
69978,Yes
69979,No
69980,No
69981,No
69982,No
69983,Yes
69984,No
69985,No
69986,Yes
69987,No
69988,Yes
69989,No
69990,No
69991,Yes
69992,No
69993,No
69994,No
69995,No
69996,No
69997,Yes
69998,No
69999,No
70000,Yes
70001,No
70002,Yes
70003,No
70004,No
70005,No
70006,Yes
70007,No
70008,No
70009,No
70010,Yes
70011,No
70012,No
70013,No
70014,No
70015,Yes
70016,No
70017,Yes
70018,No
70019,No
70020,No
70021,No
70022,No
70023,Yes
70024,No
70025,No
70026,Yes
70027,No
70028,No
70029,No
70030,No
70031,No
70032,No
70033,No
70034,No
70035,No
70036,No
70037,No
70038,No
70039,Yes
70040,No
70041,No
70042,No
70043,No
70044,No
70045,No
70046,No
70047,No
70048,No
70049,Yes
70050,Yes
70051,Yes
70052,No
70053,Yes
70054,No
70055,No
70056,No
70057,No
70058,Yes
70059,Yes
70060,No
70061,No
70062,No
70063,Yes
70064,Yes
70065,No
70066,No
70067,No
70068,No
70069,No
70070,Yes
70071,No
70072,Yes
70073,Yes
70074,No
70075,No
70076,No
70077,No
70078,No
70079,Yes
70080,No
70081,No
70082,No
70083,No
70084,Yes
70085,No
70086,No
70087,Yes
70088,No
70089,No
70090,Yes
70091,No
70092,No
70093,No
70094,No
70095,No
70096,No
70097,Yes
70098,No
70099,No
70100,No
70101,No
70102,No
70103,No
70104,No
70105,No
70106,No
70107,No
70108,No
70109,No
70110,No
70111,Yes
70112,No
70113,No
70114,No
70115,No
70116,No
70117,Yes
70118,No
70119,Yes
70120,No
70121,No
70122,Yes
70123,No
70124,No
70125,No
70126,No
70127,No
70128,Yes
70129,Yes
70130,No
70131,Yes
70132,No
70133,Yes
70134,No
70135,No
70136,Yes
70137,No
70138,No
70139,Yes
70140,No
70141,No
70142,No
70143,No
70144,No
70145,Yes
70146,No
70147,Yes
70148,No
70149,No
70150,Yes
70151,No
70152,Yes
70153,Yes
70154,No
70155,Yes
70156,No
70157,No
70158,No
70159,Yes
70160,No
70161,No
70162,Yes
70163,Yes
70164,Yes
70165,No
70166,Yes
70167,No
70168,No
70169,No
70170,No
70171,No
70172,Yes
70173,No
70174,No
70175,Yes
70176,No
70177,No
70178,Yes
70179,No
70180,Yes
70181,Yes
70182,Yes
70183,Yes
70184,No
70185,Yes
70186,Yes
70187,No
70188,No
70189,No
70190,No
70191,No
70192,No
70193,No
70194,No
70195,No
70196,No
70197,Yes
70198,No
70199,No
70200,No
70201,No
70202,No
70203,No
70204,No
70205,No
70206,No
70207,No
70208,Yes
70209,No
70210,Yes
70211,No
70212,No
70213,No
70214,No
70215,No
70216,No
70217,Yes
70218,No
70219,No
70220,No
70221,No
70222,Yes
70223,No
70224,No
70225,No
70226,Yes
70227,Yes
70228,No
70229,No
70230,No
70231,No
70232,No
70233,No
70234,No
70235,No
70236,No
70237,Yes
70238,Yes
70239,No
70240,No
70241,No
70242,No
70243,No
70244,Yes
70245,No
70246,No
70247,No
70248,No
70249,No
70250,Yes
70251,No
70252,No
70253,No
70254,Yes
70255,Yes
70256,No
70257,No
70258,No
70259,No
70260,No
70261,No
70262,No
70263,No
70264,No
70265,Yes
70266,Yes
70267,No
70268,No
70269,Yes
70270,No
70271,No
70272,No
70273,No
70274,Yes
70275,Yes
70276,No
70277,No
70278,No
70279,No
70280,Yes
70281,Yes
70282,No
70283,No
70284,Yes
70285,No
70286,No
70287,No
70288,Yes
70289,No
70290,Yes
70291,No
70292,No
70293,No
70294,No
70295,No
70296,No
70297,No
70298,Yes
70299,No
70300,No
70301,Yes
70302,No
70303,No
70304,No
70305,No
70306,No
70307,Yes
70308,Yes
70309,No
70310,No
70311,No
70312,No
70313,Yes
70314,No
70315,No
70316,No
70317,No
70318,Yes
70319,No
70320,No
70321,No
70322,Yes
70323,No
70324,No
70325,No
70326,No
70327,No
70328,Yes
70329,Yes
70330,Yes
70331,Yes
70332,No
70333,Yes
70334,No
70335,No
70336,No
70337,No
70338,No
70339,No
70340,No
70341,No
70342,No
70343,Yes
70344,Yes
70345,No
70346,No
70347,No
70348,No
70349,Yes
70350,No
70351,No
70352,No
70353,No
70354,No
70355,No
70356,Yes
70357,Yes
70358,Yes
70359,No
70360,No
70361,No
70362,No
70363,No
70364,No
70365,Yes
70366,No
70367,No
70368,No
70369,Yes
70370,No
70371,Yes
70372,No
70373,No
70374,Yes
70375,Yes
70376,No
70377,Yes
70378,Yes
70379,No
70380,No
70381,No
70382,Yes
70383,No
70384,Yes
70385,Yes
70386,No
70387,No
70388,No
70389,Yes
70390,Yes
70391,Yes
70392,No
70393,No
70394,Yes
70395,No
70396,Yes
70397,Yes
70398,Yes
70399,No
70400,No
70401,No
70402,Yes
70403,No
70404,No
70405,No
70406,No
70407,Yes
70408,No
70409,Yes
70410,No
70411,No
70412,No
70413,No
70414,No
70415,Yes
70416,No
70417,Yes
70418,Yes
70419,Yes
70420,No
70421,Yes
70422,No
70423,No
70424,No
70425,No
70426,Yes
70427,No
70428,Yes
70429,Yes
70430,No
70431,Yes
70432,Yes
70433,No
70434,Yes
70435,No
70436,No
70437,No
70438,Yes
70439,No
70440,No
70441,No
70442,No
70443,No
70444,Yes
70445,No
70446,No
70447,No
70448,Yes
70449,No
70450,Yes
70451,No
70452,No
70453,No
70454,No
70455,Yes
70456,No
70457,Yes
70458,No
70459,Yes
70460,Yes
70461,No
70462,Yes
70463,No
70464,Yes
70465,No
70466,No
70467,No
70468,No
70469,No
70470,No
70471,Yes
70472,No
70473,No
70474,Yes
70475,No
70476,No
70477,No
70478,No
70479,No
70480,No
70481,No
70482,No
70483,Yes
70484,No
70485,No
70486,No
70487,Yes
70488,Yes
70489,No
70490,No
70491,No
70492,No
70493,No
70494,No
70495,No
70496,No
70497,Yes
70498,No
70499,Yes
70500,No
70501,No
70502,Yes
70503,No
70504,No
70505,No
70506,No
70507,No
70508,No
70509,No
70510,No
70511,No
70512,No
70513,No
70514,No
70515,Yes
70516,Yes
70517,Yes
70518,No
70519,No
70520,No
70521,No
70522,Yes
70523,Yes
70524,No
70525,No
70526,Yes
70527,Yes
70528,Yes
70529,No
70530,No
70531,No
70532,No
70533,Yes
70534,No
70535,No
70536,Yes
70537,No
70538,Yes
70539,No
70540,Yes
70541,No
70542,No
70543,No
70544,No
70545,No
70546,No
70547,No
70548,No
70549,No
70550,No
70551,No
70552,No
70553,Yes
70554,No
70555,No
70556,No
70557,No
70558,No
70559,No
70560,Yes
70561,No
70562,No
70563,No
70564,No
70565,No
70566,No
70567,Yes
70568,No
70569,No
70570,No
70571,No
70572,No
70573,No
70574,No
70575,Yes
70576,No
70577,Yes
70578,Yes
70579,No
70580,No
70581,No
70582,No
70583,No
70584,No
70585,Yes
70586,Yes
70587,No
70588,No
70589,No
70590,No
70591,Yes
70592,No
70593,No
70594,Yes
70595,No
70596,No
70597,No
70598,No
70599,No
70600,Yes
70601,Yes
70602,No
70603,No
70604,No
70605,Yes
70606,Yes
70607,No
70608,No
70609,Yes
70610,No
70611,Yes
70612,No
70613,No
70614,Yes
70615,Yes
70616,No
70617,Yes
70618,Yes
70619,No
70620,Yes
70621,No
70622,Yes
70623,Yes
70624,No
70625,No
70626,Yes
70627,No
70628,No
70629,No
70630,No
70631,No
70632,Yes
70633,No
70634,No
70635,No
70636,No
70637,No
70638,No
70639,No
70640,No
70641,No
70642,No
70643,Yes
70644,No
70645,Yes
70646,Yes
70647,Yes
70648,No
70649,No
70650,No
70651,No
70652,No
70653,No
70654,Yes
70655,Yes
70656,No
70657,No
70658,No
70659,No
70660,No
70661,No
70662,No
70663,No
70664,No
70665,No
70666,No
70667,No
70668,No
70669,Yes
70670,No
70671,No
70672,No
70673,No
70674,No
70675,No
70676,No
70677,Yes
70678,No
70679,No
70680,No
70681,No
70682,No
70683,No
70684,No
70685,No
70686,Yes
70687,No
70688,No
70689,No
70690,No
70691,Yes
70692,Yes
70693,No
70694,No
70695,No
70696,No
70697,Yes
70698,No
70699,No
70700,No
70701,No
70702,No
70703,No
70704,No
70705,No
70706,Yes
70707,No
70708,No
70709,No
70710,No
70711,Yes
70712,No
70713,No
70714,No
70715,No
70716,No
70717,No
70718,No
70719,No
70720,No
70721,No
70722,No
70723,No
70724,No
70725,No
70726,No
70727,No
70728,No
70729,No
70730,No
70731,Yes
70732,No
70733,No
70734,No
70735,No
70736,No
70737,Yes
70738,Yes
70739,No
70740,No
70741,Yes
70742,No
70743,No
70744,No
70745,No
70746,Yes
70747,No
70748,No
70749,No
70750,No
70751,Yes
70752,No
70753,No
70754,Yes
70755,No
70756,No
70757,No
70758,No
70759,No
70760,No
70761,No
70762,No
70763,No
70764,No
70765,No
70766,No
70767,No
70768,No
70769,No
70770,No
70771,No
70772,No
70773,No
70774,Yes
70775,No
70776,No
70777,No
70778,No
70779,No
70780,No
70781,No
70782,No
70783,Yes
70784,No
70785,No
70786,No
70787,No
70788,No
70789,No
70790,No
70791,No
70792,No
70793,No
70794,No
70795,Yes
70796,No
70797,No
70798,No
70799,No
70800,Yes
70801,Yes
70802,No
70803,No
70804,Yes
70805,Yes
70806,No
70807,Yes
70808,No
70809,No
70810,Yes
70811,Yes
70812,No
70813,No
70814,No
70815,No
70816,No
70817,No
70818,No
70819,No
70820,Yes
70821,No
70822,Yes
70823,No
70824,Yes
70825,No
70826,No
70827,No
70828,No
70829,No
70830,No
70831,Yes
70832,No
70833,No
70834,No
70835,No
70836,No
70837,Yes
70838,No
70839,No
70840,No
70841,No
70842,No
70843,Yes
70844,Yes
70845,No
70846,No
70847,No
70848,No
70849,Yes
70850,No
70851,No
70852,No
70853,No
70854,No
70855,No
70856,No
70857,Yes
70858,Yes
70859,No
70860,No
70861,No
70862,No
70863,Yes
70864,No
70865,No
70866,Yes
70867,No
70868,No
70869,No
70870,Yes
70871,Yes
70872,No
70873,No
70874,No
70875,Yes
70876,No
70877,Yes
70878,No
70879,No
70880,No
70881,No
70882,No
70883,No
70884,No
70885,Yes
70886,No
70887,No
70888,Yes
70889,No
70890,No
70891,Yes
70892,No
70893,No
70894,No
70895,No
70896,Yes
70897,No
70898,No
70899,No
70900,No
70901,No
70902,No
70903,No
70904,No
70905,No
70906,No
70907,Yes
70908,No
70909,No
70910,No
70911,No
70912,No
70913,Yes
70914,No
70915,No
70916,No
70917,No
70918,No
70919,Yes
70920,Yes
70921,No
70922,Yes
70923,Yes
70924,No
70925,No
70926,No
70927,No
70928,No
70929,No
70930,No
70931,No
70932,No
70933,Yes
70934,No
70935,No
70936,No
70937,Yes
70938,Yes
70939,No
70940,No
70941,No
70942,No
70943,No
70944,No
70945,No
70946,No
70947,Yes
70948,Yes
70949,No
70950,Yes
70951,No
70952,No
70953,Yes
70954,Yes
70955,No
70956,No
70957,No
70958,Yes
70959,Yes
70960,No
70961,Yes
70962,Yes
70963,No
70964,No
70965,No
70966,No
70967,Yes
70968,No
70969,No
70970,No
70971,No
70972,Yes
70973,No
70974,No
70975,No
70976,No
70977,No
70978,No
70979,No
70980,No
70981,No
70982,No
70983,No
70984,No
70985,Yes
70986,No
70987,Yes
70988,No
70989,No
70990,No
70991,No
70992,No
70993,No
70994,No
70995,No
70996,Yes
70997,No
70998,No
70999,No
71000,No
71001,No
71002,No
71003,Yes
71004,Yes
71005,Yes
71006,Yes
71007,No
71008,No
71009,No
71010,No
71011,Yes
71012,No
71013,No
71014,No
71015,Yes
71016,No
71017,No
71018,Yes
71019,No
71020,Yes
71021,Yes
71022,Yes
71023,No
71024,No
71025,Yes
71026,No
71027,No
71028,No
71029,No
71030,No
71031,No
71032,No
71033,No
71034,No
71035,Yes
71036,No
71037,No
71038,No
71039,Yes
71040,No
71041,No
71042,No
71043,No
71044,No
71045,No
71046,Yes
71047,No
71048,No
71049,No
71050,No
71051,Yes
71052,No
71053,No
71054,No
71055,No
71056,No
71057,No
71058,No
71059,No
71060,Yes
71061,No
71062,No
71063,No
71064,Yes
71065,No
71066,No
71067,No
71068,No
71069,Yes
71070,No
71071,No
71072,No
71073,No
71074,No
71075,No
71076,Yes
71077,Yes
71078,Yes
71079,No
71080,No
71081,Yes
71082,Yes
71083,No
71084,No
71085,No
71086,Yes
71087,No
71088,Yes
71089,Yes
71090,Yes
71091,Yes
71092,No
71093,Yes
71094,No
71095,Yes
71096,No
71097,No
71098,No
71099,Yes
71100,Yes
71101,No
71102,No
71103,No
71104,No
71105,No
71106,No
71107,No
71108,No
71109,Yes
71110,No
71111,Yes
71112,Yes
71113,No
71114,No
71115,No
71116,Yes
71117,Yes
71118,No
71119,No
71120,No
71121,No
71122,No
71123,No
71124,No
71125,Yes
71126,No
71127,Yes
71128,No
71129,No
71130,No
71131,No
71132,Yes
71133,No
71134,No
71135,No
71136,No
71137,No
71138,No
71139,No
71140,No
71141,Yes
71142,No
71143,No
71144,No
71145,Yes
71146,No
71147,Yes
71148,No
71149,No
71150,No
71151,No
71152,No
71153,No
71154,No
71155,No
71156,No
71157,No
71158,Yes
71159,No
71160,No
71161,Yes
71162,No
71163,No
71164,Yes
71165,Yes
71166,No
71167,No
71168,Yes
71169,No
71170,Yes
71171,Yes
71172,No
71173,No
71174,No
71175,No
71176,No
71177,No
71178,No
71179,No
71180,No
71181,No
71182,No
71183,No
71184,No
71185,No
71186,Yes
71187,No
71188,No
71189,No
71190,No
71191,Yes
71192,No
71193,Yes
71194,No
71195,No
71196,No
71197,No
71198,No
71199,Yes
71200,No
71201,No
71202,Yes
71203,No
71204,No
71205,Yes
71206,No
71207,No
71208,Yes
71209,Yes
71210,No
71211,No
71212,No
71213,No
71214,Yes
71215,No
71216,No
71217,Yes
71218,No
71219,No
71220,No
71221,No
71222,Yes
71223,No
71224,No
71225,No
71226,No
71227,No
71228,No
71229,No
71230,No
71231,Yes
71232,No
71233,No
71234,No
71235,Yes
71236,No
71237,No
71238,No
71239,No
71240,Yes
71241,No
71242,Yes
71243,No
71244,No
71245,No
71246,Yes
71247,Yes
71248,No
71249,No
71250,Yes
71251,No
71252,No
71253,No
71254,No
71255,No
71256,No
71257,No
71258,No
71259,No
71260,Yes
71261,No
71262,No
71263,No
71264,Yes
71265,No
71266,No
71267,No
71268,Yes
71269,No
71270,Yes
71271,No
71272,No
71273,Yes
71274,Yes
71275,Yes
71276,No
71277,No
71278,No
71279,No
71280,No
71281,No
71282,No
71283,No
71284,No
71285,No
71286,No
71287,Yes
71288,Yes
71289,No
71290,Yes
71291,Yes
71292,No
71293,No
71294,No
71295,No
71296,No
71297,No
71298,No
71299,No
71300,Yes
71301,Yes
71302,Yes
71303,No
71304,No
71305,No
71306,Yes
71307,No
71308,No
71309,Yes
71310,No
71311,No
71312,No
71313,Yes
71314,Yes
71315,Yes
71316,Yes
71317,No
71318,No
71319,No
71320,No
71321,No
71322,No
71323,No
71324,No
71325,No
71326,No
71327,No
71328,No
71329,No
71330,No
71331,No
71332,No
71333,No
71334,Yes
71335,No
71336,No
71337,No
71338,No
71339,Yes
71340,No
71341,No
71342,Yes
71343,No
71344,No
71345,No
71346,No
71347,No
71348,No
71349,Yes
71350,No
71351,Yes
71352,No
71353,No
71354,Yes
71355,No
71356,Yes
71357,Yes
71358,Yes
71359,No
71360,Yes
71361,No
71362,No
71363,No
71364,No
71365,No
71366,No
71367,No
71368,Yes
71369,No
71370,No
71371,No
71372,No
71373,No
71374,No
71375,No
71376,Yes
71377,Yes
71378,No
71379,Yes
71380,No
71381,Yes
71382,Yes
71383,No
71384,No
71385,No
71386,No
71387,No
71388,No
71389,No
71390,No
71391,No
71392,No
71393,Yes
71394,No
71395,No
71396,Yes
71397,Yes
71398,No
71399,Yes
71400,No
71401,Yes
71402,Yes
71403,Yes
71404,No
71405,No
71406,Yes
71407,No
71408,No
71409,No
71410,No
71411,No
71412,Yes
71413,No
71414,No
71415,No
71416,Yes
71417,No
71418,No
71419,No
71420,Yes
71421,Yes
71422,No
71423,No
71424,No
71425,No
71426,Yes
71427,Yes
71428,Yes
71429,No
71430,No
71431,Yes
71432,No
71433,Yes
71434,No
71435,No
71436,Yes
71437,No
71438,No
71439,No
71440,No
71441,Yes
71442,No
71443,No
71444,No
71445,No
71446,Yes
71447,No
71448,No
71449,No
71450,No
71451,No
71452,No
71453,No
71454,Yes
71455,Yes
71456,Yes
71457,No
71458,Yes
71459,No
71460,No
71461,No
71462,No
71463,No
71464,No
71465,Yes
71466,No
71467,Yes
71468,No
71469,No
71470,No
71471,No
71472,No
71473,Yes
71474,No
71475,No
71476,No
71477,Yes
71478,No
71479,Yes
71480,No
71481,No
71482,No
71483,No
71484,No
71485,No
71486,Yes
71487,Yes
71488,No
71489,No
71490,Yes
71491,Yes
71492,No
71493,Yes
71494,No
71495,No
71496,Yes
71497,No
71498,No
71499,Yes
71500,No
71501,Yes
71502,No
71503,No
71504,Yes
71505,No
71506,No
71507,Yes
71508,Yes
71509,No
71510,No
71511,Yes
71512,No
71513,No
71514,No
71515,No
71516,Yes
71517,Yes
71518,No
71519,Yes
71520,No
71521,No
71522,No
71523,No
71524,No
71525,Yes
71526,No
71527,No
71528,No
71529,No
71530,No
71531,No
71532,No
71533,No
71534,No
71535,No
71536,No
71537,No
71538,No
71539,Yes
71540,No
71541,No
71542,No
71543,No
71544,Yes
71545,No
71546,No
71547,No
71548,No
71549,No
71550,No
71551,No
71552,No
71553,No
71554,No
71555,Yes
71556,Yes
71557,No
71558,Yes
71559,No
71560,No
71561,No
71562,Yes
71563,Yes
71564,Yes
71565,No
71566,No
71567,No
71568,No
71569,No
71570,No
71571,No
71572,Yes
71573,No
71574,No
71575,No
71576,No
71577,No
71578,No
71579,Yes
71580,No
71581,No
71582,No
71583,No
71584,Yes
71585,Yes
71586,No
71587,No
71588,No
71589,No
71590,No
71591,Yes
71592,Yes
71593,Yes
71594,No
71595,Yes
71596,No
71597,No
71598,No
71599,No
71600,No
71601,No
71602,No
71603,Yes
71604,No
71605,No
71606,No
71607,No
71608,No
71609,Yes
71610,Yes
71611,No
71612,No
71613,No
71614,No
71615,No
71616,No
71617,No
71618,No
71619,No
71620,Yes
71621,No
71622,No
71623,Yes
71624,Yes
71625,No
71626,No
71627,No
71628,No
71629,No
71630,No
71631,Yes
71632,Yes
71633,No
71634,No
71635,No
71636,Yes
71637,Yes
71638,No
71639,No
71640,Yes
71641,Yes
71642,No
71643,No
71644,Yes
71645,No
71646,Yes
71647,No
71648,No
71649,Yes
71650,No
71651,No
71652,No
71653,Yes
71654,No
71655,Yes
71656,Yes
71657,No
71658,Yes
71659,Yes
71660,No
71661,No
71662,No
71663,No
71664,No
71665,No
71666,Yes
71667,Yes
71668,Yes
71669,Yes
71670,No
71671,No
71672,No
71673,No
71674,No
71675,Yes
71676,Yes
71677,No
71678,No
71679,No
71680,No
71681,Yes
71682,No
71683,No
71684,No
71685,No
71686,No
71687,No
71688,No
71689,No
71690,No
71691,Yes
71692,No
71693,Yes
71694,Yes
71695,No
71696,No
71697,No
71698,No
71699,No
71700,No
71701,Yes
71702,No
71703,No
71704,Yes
71705,No
71706,No
71707,Yes
71708,No
71709,No
71710,No
71711,No
71712,No
71713,Yes
71714,No
71715,No
71716,No
71717,No
71718,Yes
71719,No
71720,Yes
71721,No
71722,No
71723,No
71724,No
71725,No
71726,No
71727,No
71728,No
71729,Yes
71730,No
71731,Yes
71732,No
71733,No
71734,No
71735,No
71736,No
71737,No
71738,Yes
71739,No
71740,Yes
71741,Yes
71742,Yes
71743,No
71744,No
71745,No
71746,No
71747,No
71748,No
71749,Yes
71750,No
71751,No
71752,No
71753,No
71754,No
71755,No
71756,Yes
71757,No
71758,No
71759,Yes
71760,No
71761,No
71762,No
71763,No
71764,Yes
71765,No
71766,No
71767,No
71768,No
71769,No
71770,No
71771,No
71772,No
71773,Yes
71774,No
71775,Yes
71776,No
71777,No
71778,No
71779,Yes
71780,No
71781,No
71782,No
71783,No
71784,Yes
71785,No
71786,Yes
71787,Yes
71788,No
71789,No
71790,Yes
71791,No
71792,No
71793,Yes
71794,No
71795,No
71796,No
71797,No
71798,Yes
71799,No
71800,No
71801,Yes
71802,No
71803,No
71804,No
71805,Yes
71806,No
71807,Yes
71808,No
71809,No
71810,No
71811,Yes
71812,No
71813,No
71814,Yes
71815,No
71816,No
71817,No
71818,No
71819,No
71820,No
71821,No
71822,No
71823,No
71824,No
71825,Yes
71826,No
71827,No
71828,No
71829,No
71830,No
71831,No
71832,No
71833,No
71834,No
71835,No
71836,No
71837,Yes
71838,No
71839,No
71840,Yes
71841,No
71842,Yes
71843,No
71844,No
71845,No
71846,No
71847,No
71848,No
71849,No
71850,No
71851,No
71852,No
71853,Yes
71854,No
71855,No
71856,Yes
71857,Yes
71858,No
71859,No
71860,Yes
71861,No
71862,No
71863,No
71864,Yes
71865,No
71866,No
71867,Yes
71868,Yes
71869,Yes
71870,Yes
71871,No
71872,Yes
71873,Yes
71874,No
71875,No
71876,No
71877,No
71878,No
71879,No
71880,No
71881,No
71882,Yes
71883,No
71884,Yes
71885,No
71886,No
71887,No
71888,Yes
71889,No
71890,No
71891,No
71892,Yes
71893,No
71894,No
71895,Yes
71896,Yes
71897,No
71898,No
71899,No
71900,No
71901,No
71902,No
71903,No
71904,No
71905,Yes
71906,No
71907,No
71908,No
71909,No
71910,No
71911,No
71912,No
71913,No
71914,Yes
71915,No
71916,No
71917,No
71918,No
71919,Yes
71920,Yes
71921,No
71922,Yes
71923,No
71924,Yes
71925,No
71926,Yes
71927,No
71928,No
71929,Yes
71930,No
71931,Yes
71932,No
71933,No
71934,No
71935,No
71936,No
71937,No
71938,Yes
71939,No
71940,No
71941,No
71942,Yes
71943,No
71944,Yes
71945,Yes
71946,No
71947,No
71948,No
71949,No
71950,No
71951,Yes
71952,Yes
71953,No
71954,No
71955,No
71956,No
71957,No
71958,Yes
71959,Yes
71960,No
71961,Yes
71962,Yes
71963,No
71964,No
71965,No
71966,Yes
71967,No
71968,No
71969,No
71970,Yes
71971,No
71972,No
71973,No
71974,Yes
71975,No
71976,No
71977,Yes
71978,No
71979,Yes
71980,Yes
71981,No
71982,No
71983,No
71984,No
71985,No
71986,No
71987,No
71988,No
71989,No
71990,No
71991,Yes
71992,Yes
71993,No
71994,No
71995,Yes
71996,No
71997,No
71998,No
71999,No
72000,No
72001,No
72002,Yes
72003,No
72004,No
72005,Yes
72006,No
72007,No
72008,No
72009,Yes
72010,No
72011,No
72012,No
72013,No
72014,Yes
72015,No
72016,No
72017,No
72018,No
72019,No
72020,Yes
72021,Yes
72022,Yes
72023,No
72024,Yes
72025,No
72026,Yes
72027,No
72028,Yes
72029,No
72030,No
72031,No
72032,No
72033,No
72034,No
72035,No
72036,No
72037,No
72038,Yes
72039,Yes
72040,No
72041,No
72042,No
72043,No
72044,No
72045,No
72046,No
72047,No
72048,No
72049,No
72050,Yes
72051,Yes
72052,No
72053,No
72054,Yes
72055,No
72056,Yes
72057,Yes
72058,No
72059,No
72060,No
72061,Yes
72062,No
72063,No
72064,No
72065,No
72066,Yes
72067,No
72068,No
72069,No
72070,No
72071,No
72072,No
72073,No
72074,No
72075,No
72076,No
72077,No
72078,No
72079,No
72080,No
72081,No
72082,Yes
72083,Yes
72084,No
72085,No
72086,No
72087,No
72088,No
72089,Yes
72090,Yes
72091,No
72092,No
72093,No
72094,Yes
72095,No
72096,Yes
72097,Yes
72098,No
72099,No
72100,No
72101,Yes
72102,No
72103,No
72104,Yes
72105,Yes
72106,No
72107,No
72108,Yes
72109,Yes
72110,No
72111,No
72112,No
72113,No
72114,No
72115,Yes
72116,No
72117,Yes
72118,Yes
72119,No
72120,No
72121,No
72122,No
72123,Yes
72124,No
72125,No
72126,No
72127,No
72128,No
72129,Yes
72130,No
72131,No
72132,No
72133,No
72134,Yes
72135,No
72136,No
72137,No
72138,Yes
72139,Yes
72140,No
72141,No
72142,Yes
72143,No
72144,No
72145,Yes
72146,No
72147,Yes
72148,Yes
72149,Yes
72150,No
72151,No
72152,No
72153,No
72154,No
72155,No
72156,No
72157,No
72158,No
72159,No
72160,No
72161,No
72162,No
72163,No
72164,No
72165,No
72166,No
72167,No
72168,No
72169,No
72170,No
72171,No
72172,No
72173,No
72174,Yes
72175,No
72176,No
72177,No
72178,No
72179,No
72180,Yes
72181,No
72182,Yes
72183,No
72184,No
72185,Yes
72186,No
72187,No
72188,Yes
72189,No
72190,Yes
72191,Yes
72192,No
72193,No
72194,No
72195,No
72196,No
72197,No
72198,No
72199,No
72200,No
72201,Yes
72202,No
72203,No
72204,No
72205,No
72206,No
72207,Yes
72208,Yes
72209,No
72210,No
72211,Yes
72212,Yes
72213,Yes
72214,No
72215,Yes
72216,No
72217,Yes
72218,Yes
72219,Yes
72220,No
72221,No
72222,Yes
72223,No
72224,No
72225,No
72226,No
72227,No
72228,No
72229,No
72230,No
72231,Yes
72232,No
72233,No
72234,No
72235,Yes
72236,No
72237,No
72238,No
72239,Yes
72240,No
72241,Yes
72242,No
72243,Yes
72244,No
72245,Yes
72246,No
72247,Yes
72248,No
72249,Yes
72250,No
72251,No
72252,No
72253,No
72254,No
72255,Yes
72256,Yes
72257,No
72258,No
72259,Yes
72260,No
72261,No
72262,Yes
72263,No
72264,No
72265,No
72266,No
72267,No
72268,No
72269,No
72270,No
72271,No
72272,No
72273,Yes
72274,No
72275,No
72276,Yes
72277,Yes
72278,Yes
72279,No
72280,No
72281,No
72282,No
72283,No
72284,No
72285,No
72286,No
72287,Yes
72288,No
72289,Yes
72290,No
72291,No
72292,Yes
72293,Yes
72294,No
72295,Yes
72296,No
72297,No
72298,No
72299,No
72300,Yes
72301,Yes
72302,No
72303,Yes
72304,Yes
72305,No
72306,No
72307,No
72308,No
72309,No
72310,Yes
72311,No
72312,No
72313,Yes
72314,Yes
72315,No
72316,Yes
72317,Yes
72318,No
72319,No
72320,Yes
72321,No
72322,No
72323,Yes
72324,No
72325,No
72326,Yes
72327,Yes
72328,No
72329,No
72330,Yes
72331,No
72332,No
72333,Yes
72334,Yes
72335,No
72336,Yes
72337,No
72338,No
72339,No
72340,Yes
72341,No
72342,No
72343,No
72344,No
72345,No
72346,Yes
72347,No
72348,No
72349,No
72350,No
72351,Yes
72352,Yes
72353,Yes
72354,Yes
72355,No
72356,No
72357,No
72358,No
72359,No
72360,No
72361,No
72362,Yes
72363,No
72364,No
72365,No
72366,No
72367,No
72368,No
72369,No
72370,No
72371,Yes
72372,Yes
72373,No
72374,No
72375,No
72376,No
72377,No
72378,No
72379,No
72380,No
72381,No
72382,No
72383,No
72384,No
72385,No
72386,No
72387,Yes
72388,Yes
72389,Yes
72390,No
72391,No
72392,No
72393,No
72394,No
72395,No
72396,No
72397,No
72398,No
72399,Yes
72400,No
72401,No
72402,No
72403,Yes
72404,No
72405,No
72406,No
72407,Yes
72408,Yes
72409,No
72410,No
72411,No
72412,No
72413,No
72414,No
72415,No
72416,No
72417,No
72418,No
72419,No
72420,No
72421,No
72422,Yes
72423,Yes
72424,No
72425,No
72426,Yes
72427,No
72428,No
72429,No
72430,No
72431,No
72432,No
72433,Yes
72434,Yes
72435,No
72436,Yes
72437,Yes
72438,No
72439,Yes
72440,No
72441,No
72442,No
72443,No
72444,No
72445,No
72446,Yes
72447,No
72448,Yes
72449,No
72450,Yes
72451,No
72452,No
72453,No
72454,No
72455,Yes
72456,No
72457,No
72458,Yes
72459,No
72460,No
72461,No
72462,No
72463,No
72464,No
72465,No
72466,No
72467,No
72468,No
72469,No
72470,No
72471,No
72472,No
72473,No
72474,Yes
72475,Yes
72476,No
72477,Yes
72478,No
72479,Yes
72480,No
72481,Yes
72482,No
72483,No
72484,No
72485,No
72486,Yes
72487,No
72488,No
72489,No
72490,Yes
72491,Yes
72492,Yes
72493,No
72494,Yes
72495,Yes
72496,No
72497,No
72498,No
72499,No
72500,No
72501,No
72502,No
72503,Yes
72504,No
72505,No
72506,Yes
72507,Yes
72508,No
72509,No
72510,Yes
72511,No
72512,Yes
72513,Yes
72514,No
72515,Yes
72516,No
72517,No
72518,No
72519,No
72520,Yes
72521,No
72522,Yes
72523,No
72524,No
72525,No
72526,No
72527,No
72528,No
72529,No
72530,No
72531,No
72532,No
72533,No
72534,Yes
72535,No
72536,No
72537,No
72538,No
72539,No
72540,No
72541,Yes
72542,No
72543,No
72544,No
72545,No
72546,No
72547,No
72548,No
72549,No
72550,No
72551,No
72552,Yes
72553,Yes
72554,No
72555,Yes
72556,No
72557,No
72558,No
72559,No
72560,No
72561,No
72562,Yes
72563,No
72564,Yes
72565,Yes
72566,Yes
72567,No
72568,Yes
72569,No
72570,Yes
72571,No
72572,Yes
72573,Yes
72574,Yes
72575,Yes
72576,No
72577,No
72578,No
72579,Yes
72580,No
72581,No
72582,No
72583,Yes
72584,No
72585,Yes
72586,No
72587,No
72588,No
72589,No
72590,No
72591,Yes
72592,No
72593,Yes
72594,Yes
72595,No
72596,No
72597,No
72598,No
72599,No
72600,No
72601,Yes
72602,No
72603,No
72604,No
72605,Yes
72606,No
72607,No
72608,No
72609,No
72610,No
72611,No
72612,Yes
72613,No
72614,Yes
72615,Yes
72616,Yes
72617,Yes
72618,Yes
72619,No
72620,No
72621,No
72622,No
72623,No
72624,No
72625,No
72626,Yes
72627,No
72628,Yes
72629,Yes
72630,No
72631,No
72632,Yes
72633,No
72634,No
72635,No
72636,No
72637,Yes
72638,No
72639,No
72640,No
72641,Yes
72642,Yes
72643,No
72644,No
72645,Yes
72646,No
72647,No
72648,No
72649,No
72650,Yes
72651,No
72652,Yes
72653,No
72654,No
72655,No
72656,No
72657,No
72658,Yes
72659,No
72660,Yes
72661,Yes
72662,No
72663,Yes
72664,Yes
72665,No
72666,No
72667,Yes
72668,Yes
72669,Yes
72670,Yes
72671,No
72672,No
72673,No
72674,No
72675,Yes
72676,Yes
72677,Yes
72678,Yes
72679,Yes
72680,Yes
72681,No
72682,No
72683,No
72684,Yes
72685,Yes
72686,No
72687,No
72688,No
72689,No
72690,No
72691,No
72692,Yes
72693,Yes
72694,Yes
72695,Yes
72696,No
72697,No
72698,No
72699,No
72700,No
72701,Yes
72702,No
72703,No
72704,Yes
72705,Yes
72706,No
72707,Yes
72708,No
72709,No
72710,No
72711,No
72712,Yes
72713,No
72714,No
72715,Yes
72716,No
72717,Yes
72718,No
72719,No
72720,No
72721,No
72722,No
72723,No
72724,Yes
72725,No
72726,Yes
72727,Yes
72728,Yes
72729,No
72730,Yes
72731,No
72732,No
72733,No
72734,No
72735,Yes
72736,No
72737,Yes
72738,No
72739,No
72740,Yes
72741,No
72742,Yes
72743,No
72744,No
72745,No
72746,No
72747,No
72748,Yes
72749,No
72750,No
72751,No
72752,No
72753,No
72754,No
72755,No
72756,Yes
72757,No
72758,No
72759,Yes
72760,No
72761,Yes
72762,No
72763,No
72764,No
72765,No
72766,No
72767,No
72768,No
72769,No
72770,No
72771,Yes
72772,No
72773,No
72774,No
72775,No
72776,No
72777,Yes
72778,No
72779,No
72780,Yes
72781,No
72782,Yes
72783,Yes
72784,No
72785,No
72786,No
72787,Yes
72788,No
72789,Yes
72790,No
72791,No
72792,No
72793,No
72794,Yes
72795,No
72796,No
72797,No
72798,No
72799,Yes
72800,No
72801,No
72802,Yes
72803,No
72804,Yes
72805,No
72806,No
72807,No
72808,No
72809,No
72810,No
72811,No
72812,No
72813,No
72814,No
72815,Yes
72816,Yes
72817,No
72818,No
72819,No
72820,Yes
72821,No
72822,No
72823,No
72824,No
72825,No
72826,No
72827,No
72828,Yes
72829,Yes
72830,No
72831,Yes
72832,No
72833,Yes
72834,No
72835,No
72836,No
72837,No
72838,No
72839,Yes
72840,Yes
72841,No
72842,Yes
72843,No
72844,No
72845,No
72846,No
72847,Yes
72848,No
72849,No
72850,No
72851,Yes
72852,Yes
72853,No
72854,No
72855,Yes
72856,Yes
72857,Yes
72858,Yes
72859,No
72860,Yes
72861,No
72862,No
72863,No
72864,No
72865,No
72866,No
72867,Yes
72868,Yes
72869,Yes
72870,No
72871,No
72872,Yes
72873,Yes
72874,No
72875,Yes
72876,Yes
72877,No
72878,Yes
72879,No
72880,Yes
72881,No
72882,Yes
72883,No
72884,No
72885,Yes
72886,Yes
72887,Yes
72888,No
72889,No
72890,No
72891,No
72892,No
72893,No
72894,Yes
72895,No
72896,Yes
72897,Yes
72898,No
72899,Yes
72900,No
72901,Yes
72902,No
72903,No
72904,Yes
72905,Yes
72906,No
72907,No
72908,No
72909,No
72910,No
72911,No
72912,No
72913,Yes
72914,No
72915,Yes
72916,No
72917,No
72918,No
72919,No
72920,No
72921,Yes
72922,No
72923,Yes
72924,Yes
72925,No
72926,No
72927,No
72928,No
72929,No
72930,Yes
72931,Yes
72932,No
72933,Yes
72934,Yes
72935,No
72936,No
72937,No
72938,No
72939,Yes
72940,Yes
72941,No
72942,No
72943,No
72944,Yes
72945,Yes
72946,No
72947,No
72948,Yes
72949,No
72950,No
72951,No
72952,No
72953,No
72954,Yes
72955,Yes
72956,Yes
72957,Yes
72958,No
72959,No
72960,No
72961,Yes
72962,No
72963,No
72964,No
72965,No
72966,No
72967,Yes
72968,No
72969,No
72970,No
72971,No
72972,Yes
72973,Yes
72974,No
72975,Yes
72976,No
72977,No
72978,No
72979,No
72980,No
72981,No
72982,Yes
72983,No
72984,Yes
72985,No
72986,No
72987,Yes
72988,Yes
72989,Yes
72990,Yes
72991,No
72992,No
72993,No
72994,No
72995,Yes
72996,No
72997,No
72998,No
72999,No
73000,No
73001,Yes
73002,No
73003,No
73004,Yes
73005,No
73006,No
73007,No
73008,No
73009,No
73010,No
73011,No
73012,No
73013,No
73014,No
73015,No
73016,No
73017,Yes
73018,No
73019,No
73020,Yes
73021,No
73022,No
73023,No
73024,No
73025,No
73026,No
73027,No
73028,Yes
73029,No
73030,No
73031,No
73032,Yes
73033,No
73034,No
73035,No
73036,No
73037,No
73038,Yes
73039,No
73040,No
73041,No
73042,No
73043,No
73044,Yes
73045,No
73046,No
73047,No
73048,Yes
73049,No
73050,No
73051,No
73052,No
73053,No
73054,No
73055,No
73056,Yes
73057,No
73058,No
73059,No
73060,No
73061,Yes
73062,Yes
73063,No
73064,Yes
73065,Yes
73066,No
73067,No
73068,No
73069,No
73070,Yes
73071,Yes
73072,No
73073,No
73074,Yes
73075,No
73076,No
73077,No
73078,No
73079,Yes
73080,Yes
73081,No
73082,No
73083,No
73084,No
73085,No
73086,Yes
73087,No
73088,No
73089,No
73090,Yes
73091,No
73092,No
73093,No
73094,Yes
73095,No
73096,No
73097,No
73098,No
73099,No
73100,No
73101,No
73102,No
73103,No
73104,No
73105,No
73106,Yes
73107,No
73108,Yes
73109,No
73110,No
73111,No
73112,No
73113,No
73114,No
73115,Yes
73116,Yes
73117,No
73118,No
73119,Yes
73120,No
73121,No
73122,No
73123,No
73124,No
73125,No
73126,No
73127,No
73128,No
73129,No
73130,No
73131,No
73132,Yes
73133,Yes
73134,No
73135,No
73136,No
73137,Yes
73138,No
73139,No
73140,Yes
73141,Yes
73142,No
73143,No
73144,No
73145,No
73146,No
73147,No
73148,No
73149,No
73150,No
73151,No
73152,No
73153,No
73154,No
73155,Yes
73156,No
73157,Yes
73158,Yes
73159,Yes
73160,No
73161,No
73162,No
73163,No
73164,Yes
73165,No
73166,No
73167,Yes
73168,No
73169,Yes
73170,No
73171,Yes
73172,No
73173,Yes
73174,No
73175,No
73176,No
73177,No
73178,No
73179,Yes
73180,No
73181,Yes
73182,No
73183,Yes
73184,No
73185,No
73186,No
73187,No
73188,No
73189,Yes
73190,No
73191,Yes
73192,No
73193,No
73194,No
73195,No
73196,No
73197,No
73198,No
73199,Yes
73200,No
73201,No
73202,No
73203,No
73204,No
73205,Yes
73206,No
73207,No
73208,No
73209,No
73210,Yes
73211,No
73212,No
73213,No
73214,Yes
73215,No
73216,Yes
73217,Yes
73218,No
73219,No
73220,Yes
73221,No
73222,No
73223,No
73224,No
73225,No
73226,No
73227,No
73228,No
73229,No
73230,No
73231,No
73232,Yes
73233,No
73234,No
73235,No
73236,Yes
73237,Yes
73238,No
73239,No
73240,No
73241,No
73242,Yes
73243,Yes
73244,Yes
73245,No
73246,No
73247,No
73248,No
73249,Yes
73250,No
73251,Yes
73252,No
73253,Yes
73254,No
73255,No
73256,Yes
73257,Yes
73258,No
73259,No
73260,No
73261,No
73262,Yes
73263,No
73264,No
73265,No
73266,No
73267,Yes
73268,No
73269,No
73270,No
73271,Yes
73272,No
73273,No
73274,No
73275,No
73276,No
73277,Yes
73278,Yes
73279,No
73280,No
73281,No
73282,No
73283,Yes
73284,Yes
73285,No
73286,Yes
73287,Yes
73288,Yes
73289,No
73290,Yes
73291,Yes
73292,No
73293,No
73294,Yes
73295,No
73296,No
73297,No
73298,No
73299,No
73300,No
73301,No
73302,Yes
73303,No
73304,No
73305,Yes
73306,Yes
73307,No
73308,No
73309,No
73310,Yes
73311,No
73312,Yes
73313,No
73314,Yes
73315,Yes
73316,Yes
73317,Yes
73318,No
73319,No
73320,No
73321,Yes
73322,No
73323,No
73324,No
73325,Yes
73326,No
73327,No
73328,No
73329,No
73330,No
73331,No
73332,No
73333,No
73334,No
73335,No
73336,Yes
73337,No
73338,Yes
73339,No
73340,No
73341,No
73342,No
73343,No
73344,Yes
73345,Yes
73346,No
73347,No
73348,Yes
73349,No
73350,No
73351,No
73352,No
73353,No
73354,Yes
73355,No
73356,Yes
73357,No
73358,No
73359,No
73360,No
73361,No
73362,No
73363,No
73364,No
73365,Yes
73366,No
73367,Yes
73368,Yes
73369,No
73370,No
73371,No
73372,No
73373,No
73374,No
73375,No
73376,No
73377,No
73378,No
73379,No
73380,No
73381,No
73382,No
73383,Yes
73384,No
73385,No
73386,Yes
73387,No
73388,Yes
73389,Yes
73390,No
73391,Yes
73392,No
73393,No
73394,No
73395,No
73396,No
73397,Yes
73398,Yes
73399,No
73400,No
73401,Yes
73402,No
73403,Yes
73404,No
73405,No
73406,No
73407,No
73408,No
73409,No
73410,Yes
73411,No
73412,No
73413,No
73414,No
73415,Yes
73416,No
73417,No
73418,No
73419,Yes
73420,No
73421,No
73422,Yes
73423,No
73424,No
73425,No
73426,No
73427,No
73428,No
73429,No
73430,No
73431,No
73432,Yes
73433,Yes
73434,No
73435,No
73436,No
73437,No
73438,No
73439,Yes
73440,No
73441,No
73442,No
73443,Yes
73444,No
73445,No
73446,No
73447,No
73448,No
73449,No
73450,No
73451,Yes
73452,No
73453,No
73454,Yes
73455,Yes
73456,Yes
73457,No
73458,Yes
73459,No
73460,No
73461,No
73462,No
73463,No
73464,No
73465,No
73466,No
73467,No
73468,No
73469,No
73470,No
73471,Yes
73472,No
73473,No
73474,Yes
73475,No
73476,Yes
73477,No
73478,No
73479,No
73480,No
73481,No
73482,No
73483,No
73484,Yes
73485,No
73486,Yes
73487,Yes
73488,No
73489,Yes
73490,Yes
73491,Yes
73492,No
73493,No
73494,No
73495,No
73496,No
73497,No
73498,No
73499,No
73500,No
73501,No
73502,No
73503,Yes
73504,Yes
73505,Yes
73506,No
73507,No
73508,No
73509,No
73510,No
73511,No
73512,Yes
73513,No
73514,No
73515,Yes
73516,No
73517,No
73518,Yes
73519,No
73520,No
73521,Yes
73522,No
73523,No
73524,Yes
73525,Yes
73526,No
73527,No
73528,No
73529,No
73530,No
73531,Yes
73532,No
73533,No
73534,No
73535,Yes
73536,No
73537,No
73538,No
73539,No
73540,No
73541,No
73542,No
73543,No
73544,No
73545,No
73546,No
73547,No
73548,No
73549,Yes
73550,Yes
73551,No
73552,No
73553,Yes
73554,Yes
73555,Yes
73556,Yes
73557,No
73558,Yes
73559,No
73560,No
73561,No
73562,No
73563,Yes
73564,No
73565,No
73566,No
73567,No
73568,No
73569,No
73570,No
73571,No
73572,No
73573,No
73574,Yes
73575,No
73576,No
73577,No
73578,No
73579,No
73580,No
73581,No
73582,Yes
73583,No
73584,No
73585,No
73586,No
73587,No
73588,Yes
73589,No
73590,No
73591,Yes
73592,No
73593,No
73594,No
73595,No
73596,No
73597,No
73598,No
73599,No
73600,Yes
73601,Yes
73602,Yes
73603,No
73604,Yes
73605,No
73606,No
73607,No
73608,No
73609,No
73610,No
73611,No
73612,No
73613,No
73614,No
73615,No
73616,Yes
73617,No
73618,No
73619,Yes
73620,No
73621,No
73622,No
73623,No
73624,Yes
73625,Yes
73626,Yes
73627,No
73628,No
73629,No
73630,No
73631,No
73632,No
73633,No
73634,No
73635,No
73636,No
73637,No
73638,No
73639,No
73640,Yes
73641,Yes
73642,No
73643,No
73644,No
73645,Yes
73646,No
73647,No
73648,No
73649,No
73650,No
73651,No
73652,Yes
73653,Yes
73654,No
73655,Yes
73656,Yes
73657,No
73658,No
73659,No
73660,No
73661,Yes
73662,Yes
73663,No
73664,No
73665,No
73666,No
73667,Yes
73668,No
73669,No
73670,No
73671,No
73672,No
73673,No
73674,No
73675,Yes
73676,No
73677,No
73678,No
73679,Yes
73680,No
73681,No
73682,No
73683,No
73684,No
73685,No
73686,Yes
73687,No
73688,No
73689,Yes
73690,No
73691,No
73692,No
73693,No
73694,No
73695,No
73696,Yes
73697,No
73698,No
73699,No
73700,No
73701,No
73702,No
73703,No
73704,No
73705,No
73706,No
73707,No
73708,Yes
73709,No
73710,No
73711,Yes
73712,Yes
73713,No
73714,No
73715,Yes
73716,No
73717,No
73718,Yes
73719,Yes
73720,Yes
73721,No
73722,Yes
73723,No
73724,Yes
73725,No
73726,Yes
73727,No
73728,No
73729,No
73730,No
73731,No
73732,Yes
73733,No
73734,No
73735,No
73736,No
73737,Yes
73738,No
73739,No
73740,No
73741,No
73742,No
73743,No
73744,No
73745,No
73746,No
73747,No
73748,No
73749,Yes
73750,Yes
73751,No
73752,No
73753,No
73754,No
73755,No
73756,Yes
73757,No
73758,Yes
73759,No
73760,No
73761,Yes
73762,No
73763,No
73764,No
73765,No
73766,No
73767,No
73768,No
73769,No
73770,Yes
73771,No
73772,Yes
73773,No
73774,No
73775,No
73776,Yes
73777,Yes
73778,Yes
73779,No
73780,No
73781,No
73782,Yes
73783,Yes
73784,No
73785,Yes
73786,No
73787,No
73788,No
73789,No
73790,No
73791,No
73792,No
73793,No
73794,No
73795,No
73796,No
73797,No
73798,No
73799,Yes
73800,No
73801,No
73802,No
73803,No
73804,No
73805,No
73806,No
73807,Yes
73808,No
73809,No
73810,No
73811,Yes
73812,Yes
73813,No
73814,No
73815,Yes
73816,No
73817,No
73818,No
73819,No
73820,No
73821,No
73822,Yes
73823,No
73824,No
73825,No
73826,No
73827,Yes
73828,No
73829,No
73830,No
73831,Yes
73832,No
73833,Yes
73834,No
73835,No
73836,No
73837,No
73838,Yes
73839,No
73840,No
73841,No
73842,No
73843,No
73844,No
73845,Yes
73846,No
73847,No
73848,Yes
73849,No
73850,No
73851,No
73852,No
73853,Yes
73854,No
73855,No
73856,No
73857,No
73858,No
73859,No
73860,No
73861,No
73862,No
73863,No
73864,No
73865,No
73866,No
73867,No
73868,No
73869,Yes
73870,Yes
73871,No
73872,No
73873,Yes
73874,No
73875,Yes
73876,No
73877,Yes
73878,No
73879,No
73880,No
73881,No
73882,No
73883,Yes
73884,No
73885,No
73886,No
73887,No
73888,No
73889,No
73890,No
73891,No
73892,No
73893,No
73894,No
73895,No
73896,Yes
73897,No
73898,Yes
73899,No
73900,No
73901,Yes
73902,No
73903,No
73904,No
73905,No
73906,Yes
73907,No
73908,Yes
73909,No
73910,No
73911,No
73912,No
73913,No
73914,Yes
73915,No
73916,No
73917,Yes
73918,No
73919,No
73920,No
73921,No
73922,No
73923,Yes
73924,No
73925,No
73926,No
73927,Yes
73928,No
73929,No
73930,No
73931,No
73932,No
73933,Yes
73934,No
73935,Yes
73936,No
73937,Yes
73938,No
73939,No
73940,No
73941,No
73942,No
73943,Yes
73944,No
73945,Yes
73946,No
73947,No
73948,No
73949,No
73950,No
73951,No
73952,No
73953,Yes
73954,No
73955,No
73956,Yes
73957,No
73958,No
73959,No
73960,No
73961,Yes
73962,No
73963,No
73964,No
73965,No
73966,Yes
73967,Yes
73968,No
73969,No
73970,Yes
73971,No
73972,Yes
73973,Yes
73974,No
73975,No
73976,Yes
73977,No
73978,No
73979,No
73980,No
73981,No
73982,No
73983,No
73984,Yes
73985,No
73986,No
73987,No
73988,Yes
73989,No
73990,Yes
73991,No
73992,No
73993,No
73994,No
73995,No
73996,No
73997,Yes
73998,No
73999,No
74000,No
74001,No
74002,No
74003,No
74004,No
74005,Yes
74006,No
74007,No
74008,Yes
74009,Yes
74010,No
74011,No
74012,No
74013,No
74014,No
74015,Yes
74016,Yes
74017,No
74018,No
74019,No
74020,No
74021,No
74022,No
74023,No
74024,No
74025,Yes
74026,No
74027,No
74028,Yes
74029,No
74030,No
74031,No
74032,No
74033,No
74034,Yes
74035,Yes
74036,Yes
74037,No
74038,Yes
74039,No
74040,No
74041,No
74042,Yes
74043,No
74044,Yes
74045,No
74046,No
74047,No
74048,Yes
74049,Yes
74050,Yes
74051,Yes
74052,Yes
74053,No
74054,Yes
74055,No
74056,No
74057,No
74058,No
74059,No
74060,No
74061,No
74062,Yes
74063,No
74064,No
74065,No
74066,Yes
74067,Yes
74068,No
74069,No
74070,No
74071,No
74072,No
74073,No
74074,Yes
74075,No
74076,No
74077,No
74078,No
74079,No
74080,No
74081,No
74082,No
74083,No
74084,No
74085,No
74086,No
74087,No
74088,No
74089,No
74090,Yes
74091,Yes
74092,No
74093,No
74094,No
74095,Yes
74096,No
74097,No
74098,No
74099,No
74100,Yes
74101,Yes
74102,Yes
74103,No
74104,No
74105,Yes
74106,No
74107,No
74108,No
74109,No
74110,No
74111,No
74112,No
74113,Yes
74114,No
74115,No
74116,No
74117,No
74118,No
74119,No
74120,No
74121,Yes
74122,Yes
74123,No
74124,Yes
74125,No
74126,No
74127,No
74128,Yes
74129,No
74130,No
74131,No
74132,Yes
74133,No
74134,No
74135,Yes
74136,No
74137,No
74138,No
74139,Yes
74140,No
74141,No
74142,No
74143,No
74144,Yes
74145,Yes
74146,Yes
74147,No
74148,No
74149,No
74150,No
74151,Yes
74152,No
74153,Yes
74154,No
74155,No
74156,No
74157,No
74158,No
74159,No
74160,No
74161,No
74162,Yes
74163,No
74164,No
74165,No
74166,No
74167,Yes
74168,No
74169,Yes
74170,No
74171,Yes
74172,Yes
74173,No
74174,No
74175,No
74176,No
74177,Yes
74178,Yes
74179,No
74180,No
74181,Yes
74182,Yes
74183,No
74184,No
74185,No
74186,Yes
74187,No
74188,No
74189,No
74190,No
74191,Yes
74192,Yes
74193,Yes
74194,No
74195,No
74196,No
74197,Yes
74198,Yes
74199,Yes
74200,No
74201,No
74202,No
74203,Yes
74204,No
74205,No
74206,Yes
74207,No
74208,No
74209,No
74210,No
74211,No
74212,No
74213,Yes
74214,No
74215,No
74216,No
74217,No
74218,No
74219,No
74220,Yes
74221,No
74222,No
74223,Yes
74224,No
74225,No
74226,Yes
74227,Yes
74228,No
74229,No
74230,No
74231,No
74232,No
74233,No
74234,No
74235,No
74236,No
74237,Yes
74238,No
74239,No
74240,No
74241,Yes
74242,Yes
74243,Yes
74244,No
74245,No
74246,No
74247,No
74248,No
74249,No
74250,No
74251,Yes
74252,No
74253,Yes
74254,No
74255,Yes
74256,Yes
74257,Yes
74258,No
74259,No
74260,No
74261,No
74262,No
74263,Yes
74264,Yes
74265,Yes
74266,No
74267,Yes
74268,No
74269,Yes
74270,Yes
74271,Yes
74272,No
74273,No
74274,Yes
74275,Yes
74276,No
74277,No
74278,No
74279,Yes
74280,No
74281,Yes
74282,No
74283,Yes
74284,No
74285,Yes
74286,Yes
74287,No
74288,Yes
74289,No
74290,Yes
74291,No
74292,No
74293,No
74294,Yes
74295,Yes
74296,No
74297,Yes
74298,No
74299,No
74300,Yes
74301,No
74302,No
74303,No
74304,Yes
74305,No
74306,Yes
74307,No
74308,No
74309,No
74310,No
74311,Yes
74312,No
74313,No
74314,Yes
74315,No
74316,Yes
74317,No
74318,Yes
74319,No
74320,Yes
74321,No
74322,No
74323,No
74324,No
74325,No
74326,No
74327,No
74328,Yes
74329,No
74330,Yes
74331,No
74332,No
74333,No
74334,Yes
74335,No
74336,No
74337,No
74338,No
74339,Yes
74340,No
74341,No
74342,No
74343,No
74344,No
74345,No
74346,No
74347,No
74348,No
74349,No
74350,No
74351,Yes
74352,No
74353,Yes
74354,No
74355,No
74356,Yes
74357,No
74358,Yes
74359,Yes
74360,No
74361,No
74362,No
74363,No
74364,No
74365,No
74366,No
74367,No
74368,Yes
74369,Yes
74370,No
74371,No
74372,No
74373,Yes
74374,No
74375,Yes
74376,No
74377,Yes
74378,No
74379,No
74380,Yes
74381,No
74382,No
74383,Yes
74384,No
74385,Yes
74386,No
74387,No
74388,Yes
74389,Yes
74390,No
74391,Yes
74392,No
74393,No
74394,No
74395,No
74396,No
74397,Yes
74398,No
74399,No
74400,Yes
74401,Yes
74402,No
74403,No
74404,No
74405,No
74406,Yes
74407,No
74408,No
74409,No
74410,Yes
74411,Yes
74412,Yes
74413,No
74414,No
74415,Yes
74416,No
74417,No
74418,Yes
74419,No
74420,No
74421,No
74422,No
74423,No
74424,No
74425,No
74426,No
74427,No
74428,No
74429,No
74430,No
74431,No
74432,No
74433,No
74434,No
74435,No
74436,No
74437,Yes
74438,No
74439,No
74440,No
74441,No
74442,No
74443,No
74444,No
74445,Yes
74446,No
74447,No
74448,Yes
74449,No
74450,No
74451,No
74452,No
74453,No
74454,No
74455,No
74456,No
74457,No
74458,No
74459,Yes
74460,Yes
74461,No
74462,No
74463,No
74464,Yes
74465,No
74466,Yes
74467,No
74468,No
74469,No
74470,No
74471,No
74472,No
74473,No
74474,No
74475,No
74476,Yes
74477,No
74478,No
74479,No
74480,No
74481,No
74482,No
74483,Yes
74484,No
74485,Yes
74486,Yes
74487,No
74488,Yes
74489,Yes
74490,No
74491,No
74492,Yes
74493,No
74494,Yes
74495,No
74496,Yes
74497,No
74498,Yes
74499,No
74500,Yes
74501,No
74502,Yes
74503,Yes
74504,No
74505,No
74506,No
74507,No
74508,No
74509,Yes
74510,No
74511,No
74512,No
74513,No
74514,No
74515,No
74516,Yes
74517,No
74518,No
74519,No
74520,No
74521,No
74522,No
74523,No
74524,No
74525,Yes
74526,No
74527,No
74528,No
74529,No
74530,Yes
74531,Yes
74532,No
74533,No
74534,No
74535,No
74536,Yes
74537,Yes
74538,No
74539,Yes
74540,Yes
74541,No
74542,No
74543,Yes
74544,No
74545,No
74546,No
74547,No
74548,Yes
74549,No
74550,Yes
74551,Yes
74552,No
74553,No
74554,No
74555,No
74556,No
74557,Yes
74558,No
74559,Yes
74560,No
74561,Yes
74562,No
74563,No
74564,No
74565,No
74566,No
74567,Yes
74568,No
74569,Yes
74570,No
74571,Yes
74572,Yes
74573,No
74574,No
74575,No
74576,No
74577,No
74578,No
74579,No
74580,No
74581,Yes
74582,No
74583,Yes
74584,No
74585,Yes
74586,Yes
74587,No
74588,No
74589,No
74590,Yes
74591,No
74592,No
74593,No
74594,Yes
74595,No
74596,No
74597,No
74598,No
74599,No
74600,No
74601,Yes
74602,No
74603,No
74604,No
74605,Yes
74606,No
74607,No
74608,Yes
74609,No
74610,No
74611,No
74612,No
74613,No
74614,Yes
74615,No
74616,No
74617,Yes
74618,Yes
74619,Yes
74620,No
74621,No
74622,No
74623,No
74624,No
74625,No
74626,No
74627,No
74628,No
74629,No
74630,Yes
74631,No
74632,No
74633,Yes
74634,Yes
74635,No
74636,No
74637,Yes
74638,No
74639,No
74640,No
74641,Yes
74642,No
74643,No
74644,No
74645,No
74646,No
74647,No
74648,No
74649,No
74650,No
74651,No
74652,No
74653,Yes
74654,No
74655,No
74656,No
74657,No
74658,No
74659,No
74660,No
74661,No
74662,No
74663,No
74664,No
74665,No
74666,No
74667,No
74668,No
74669,Yes
74670,Yes
74671,Yes
74672,No
74673,No
74674,No
74675,No
74676,No
74677,No
74678,No
74679,No
74680,No
74681,Yes
74682,No
74683,No
74684,No
74685,No
74686,No
74687,No
74688,Yes
74689,No
74690,No
74691,No
74692,No
74693,No
74694,No
74695,Yes
74696,No
74697,No
74698,No
74699,No
74700,No
74701,No
74702,No
74703,No
74704,No
74705,No
74706,No
74707,No
74708,Yes
74709,No
74710,Yes
74711,No
74712,No
74713,No
74714,No
74715,No
74716,No
74717,No
74718,Yes
74719,No
74720,Yes
74721,No
74722,No
74723,Yes
74724,No
74725,No
74726,No
74727,No
74728,No
74729,No
74730,Yes
74731,No
74732,No
74733,No
74734,No
74735,No
74736,Yes
74737,No
74738,Yes
74739,Yes
74740,Yes
74741,Yes
74742,No
74743,No
74744,No
74745,No
74746,Yes
74747,No
74748,No
74749,No
74750,No
74751,No
74752,No
74753,No
74754,No
74755,No
74756,No
74757,No
74758,No
74759,Yes
74760,Yes
74761,No
74762,No
74763,No
74764,No
74765,No
74766,Yes
74767,No
74768,No
74769,No
74770,No
74771,Yes
74772,No
74773,No
74774,No
74775,No
74776,No
74777,No
74778,No
74779,No
74780,No
74781,No
74782,No
74783,No
74784,Yes
74785,No
74786,Yes
74787,No
74788,No
74789,No
74790,No
74791,No
74792,No
74793,Yes
74794,Yes
74795,No
74796,No
74797,No
74798,No
74799,Yes
74800,No
74801,No
74802,Yes
74803,No
74804,No
74805,No
74806,No
74807,No
74808,No
74809,No
74810,No
74811,Yes
74812,Yes
74813,Yes
74814,Yes
74815,No
74816,No
74817,Yes
74818,No
74819,No
74820,No
74821,Yes
74822,Yes
74823,No
74824,No
74825,Yes
74826,No
74827,No
74828,No
74829,No
74830,No
74831,No
74832,No
74833,No
74834,No
74835,No
74836,Yes
74837,Yes
74838,Yes
74839,Yes
74840,No
74841,No
74842,No
74843,No
74844,No
74845,No
74846,Yes
74847,No
74848,No
74849,Yes
74850,No
74851,No
74852,Yes
74853,Yes
74854,No
74855,No
74856,No
74857,No
74858,No
74859,No
74860,No
74861,Yes
74862,No
74863,No
74864,No
74865,No
74866,Yes
74867,No
74868,No
74869,Yes
74870,No
74871,No
74872,No
74873,No
74874,Yes
74875,No
74876,No
74877,No
74878,No
74879,No
74880,Yes
74881,No
74882,Yes
74883,Yes
74884,No
74885,No
74886,No
74887,Yes
74888,Yes
74889,No
74890,Yes
74891,No
74892,No
74893,No
74894,No
74895,No
74896,No
74897,Yes
74898,No
74899,No
74900,No
74901,No
74902,Yes
74903,No
74904,No
74905,No
74906,No
74907,No
74908,No
74909,Yes
74910,Yes
74911,No
74912,No
74913,No
74914,Yes
74915,No
74916,No
74917,No
74918,No
74919,No
74920,No
74921,No
74922,Yes
74923,No
74924,Yes
74925,No
74926,No
74927,No
74928,No
74929,No
74930,No
74931,No
74932,Yes
74933,No
74934,No
74935,Yes
74936,No
74937,No
74938,Yes
74939,No
74940,Yes
74941,No
74942,No
74943,No
74944,No
74945,Yes
74946,Yes
74947,Yes
74948,Yes
74949,No
74950,No
74951,Yes
74952,No
74953,No
74954,Yes
74955,No
74956,No
74957,No
74958,Yes
74959,No
74960,No
74961,No
74962,No
74963,No
74964,No
74965,No
74966,Yes
74967,No
74968,No
74969,No
74970,No
74971,No
74972,No
74973,No
74974,Yes
74975,No
74976,Yes
74977,No
74978,No
74979,Yes
74980,No
74981,No
74982,Yes
74983,No
74984,No
74985,Yes
74986,Yes
74987,No
74988,No
74989,No
74990,No
74991,No
74992,Yes
74993,No
74994,No
74995,No
74996,Yes
74997,No
74998,No
74999,Yes
75000,No
75001,No
75002,No
75003,No
75004,No
75005,No
75006,No
75007,No
75008,No
75009,No
75010,No
75011,Yes
75012,No
75013,No
75014,No
75015,No
75016,No
75017,Yes
75018,No
75019,No
75020,Yes
75021,No
75022,Yes
75023,No
75024,No
75025,Yes
75026,No
75027,No
75028,Yes
75029,No
75030,No
75031,No
75032,No
75033,No
75034,No
75035,Yes
75036,No
75037,No
75038,No
75039,No
75040,No
75041,No
75042,No
75043,Yes
75044,No
75045,No
75046,No
75047,No
75048,Yes
75049,Yes
75050,No
75051,No
75052,No
75053,No
75054,No
75055,No
75056,No
75057,No
75058,No
75059,Yes
75060,No
75061,No
75062,Yes
75063,No
75064,Yes
75065,No
75066,No
75067,No
75068,No
75069,No
75070,No
75071,No
75072,No
75073,No
75074,Yes
75075,No
75076,No
75077,No
75078,No
75079,No
75080,No
75081,Yes
75082,Yes
75083,No
75084,No
75085,No
75086,No
75087,Yes
75088,No
75089,Yes
75090,No
75091,No
75092,No
75093,No
75094,No
75095,No
75096,Yes
75097,No
75098,No
75099,No
75100,No
75101,No
75102,No
75103,No
75104,No
75105,No
75106,No
75107,No
75108,No
75109,No
75110,No
75111,No
75112,No
75113,No
75114,No
75115,No
75116,No
75117,No
75118,No
75119,No
75120,No
75121,Yes
75122,No
75123,Yes
75124,No
75125,No
75126,Yes
75127,No
75128,No
75129,Yes
75130,Yes
75131,No
75132,No
75133,Yes
75134,No
75135,No
75136,No
75137,Yes
75138,Yes
75139,Yes
75140,No
75141,No
75142,No
75143,Yes
75144,Yes
75145,No
75146,Yes
75147,Yes
75148,No
75149,Yes
75150,No
75151,No
75152,Yes
75153,No
75154,No
75155,Yes
75156,Yes
75157,No
75158,No
75159,Yes
75160,Yes
75161,Yes
75162,No
75163,Yes
75164,Yes
75165,Yes
75166,No
75167,Yes
75168,No
75169,No
75170,Yes
75171,No
75172,No
75173,No
75174,Yes
75175,Yes
75176,No
75177,No
75178,No
75179,No
75180,No
75181,No
75182,No
75183,No
75184,Yes
75185,No
75186,No
75187,No
75188,Yes
75189,No
75190,Yes
75191,No
75192,No
75193,No
75194,No
75195,Yes
75196,Yes
75197,No
75198,No
75199,No
75200,No
75201,No
75202,Yes
75203,No
75204,Yes
75205,No
75206,No
75207,No
75208,Yes
75209,No
75210,No
75211,Yes
75212,No
75213,No
75214,No
75215,Yes
75216,No
75217,No
75218,No
75219,No
75220,No
75221,No
75222,Yes
75223,No
75224,Yes
75225,No
75226,No
75227,No
75228,No
75229,No
75230,No
75231,No
75232,No
75233,No
75234,No
75235,Yes
75236,No
75237,No
75238,No
75239,No
75240,No
75241,No
75242,No
75243,Yes
75244,Yes
75245,No
75246,No
75247,No
75248,No
75249,No
75250,No
75251,No
75252,Yes
75253,No
75254,No
75255,No
75256,No
75257,No
75258,Yes
75259,Yes
75260,Yes
75261,No
75262,No
75263,No
75264,Yes
75265,No
75266,No
75267,No
75268,No
75269,No
75270,Yes
75271,No
75272,Yes
75273,Yes
75274,Yes
75275,No
75276,Yes
75277,No
75278,Yes
75279,No
75280,No
75281,No
75282,Yes
75283,No
75284,Yes
75285,Yes
75286,Yes
75287,Yes
75288,Yes
75289,No
75290,No
75291,No
75292,No
75293,No
75294,No
75295,Yes
75296,Yes
75297,Yes
75298,No
75299,No
75300,No
75301,No
75302,No
75303,Yes
75304,No
75305,Yes
75306,No
75307,Yes
75308,No
75309,No
75310,No
75311,No
75312,No
75313,No
75314,No
75315,No
75316,No
75317,Yes
75318,No
75319,No
75320,No
75321,No
75322,No
75323,No
75324,Yes
75325,No
75326,No
75327,No
75328,No
75329,No
75330,No
75331,No
75332,No
75333,No
75334,Yes
75335,No
75336,No
75337,No
75338,Yes
75339,No
75340,No
75341,No
75342,No
75343,No
75344,No
75345,Yes
75346,No
75347,No
75348,No
75349,No
75350,No
75351,Yes
75352,No
75353,No
75354,Yes
75355,No
75356,Yes
75357,No
75358,No
75359,Yes
75360,No
75361,No
75362,No
75363,No
75364,Yes
75365,No
75366,No
75367,No
75368,No
75369,No
75370,No
75371,No
75372,Yes
75373,Yes
75374,No
75375,No
75376,No
75377,No
75378,No
75379,No
75380,No
75381,No
75382,No
75383,No
75384,No
75385,No
75386,No
75387,Yes
75388,No
75389,No
75390,No
75391,Yes
75392,Yes
75393,No
75394,Yes
75395,No
75396,No
75397,No
75398,Yes
75399,Yes
75400,Yes
75401,No
75402,Yes
75403,No
75404,No
75405,Yes
75406,No
75407,Yes
75408,No
75409,No
75410,Yes
75411,Yes
75412,Yes
75413,No
75414,Yes
75415,No
75416,No
75417,No
75418,No
75419,No
75420,No
75421,No
75422,No
75423,No
75424,Yes
75425,Yes
75426,Yes
75427,No
75428,No
75429,Yes
75430,No
75431,Yes
75432,No
75433,No
75434,Yes
75435,No
75436,No
75437,Yes
75438,Yes
75439,No
75440,No
75441,Yes
75442,No
75443,Yes
75444,No
75445,No
75446,No
75447,No
75448,No
75449,No
75450,No
75451,Yes
75452,No
75453,No
75454,No
75455,No
75456,Yes
75457,No
75458,No
75459,No
75460,No
75461,No
75462,No
75463,No
75464,No
75465,No
75466,No
75467,No
75468,No
75469,No
75470,Yes
75471,Yes
75472,Yes
75473,No
75474,No
75475,No
75476,No
75477,No
75478,No
75479,No
75480,No
75481,No
75482,Yes
75483,Yes
75484,No
75485,No
75486,No
75487,No
75488,No
75489,No
75490,No
75491,No
75492,No
75493,No
75494,No
75495,No
75496,Yes
75497,No
75498,No
75499,Yes
75500,No
75501,Yes
75502,No
75503,Yes
75504,Yes
75505,No
75506,No
75507,No
75508,Yes
75509,No
75510,No
75511,No
75512,No
75513,No
75514,No
75515,No
75516,No
75517,No
75518,No
75519,Yes
75520,No
75521,No
75522,No
75523,Yes
75524,Yes
75525,No
75526,No
75527,No
75528,Yes
75529,No
75530,No
75531,No
75532,Yes
75533,No
75534,No
75535,No
75536,No
75537,No
75538,Yes
75539,Yes
75540,No
75541,Yes
75542,Yes
75543,Yes
75544,Yes
75545,No
75546,No
75547,No
75548,Yes
75549,No
75550,No
75551,No
75552,Yes
75553,No
75554,No
75555,Yes
75556,No
75557,No
75558,Yes
75559,No
75560,No
75561,Yes
75562,No
75563,Yes
75564,No
75565,Yes
75566,No
75567,No
75568,Yes
75569,Yes
75570,Yes
75571,No
75572,No
75573,No
75574,No
75575,No
75576,No
75577,No
75578,No
75579,No
75580,Yes
75581,No
75582,No
75583,Yes
75584,No
75585,No
75586,Yes
75587,No
75588,No
75589,No
75590,No
75591,No
75592,Yes
75593,Yes
75594,Yes
75595,No
75596,No
75597,No
75598,No
75599,No
75600,Yes
75601,No
75602,Yes
75603,No
75604,Yes
75605,Yes
75606,Yes
75607,No
75608,No
75609,Yes
75610,Yes
75611,Yes
75612,No
75613,No
75614,No
75615,No
75616,Yes
75617,Yes
75618,No
75619,Yes
75620,No
75621,No
75622,Yes
75623,No
75624,No
75625,No
75626,Yes
75627,No
75628,No
75629,Yes
75630,Yes
75631,No
75632,No
75633,Yes
75634,No
75635,Yes
75636,No
75637,No
75638,No
75639,No
75640,No
75641,Yes
75642,No
75643,Yes
75644,No
75645,No
75646,No
75647,Yes
75648,No
75649,No
75650,Yes
75651,Yes
75652,No
75653,No
75654,No
75655,No
75656,Yes
75657,No
75658,No
75659,No
75660,Yes
75661,No
75662,No
75663,No
75664,No
75665,No
75666,Yes
75667,No
75668,Yes
75669,No
75670,No
75671,Yes
75672,No
75673,No
75674,No
75675,No
75676,No
75677,Yes
75678,No
75679,Yes
75680,No
75681,Yes
75682,No
75683,No
75684,No
75685,Yes
75686,No
75687,No
75688,No
75689,No
75690,No
75691,No
75692,No
75693,Yes
75694,No
75695,No
75696,Yes
75697,No
75698,No
75699,No
75700,No
75701,No
75702,No
75703,Yes
75704,No
75705,No
75706,Yes
75707,Yes
75708,No
75709,No
75710,Yes
75711,Yes
75712,No
75713,No
75714,No
75715,No
75716,No
75717,No
75718,Yes
75719,Yes
75720,Yes
75721,Yes
75722,No
75723,No
75724,No
75725,No
75726,No
75727,No
75728,No
75729,No
75730,No
75731,No
75732,No
75733,Yes
75734,Yes
75735,No
75736,No
75737,No
75738,Yes
75739,Yes
75740,No
75741,No
75742,Yes
75743,No
75744,No
75745,No
75746,No
75747,No
75748,No
75749,No
75750,No
75751,No
75752,No
75753,No
75754,No
75755,No
75756,No
75757,Yes
75758,Yes
75759,No
75760,No
75761,Yes
75762,Yes
75763,No
75764,No
75765,No
75766,No
75767,No
75768,No
75769,No
75770,No
75771,No
75772,No
75773,Yes
75774,No
75775,Yes
75776,Yes
75777,No
75778,Yes
75779,No
75780,No
75781,Yes
75782,Yes
75783,Yes
75784,No
75785,No
75786,No
75787,No
75788,No
75789,No
75790,No
75791,No
75792,Yes
75793,Yes
75794,No
75795,No
75796,No
75797,No
75798,No
75799,No
75800,No
75801,No
75802,No
75803,No
75804,Yes
75805,No
75806,Yes
75807,No
75808,No
75809,No
75810,Yes
75811,No
75812,Yes
75813,No
75814,Yes
75815,Yes
75816,No
75817,No
75818,No
75819,No
75820,No
75821,Yes
75822,Yes
75823,Yes
75824,No
75825,No
75826,Yes
75827,No
75828,Yes
75829,No
75830,No
75831,Yes
75832,No
75833,Yes
75834,Yes
75835,Yes
75836,No
75837,No
75838,Yes
75839,No
75840,No
75841,Yes
75842,Yes
75843,No
75844,No
75845,No
75846,Yes
75847,No
75848,No
75849,No
75850,No
75851,No
75852,No
75853,No
75854,Yes
75855,No
75856,Yes
75857,No
75858,No
75859,No
75860,No
75861,No
75862,No
75863,No
75864,No
75865,Yes
75866,Yes
75867,No
75868,No
75869,Yes
75870,No
75871,No
75872,No
75873,No
75874,No
75875,Yes
75876,No
75877,Yes
75878,No
75879,No
75880,No
75881,Yes
75882,No
75883,No
75884,Yes
75885,No
75886,No
75887,Yes
75888,No
75889,No
75890,No
75891,Yes
75892,No
75893,No
75894,No
75895,No
75896,No
75897,Yes
75898,No
75899,No
75900,No
75901,No
75902,No
75903,Yes
75904,No
75905,No
75906,No
75907,No
75908,Yes
75909,No
75910,No
75911,No
75912,No
75913,No
75914,No
75915,No
75916,No
75917,Yes
75918,No
75919,No
75920,No
75921,Yes
75922,Yes
75923,No
75924,No
75925,Yes
75926,No
75927,Yes
75928,No
75929,Yes
75930,No
75931,Yes
75932,No
75933,No
75934,No
75935,No
75936,Yes
75937,No
75938,No
75939,Yes
75940,No
75941,Yes
75942,Yes
75943,No
75944,Yes
75945,No
75946,No
75947,No
75948,No
75949,No
75950,No
75951,Yes
75952,No
75953,Yes
75954,No
75955,No
75956,No
75957,Yes
75958,Yes
75959,Yes
75960,Yes
75961,Yes
75962,Yes
75963,Yes
75964,No
75965,No
75966,No
75967,No
75968,Yes
75969,No
75970,No
75971,No
75972,No
75973,Yes
75974,No
75975,No
75976,Yes
75977,No
75978,No
75979,No
75980,Yes
75981,No
75982,Yes
75983,No
75984,Yes
75985,Yes
75986,No
75987,No
75988,No
75989,No
75990,No
75991,No
75992,No
75993,No
75994,No
75995,No
75996,No
75997,No
75998,No
75999,No
76000,No
76001,No
76002,No
76003,No
76004,No
76005,Yes
76006,Yes
76007,No
76008,No
76009,No
76010,No
76011,Yes
76012,No
76013,Yes
76014,No
76015,No
76016,Yes
76017,No
76018,No
76019,Yes
76020,Yes
76021,No
76022,Yes
76023,Yes
76024,No
76025,Yes
76026,No
76027,No
76028,No
76029,No
76030,Yes
76031,Yes
76032,No
76033,Yes
76034,No
76035,No
76036,No
76037,No
76038,No
76039,No
76040,No
76041,No
76042,No
76043,No
76044,No
76045,No
76046,No
76047,No
76048,Yes
76049,No
76050,Yes
76051,No
76052,Yes
76053,No
76054,Yes
76055,No
76056,Yes
76057,No
76058,No
76059,No
76060,No
76061,Yes
76062,No
76063,Yes
76064,No
76065,Yes
76066,No
76067,Yes
76068,No
76069,No
76070,Yes
76071,No
76072,No
76073,No
76074,No
76075,Yes
76076,No
76077,No
76078,Yes
76079,No
76080,No
76081,No
76082,No
76083,No
76084,Yes
76085,No
76086,No
76087,No
76088,No
76089,Yes
76090,Yes
76091,No
76092,No
76093,No
76094,No
76095,No
76096,No
76097,No
76098,Yes
76099,No
76100,Yes
76101,Yes
76102,Yes
76103,Yes
76104,No
76105,No
76106,Yes
76107,Yes
76108,No
76109,Yes
76110,No
76111,No
76112,No
76113,Yes
76114,No
76115,No
76116,No
76117,No
76118,Yes
76119,Yes
76120,Yes
76121,No
76122,No
76123,No
76124,No
76125,No
76126,No
76127,Yes
76128,No
76129,No
76130,No
76131,No
76132,No
76133,No
76134,No
76135,No
76136,No
76137,Yes
76138,Yes
76139,No
76140,No
76141,No
76142,Yes
76143,No
76144,No
76145,No
76146,No
76147,No
76148,No
76149,No
76150,No
76151,Yes
76152,Yes
76153,No
76154,No
76155,Yes
76156,No
76157,No
76158,No
76159,No
76160,Yes
76161,No
76162,No
76163,No
76164,No
76165,No
76166,No
76167,No
76168,No
76169,No
76170,No
76171,No
76172,No
76173,No
76174,No
76175,No
76176,No
76177,No
76178,No
76179,Yes
76180,No
76181,No
76182,Yes
76183,No
76184,No
76185,No
76186,No
76187,No
76188,Yes
76189,No
76190,No
76191,Yes
76192,Yes
76193,No
76194,Yes
76195,No
76196,No
76197,No
76198,No
76199,No
76200,No
76201,No
76202,No
76203,Yes
76204,No
76205,Yes
76206,No
76207,No
76208,No
76209,Yes
76210,No
76211,No
76212,Yes
76213,No
76214,No
76215,No
76216,No
76217,No
76218,No
76219,Yes
76220,Yes
76221,No
76222,Yes
76223,No
76224,No
76225,Yes
76226,No
76227,No
76228,No
76229,Yes
76230,No
76231,No
76232,No
76233,No
76234,No
76235,No
76236,Yes
76237,No
76238,No
76239,No
76240,Yes
76241,No
76242,No
76243,No
76244,Yes
76245,No
76246,No
76247,Yes
76248,Yes
76249,No
76250,No
76251,No
76252,Yes
76253,Yes
76254,Yes
76255,No
76256,No
76257,No
76258,No
76259,Yes
76260,No
76261,No
76262,No
76263,Yes
76264,No
76265,No
76266,No
76267,No
76268,No
76269,No
76270,No
76271,No
76272,No
76273,No
76274,No
76275,No
76276,No
76277,No
76278,No
76279,No
76280,No
76281,No
76282,No
76283,No
76284,No
76285,Yes
76286,No
76287,No
76288,No
76289,Yes
76290,No
76291,No
76292,No
76293,No
76294,No
76295,No
76296,No
76297,No
76298,No
76299,Yes
76300,No
76301,Yes
76302,Yes
76303,No
76304,Yes
76305,No
76306,Yes
76307,No
76308,No
76309,Yes
76310,Yes
76311,No
76312,Yes
76313,No
76314,No
76315,Yes
76316,Yes
76317,No
76318,Yes
76319,No
76320,No
76321,No
76322,Yes
76323,Yes
76324,No
76325,No
76326,No
76327,Yes
76328,No
76329,Yes
76330,No
76331,No
76332,Yes
76333,No
76334,No
76335,No
76336,No
76337,No
76338,No
76339,Yes
76340,No
76341,No
76342,Yes
76343,Yes
76344,No
76345,No
76346,No
76347,Yes
76348,No
76349,Yes
76350,Yes
76351,No
76352,No
76353,Yes
76354,No
76355,No
76356,No
76357,Yes
76358,No
76359,No
76360,No
76361,No
76362,No
76363,Yes
76364,No
76365,No
76366,Yes
76367,No
76368,No
76369,No
76370,No
76371,No
76372,Yes
76373,Yes
76374,No
76375,No
76376,No
76377,Yes
76378,No
76379,No
76380,No
76381,No
76382,Yes
76383,Yes
76384,Yes
76385,Yes
76386,Yes
76387,Yes
76388,Yes
76389,Yes
76390,No
76391,Yes
76392,No
76393,No
76394,Yes
76395,No
76396,No
76397,No
76398,No
76399,No
76400,No
76401,Yes
76402,Yes
76403,No
76404,No
76405,No
76406,No
76407,No
76408,No
76409,Yes
76410,No
76411,No
76412,Yes
76413,Yes
76414,Yes
76415,No
76416,No
76417,No
76418,No
76419,No
76420,No
76421,No
76422,Yes
76423,Yes
76424,No
76425,No
76426,Yes
76427,Yes
76428,No
76429,No
76430,No
76431,Yes
76432,No
76433,No
76434,No
76435,No
76436,Yes
76437,No
76438,No
76439,No
76440,Yes
76441,No
76442,Yes
76443,No
76444,No
76445,No
76446,No
76447,No
76448,No
76449,Yes
76450,No
76451,No
76452,No
76453,No
76454,Yes
76455,Yes
76456,No
76457,No
76458,No
76459,No
76460,No
76461,Yes
76462,No
76463,Yes
76464,No
76465,Yes
76466,No
76467,No
76468,No
76469,No
76470,Yes
76471,Yes
76472,No
76473,No
76474,No
76475,No
76476,No
76477,No
76478,No
76479,No
76480,No
76481,No
76482,Yes
76483,No
76484,No
76485,No
76486,No
76487,No
76488,No
76489,No
76490,Yes
76491,No
76492,No
76493,No
76494,Yes
76495,No
76496,No
76497,No
76498,No
76499,No
76500,Yes
76501,No
76502,No
76503,No
76504,No
76505,Yes
76506,No
76507,No
76508,No
76509,No
76510,Yes
76511,No
76512,No
76513,Yes
76514,Yes
76515,Yes
76516,Yes
76517,No
76518,No
76519,No
76520,No
76521,Yes
76522,No
76523,No
76524,No
76525,Yes
76526,No
76527,No
76528,No
76529,No
76530,No
76531,No
76532,No
76533,No
76534,No
76535,No
76536,No
76537,No
76538,No
76539,No
76540,No
76541,Yes
76542,No
76543,No
76544,No
76545,No
76546,No
76547,Yes
76548,No
76549,No
76550,No
76551,No
76552,No
76553,Yes
76554,No
76555,Yes
76556,No
76557,No
76558,No
76559,No
76560,No
76561,Yes
76562,Yes
76563,No
76564,No
76565,No
76566,No
76567,Yes
76568,Yes
76569,No
76570,Yes
76571,No
76572,No
76573,Yes
76574,No
76575,No
76576,No
76577,No
76578,No
76579,No
76580,No
76581,No
76582,No
76583,No
76584,Yes
76585,Yes
76586,No
76587,No
76588,No
76589,No
76590,No
76591,No
76592,No
76593,Yes
76594,No
76595,No
76596,No
76597,No
76598,No
76599,No
76600,No
76601,Yes
76602,No
76603,No
76604,Yes
76605,No
76606,No
76607,No
76608,Yes
76609,No
76610,No
76611,Yes
76612,Yes
76613,No
76614,Yes
76615,No
76616,No
76617,No
76618,No
76619,No
76620,No
76621,No
76622,Yes
76623,No
76624,No
76625,No
76626,No
76627,No
76628,No
76629,No
76630,Yes
76631,Yes
76632,No
76633,No
76634,No
76635,Yes
76636,No
76637,Yes
76638,Yes
76639,Yes
76640,No
76641,Yes
76642,No
76643,No
76644,Yes
76645,No
76646,Yes
76647,No
76648,No
76649,Yes
76650,No
76651,No
76652,Yes
76653,No
76654,Yes
76655,No
76656,No
76657,No
76658,No
76659,No
76660,No
76661,No
76662,No
76663,Yes
76664,No
76665,Yes
76666,No
76667,No
76668,No
76669,No
76670,No
76671,Yes
76672,No
76673,No
76674,No
76675,Yes
76676,No
76677,No
76678,Yes
76679,Yes
76680,No
76681,No
76682,No
76683,No
76684,No
76685,No
76686,No
76687,No
76688,No
76689,Yes
76690,No
76691,No
76692,Yes
76693,No
76694,No
76695,Yes
76696,Yes
76697,Yes
76698,No
76699,No
76700,No
76701,No
76702,No
76703,No
76704,Yes
76705,No
76706,No
76707,No
76708,No
76709,Yes
76710,No
76711,No
76712,Yes
76713,No
76714,No
76715,No
76716,No
76717,Yes
76718,No
76719,No
76720,Yes
76721,No
76722,No
76723,No
76724,Yes
76725,No
76726,Yes
76727,Yes
76728,Yes
76729,No
76730,No
76731,No
76732,No
76733,No
76734,No
76735,No
76736,No
76737,Yes
76738,No
76739,No
76740,No
76741,Yes
76742,No
76743,Yes
76744,No
76745,Yes
76746,No
76747,No
76748,Yes
76749,Yes
76750,No
76751,No
76752,No
76753,Yes
76754,No
76755,Yes
76756,No
76757,Yes
76758,Yes
76759,No
76760,No
76761,Yes
76762,Yes
76763,No
76764,No
76765,Yes
76766,No
76767,No
76768,No
76769,No
76770,Yes
76771,No
76772,Yes
76773,No
76774,No
76775,No
76776,No
76777,Yes
76778,No
76779,Yes
76780,No
76781,No
76782,Yes
76783,No
76784,No
76785,Yes
76786,No
76787,No
76788,No
76789,Yes
76790,No
76791,No
76792,No
76793,Yes
76794,Yes
76795,No
76796,No
76797,Yes
76798,Yes
76799,Yes
76800,Yes
76801,Yes
76802,No
76803,No
76804,No
76805,Yes
76806,No
76807,Yes
76808,Yes
76809,No
76810,No
76811,No
76812,Yes
76813,No
76814,No
76815,Yes
76816,Yes
76817,Yes
76818,No
76819,No
76820,No
76821,No
76822,No
76823,No
76824,Yes
76825,Yes
76826,Yes
76827,Yes
76828,No
76829,No
76830,No
76831,Yes
76832,No
76833,No
76834,Yes
76835,Yes
76836,No
76837,No
76838,No
76839,No
76840,Yes
76841,No
76842,No
76843,No
76844,No
76845,No
76846,No
76847,No
76848,No
76849,No
76850,No
76851,Yes
76852,Yes
76853,No
76854,No
76855,Yes
76856,No
76857,No
76858,No
76859,No
76860,No
76861,No
76862,No
76863,No
76864,No
76865,No
76866,No
76867,No
76868,No
76869,No
76870,No
76871,No
76872,Yes
76873,No
76874,Yes
76875,No
76876,No
76877,No
76878,No
76879,No
76880,No
76881,No
76882,Yes
76883,No
76884,Yes
76885,No
76886,No
76887,No
76888,No
76889,No
76890,No
76891,Yes
76892,No
76893,No
76894,Yes
76895,No
76896,No
76897,No
76898,No
76899,No
76900,No
76901,No
76902,No
76903,No
76904,No
76905,No
76906,No
76907,Yes
76908,Yes
76909,Yes
76910,No
76911,No
76912,No
76913,Yes
76914,Yes
76915,Yes
76916,Yes
76917,No
76918,No
76919,No
76920,No
76921,Yes
76922,No
76923,No
76924,Yes
76925,Yes
76926,No
76927,Yes
76928,No
76929,No
76930,No
76931,No
76932,No
76933,No
76934,No
76935,No
76936,No
76937,Yes
76938,Yes
76939,No
76940,No
76941,No
76942,No
76943,Yes
76944,No
76945,Yes
76946,Yes
76947,No
76948,Yes
76949,Yes
76950,No
76951,Yes
76952,No
76953,Yes
76954,No
76955,No
76956,No
76957,No
76958,No
76959,Yes
76960,Yes
76961,No
76962,No
76963,No
76964,No
76965,No
76966,No
76967,No
76968,No
76969,No
76970,No
76971,No
76972,Yes
76973,Yes
76974,Yes
76975,No
76976,No
76977,No
76978,No
76979,Yes
76980,No
76981,No
76982,No
76983,Yes
76984,No
76985,No
76986,No
76987,Yes
76988,No
76989,No
76990,No
76991,No
76992,No
76993,No
76994,Yes
76995,No
76996,Yes
76997,No
76998,No
76999,No
77000,Yes
77001,No
77002,No
77003,No
77004,Yes
77005,No
77006,No
77007,No
77008,Yes
77009,No
77010,No
77011,No
77012,Yes
77013,No
77014,Yes
77015,No
77016,No
77017,Yes
77018,No
77019,No
77020,No
77021,No
77022,No
77023,Yes
77024,No
77025,No
77026,No
77027,No
77028,No
77029,No
77030,No
77031,Yes
77032,No
77033,No
77034,No
77035,No
77036,No
77037,No
77038,Yes
77039,No
77040,No
77041,No
77042,No
77043,No
77044,No
77045,No
77046,No
77047,No
77048,No
77049,No
77050,Yes
77051,No
77052,No
77053,Yes
77054,No
77055,No
77056,Yes
77057,Yes
77058,Yes
77059,No
77060,Yes
77061,No
77062,Yes
77063,No
77064,Yes
77065,Yes
77066,No
77067,No
77068,Yes
77069,No
77070,No
77071,No
77072,No
77073,No
77074,No
77075,Yes
77076,No
77077,No
77078,No
77079,Yes
77080,No
77081,Yes
77082,No
77083,No
77084,Yes
77085,No
77086,No
77087,No
77088,No
77089,Yes
77090,Yes
77091,No
77092,No
77093,No
77094,No
77095,Yes
77096,No
77097,Yes
77098,No
77099,Yes
77100,No
77101,No
77102,No
77103,No
77104,No
77105,No
77106,Yes
77107,Yes
77108,No
77109,No
77110,No
77111,No
77112,Yes
77113,No
77114,No
77115,No
77116,No
77117,No
77118,No
77119,No
77120,No
77121,Yes
77122,No
77123,No
77124,Yes
77125,Yes
77126,No
77127,Yes
77128,No
77129,No
77130,Yes
77131,Yes
77132,No
77133,No
77134,No
77135,No
77136,No
77137,No
77138,No
77139,No
77140,Yes
77141,No
77142,Yes
77143,No
77144,No
77145,No
77146,No
77147,No
77148,No
77149,No
77150,No
77151,Yes
77152,No
77153,No
77154,No
77155,No
77156,No
77157,No
77158,No
77159,No
77160,Yes
77161,No
77162,No
77163,No
77164,No
77165,No
77166,Yes
77167,No
77168,No
77169,No
77170,No
77171,No
77172,No
77173,No
77174,Yes
77175,No
77176,No
77177,No
77178,No
77179,No
77180,Yes
77181,Yes
77182,No
77183,No
77184,Yes
77185,Yes
77186,Yes
77187,Yes
77188,No
77189,Yes
77190,No
77191,Yes
77192,No
77193,No
77194,No
77195,No
77196,No
77197,No
77198,No
77199,Yes
77200,Yes
77201,No
77202,Yes
77203,Yes
77204,No
77205,No
77206,No
77207,No
77208,No
77209,Yes
77210,No
77211,Yes
77212,No
77213,No
77214,No
77215,Yes
77216,No
77217,No
77218,No
77219,Yes
77220,No
77221,No
77222,No
77223,No
77224,Yes
77225,No
77226,Yes
77227,No
77228,Yes
77229,No
77230,Yes
77231,No
77232,No
77233,No
77234,Yes
77235,No
77236,No
77237,No
77238,No
77239,Yes
77240,Yes
77241,No
77242,No
77243,Yes
77244,No
77245,No
77246,Yes
77247,No
77248,No
77249,No
77250,No
77251,No
77252,No
77253,Yes
77254,No
77255,No
77256,No
77257,Yes
77258,No
77259,No
77260,No
77261,Yes
77262,Yes
77263,No
77264,No
77265,No
77266,No
77267,No
77268,No
77269,No
77270,Yes
77271,No
77272,No
77273,No
77274,Yes
77275,No
77276,No
77277,No
77278,No
77279,No
77280,No
77281,No
77282,No
77283,Yes
77284,No
77285,No
77286,No
77287,Yes
77288,No
77289,No
77290,No
77291,No
77292,Yes
77293,No
77294,No
77295,No
77296,Yes
77297,No
77298,No
77299,No
77300,No
77301,No
77302,Yes
77303,No
77304,Yes
77305,No
77306,Yes
77307,No
77308,No
77309,No
77310,No
77311,No
77312,No
77313,No
77314,No
77315,No
77316,Yes
77317,Yes
77318,No
77319,No
77320,Yes
77321,No
77322,No
77323,No
77324,Yes
77325,Yes
77326,No
77327,Yes
77328,Yes
77329,No
77330,No
77331,No
77332,Yes
77333,No
77334,Yes
77335,No
77336,No
77337,No
77338,Yes
77339,No
77340,Yes
77341,Yes
77342,Yes
77343,Yes
77344,No
77345,Yes
77346,No
77347,No
77348,No
77349,No
77350,No
77351,No
77352,Yes
77353,No
77354,No
77355,No
77356,No
77357,No
77358,No
77359,Yes
77360,No
77361,No
77362,No
77363,No
77364,No
77365,No
77366,Yes
77367,Yes
77368,No
77369,No
77370,No
77371,No
77372,No
77373,No
77374,Yes
77375,No
77376,Yes
77377,No
77378,No
77379,Yes
77380,Yes
77381,Yes
77382,Yes
77383,No
77384,No
77385,No
77386,Yes
77387,No
77388,No
77389,Yes
77390,No
77391,No
77392,No
77393,No
77394,Yes
77395,Yes
77396,Yes
77397,Yes
77398,Yes
77399,Yes
77400,No
77401,No
77402,No
77403,No
77404,No
77405,No
77406,No
77407,Yes
77408,No
77409,No
77410,No
77411,Yes
77412,No
77413,No
77414,Yes
77415,No
77416,No
77417,No
77418,No
77419,No
77420,No
77421,No
77422,No
77423,Yes
77424,No
77425,No
77426,No
77427,No
77428,No
77429,No
77430,No
77431,No
77432,No
77433,No
77434,No
77435,No
77436,Yes
77437,No
77438,No
77439,Yes
77440,Yes
77441,No
77442,No
77443,Yes
77444,No
77445,No
77446,No
77447,No
77448,No
77449,No
77450,No
77451,No
77452,No
77453,No
77454,No
77455,No
77456,No
77457,Yes
77458,No
77459,No
77460,No
77461,No
77462,No
77463,No
77464,Yes
77465,Yes
77466,No
77467,No
77468,No
77469,No
77470,Yes
77471,No
77472,Yes
77473,No
77474,No
77475,Yes
77476,No
77477,No
77478,Yes
77479,No
77480,No
77481,No
77482,No
77483,No
77484,No
77485,Yes
77486,Yes
77487,No
77488,No
77489,Yes
77490,No
77491,No
77492,Yes
77493,No
77494,Yes
77495,Yes
77496,No
77497,No
77498,No
77499,No
77500,Yes
77501,No
77502,No
77503,No
77504,No
77505,No
77506,No
77507,Yes
77508,No
77509,Yes
77510,No
77511,No
77512,No
77513,No
77514,Yes
77515,No
77516,No
77517,No
77518,No
77519,No
77520,No
77521,Yes
77522,No
77523,Yes
77524,No
77525,No
77526,No
77527,Yes
77528,No
77529,No
77530,No
77531,Yes
77532,Yes
77533,No
77534,No
77535,Yes
77536,Yes
77537,No
77538,No
77539,No
77540,No
77541,No
77542,Yes
77543,Yes
77544,No
77545,No
77546,No
77547,No
77548,No
77549,No
77550,No
77551,No
77552,No
77553,No
77554,No
77555,No
77556,Yes
77557,No
77558,No
77559,No
77560,Yes
77561,No
77562,No
77563,No
77564,Yes
77565,Yes
77566,No
77567,No
77568,No
77569,No
77570,No
77571,Yes
77572,No
77573,Yes
77574,No
77575,No
77576,No
77577,Yes
77578,No
77579,No
77580,No
77581,Yes
77582,No
77583,No
77584,No
77585,Yes
77586,No
77587,Yes
77588,Yes
77589,No
77590,No
77591,Yes
77592,Yes
77593,No
77594,No
77595,No
77596,No
77597,No
77598,No
77599,No
77600,No
77601,Yes
77602,Yes
77603,No
77604,No
77605,No
77606,No
77607,No
77608,No
77609,No
77610,No
77611,No
77612,No
77613,No
77614,No
77615,No
77616,No
77617,No
77618,Yes
77619,No
77620,No
77621,No
77622,Yes
77623,Yes
77624,No
77625,No
77626,No
77627,Yes
77628,Yes
77629,Yes
77630,Yes
77631,No
77632,No
77633,No
77634,Yes
77635,No
77636,No
77637,Yes
77638,No
77639,No
77640,No
77641,No
77642,Yes
77643,Yes
77644,No
77645,Yes
77646,No
77647,No
77648,No
77649,No
77650,Yes
77651,Yes
77652,Yes
77653,No
77654,Yes
77655,No
77656,No
77657,Yes
77658,Yes
77659,Yes
77660,No
77661,Yes
77662,No
77663,No
77664,No
77665,No
77666,No
77667,No
77668,Yes
77669,No
77670,Yes
77671,Yes
77672,No
77673,No
77674,Yes
77675,Yes
77676,Yes
77677,No
77678,No
77679,No
77680,No
77681,No
77682,Yes
77683,No
77684,No
77685,No
77686,Yes
77687,No
77688,No
77689,Yes
77690,Yes
77691,No
77692,No
77693,No
77694,Yes
77695,No
77696,No
77697,No
77698,Yes
77699,Yes
77700,No
77701,No
77702,No
77703,No
77704,Yes
77705,Yes
77706,No
77707,No
77708,No
77709,No
77710,No
77711,No
77712,No
77713,No
77714,No
77715,No
77716,Yes
77717,Yes
77718,No
77719,No
77720,No
77721,No
77722,No
77723,Yes
77724,No
77725,No
77726,No
77727,No
77728,No
77729,No
77730,Yes
77731,No
77732,No
77733,No
77734,No
77735,Yes
77736,Yes
77737,No
77738,No
77739,No
77740,No
77741,No
77742,Yes
77743,No
77744,No
77745,Yes
77746,No
77747,No
77748,No
77749,No
77750,No
77751,No
77752,No
77753,No
77754,No
77755,No
77756,No
77757,No
77758,No
77759,No
77760,No
77761,No
77762,Yes
77763,No
77764,No
77765,Yes
77766,No
77767,No
77768,Yes
77769,No
77770,No
77771,Yes
77772,Yes
77773,No
77774,No
77775,No
77776,Yes
77777,No
77778,No
77779,No
77780,No
77781,No
77782,Yes
77783,No
77784,Yes
77785,No
77786,No
77787,No
77788,Yes
77789,No
77790,No
77791,No
77792,Yes
77793,No
77794,No
77795,No
77796,No
77797,No
77798,No
77799,Yes
77800,No
77801,Yes
77802,Yes
77803,No
77804,No
77805,Yes
77806,No
77807,No
77808,Yes
77809,No
77810,No
77811,No
77812,No
77813,No
77814,Yes
77815,No
77816,No
77817,No
77818,Yes
77819,No
77820,Yes
77821,Yes
77822,No
77823,No
77824,No
77825,No
77826,No
77827,Yes
77828,No
77829,Yes
77830,No
77831,No
77832,No
77833,No
77834,No
77835,Yes
77836,No
77837,Yes
77838,No
77839,No
77840,No
77841,No
77842,No
77843,Yes
77844,No
77845,Yes
77846,Yes
77847,No
77848,No
77849,No
77850,No
77851,No
77852,Yes
77853,Yes
77854,No
77855,No
77856,No
77857,No
77858,No
77859,No
77860,No
77861,No
77862,No
77863,No
77864,Yes
77865,No
77866,No
77867,Yes
77868,Yes
77869,No
77870,No
77871,No
77872,Yes
77873,No
77874,Yes
77875,Yes
77876,Yes
77877,No
77878,Yes
77879,Yes
77880,No
77881,Yes
77882,Yes
77883,No
77884,Yes
77885,Yes
77886,No
77887,No
77888,No
77889,Yes
77890,Yes
77891,Yes
77892,No
77893,No
77894,Yes
77895,Yes
77896,Yes
77897,No
77898,Yes
77899,No
77900,Yes
77901,No
77902,Yes
77903,No
77904,No
77905,No
77906,No
77907,No
77908,Yes
77909,No
77910,No
77911,Yes
77912,Yes
77913,No
77914,No
77915,No
77916,No
77917,No
77918,No
77919,No
77920,No
77921,Yes
77922,No
77923,No
77924,Yes
77925,No
77926,Yes
77927,No
77928,No
77929,No
77930,No
77931,No
77932,No
77933,Yes
77934,No
77935,No
77936,No
77937,No
77938,Yes
77939,No
77940,No
77941,No
77942,No
77943,No
77944,No
77945,No
77946,No
77947,No
77948,No
77949,No
77950,No
77951,No
77952,Yes
77953,No
77954,No
77955,No
77956,No
77957,No
77958,No
77959,No
77960,No
77961,No
77962,No
77963,No
77964,Yes
77965,Yes
77966,No
77967,No
77968,Yes
77969,No
77970,No
77971,Yes
77972,Yes
77973,Yes
77974,No
77975,No
77976,No
77977,No
77978,No
77979,No
77980,No
77981,No
77982,Yes
77983,No
77984,Yes
77985,No
77986,Yes
77987,No
77988,No
77989,Yes
77990,No
77991,Yes
77992,Yes
77993,No
77994,No
77995,Yes
77996,No
77997,Yes
77998,No
77999,Yes
78000,Yes
78001,No
78002,Yes
78003,No
78004,Yes
78005,Yes
78006,No
78007,No
78008,No
78009,No
78010,Yes
78011,No
78012,No
78013,Yes
78014,No
78015,Yes
78016,Yes
78017,Yes
78018,No
78019,No
78020,No
78021,No
78022,No
78023,No
78024,No
78025,Yes
78026,No
78027,Yes
78028,No
78029,No
78030,No
78031,Yes
78032,No
78033,Yes
78034,No
78035,No
78036,No
78037,Yes
78038,No
78039,No
78040,No
78041,No
78042,Yes
78043,No
78044,No
78045,No
78046,No
78047,No
78048,No
78049,Yes
78050,No
78051,Yes
78052,Yes
78053,No
78054,Yes
78055,No
78056,No
78057,No
78058,Yes
78059,Yes
78060,No
78061,No
78062,No
78063,No
78064,No
78065,No
78066,No
78067,No
78068,No
78069,No
78070,No
78071,Yes
78072,No
78073,Yes
78074,No
78075,No
78076,No
78077,No
78078,No
78079,No
78080,No
78081,No
78082,No
78083,No
78084,No
78085,No
78086,No
78087,No
78088,Yes
78089,No
78090,No
78091,No
78092,Yes
78093,No
78094,No
78095,No
78096,No
78097,No
78098,No
78099,Yes
78100,No
78101,Yes
78102,Yes
78103,No
78104,No
78105,No
78106,No
78107,No
78108,No
78109,No
78110,No
78111,No
78112,Yes
78113,Yes
78114,No
78115,No
78116,No
78117,No
78118,Yes
78119,No
78120,Yes
78121,Yes
78122,No
78123,No
78124,No
78125,No
78126,No
78127,No
78128,No
78129,Yes
78130,No
78131,No
78132,No
78133,No
78134,No
78135,Yes
78136,Yes
78137,No
78138,Yes
78139,No
78140,No
78141,Yes
78142,Yes
78143,No
78144,No
78145,No
78146,No
78147,No
78148,No
78149,No
78150,No
78151,No
78152,Yes
78153,No
78154,Yes
78155,No
78156,Yes
78157,No
78158,No
78159,Yes
78160,No
78161,Yes
78162,Yes
78163,Yes
78164,No
78165,No
78166,No
78167,No
78168,No
78169,Yes
78170,Yes
78171,No
78172,Yes
78173,No
78174,No
78175,Yes
78176,No
78177,No
78178,No
78179,No
78180,Yes
78181,Yes
78182,No
78183,No
78184,No
78185,No
78186,Yes
78187,Yes
78188,No
78189,No
78190,No
78191,No
78192,No
78193,Yes
78194,No
78195,No
78196,Yes
78197,No
78198,No
78199,No
78200,No
78201,No
78202,Yes
78203,Yes
78204,No
78205,No
78206,No
78207,No
78208,No
78209,Yes
78210,No
78211,No
78212,Yes
78213,No
78214,Yes
78215,No
78216,No
78217,No
78218,Yes
78219,No
78220,No
78221,Yes
78222,No
78223,No
78224,No
78225,Yes
78226,No
78227,Yes
78228,No
78229,No
78230,Yes
78231,Yes
78232,No
78233,Yes
78234,No
78235,Yes
78236,No
78237,No
78238,No
78239,Yes
78240,No
78241,Yes
78242,No
78243,No
78244,Yes
78245,No
78246,No
78247,No
78248,No
78249,No
78250,No
78251,No
78252,No
78253,No
78254,No
78255,No
78256,No
78257,Yes
78258,No
78259,No
78260,No
78261,No
78262,Yes
78263,No
78264,No
78265,Yes
78266,No
78267,No
78268,Yes
78269,Yes
78270,No
78271,No
78272,No
78273,No
78274,Yes
78275,Yes
78276,No
78277,No
78278,Yes
78279,No
78280,No
78281,No
78282,Yes
78283,No
78284,Yes
78285,No
78286,No
78287,No
78288,No
78289,No
78290,No
78291,No
78292,No
78293,No
78294,No
78295,Yes
78296,No
78297,Yes
78298,No
78299,No
78300,No
78301,No
78302,No
78303,No
78304,Yes
78305,No
78306,No
78307,Yes
78308,No
78309,No
78310,No
78311,No
78312,No
78313,Yes
78314,Yes
78315,No
78316,No
78317,No
78318,No
78319,Yes
78320,No
78321,No
78322,No
78323,Yes
78324,No
78325,No
78326,No
78327,No
78328,No
78329,No
78330,No
78331,Yes
78332,No
78333,Yes
78334,Yes
78335,No
78336,Yes
78337,No
78338,Yes
78339,Yes
78340,No
78341,No
78342,Yes
78343,No
78344,No
78345,Yes
78346,No
78347,No
78348,No
78349,No
78350,No
78351,Yes
78352,No
78353,Yes
78354,Yes
78355,No
78356,No
78357,No
78358,No
78359,No
78360,No
78361,No
78362,No
78363,No
78364,No
78365,Yes
78366,No
78367,No
78368,No
78369,No
78370,Yes
78371,Yes
78372,No
78373,No
78374,No
78375,No
78376,Yes
78377,No
78378,No
78379,Yes
78380,Yes
78381,No
78382,No
78383,No
78384,Yes
78385,No
78386,Yes
78387,No
78388,Yes
78389,No
78390,No
78391,No
78392,No
78393,No
78394,No
78395,Yes
78396,Yes
78397,No
78398,No
78399,Yes
78400,Yes
78401,No
78402,Yes
78403,No
78404,No
78405,No
78406,No
78407,Yes
78408,Yes
78409,Yes
78410,No
78411,Yes
78412,No
78413,No
78414,Yes
78415,Yes
78416,Yes
78417,No
78418,No
78419,No
78420,No
78421,No
78422,Yes
78423,No
78424,Yes
78425,No
78426,Yes
78427,No
78428,No
78429,Yes
78430,No
78431,No
78432,Yes
78433,Yes
78434,No
78435,No
78436,No
78437,No
78438,No
78439,Yes
78440,No
78441,Yes
78442,No
78443,Yes
78444,No
78445,No
78446,Yes
78447,Yes
78448,No
78449,Yes
78450,No
78451,No
78452,No
78453,No
78454,No
78455,No
78456,Yes
78457,No
78458,No
78459,No
78460,No
78461,No
78462,No
78463,No
78464,No
78465,Yes
78466,No
78467,Yes
78468,No
78469,No
78470,No
78471,No
78472,No
78473,Yes
78474,Yes
78475,No
78476,No
78477,No
78478,No
78479,No
78480,No
78481,No
78482,No
78483,No
78484,No
78485,No
78486,Yes
78487,No
78488,No
78489,No
78490,Yes
78491,No
78492,No
78493,Yes
78494,No
78495,No
78496,No
78497,No
78498,Yes
78499,No
78500,No
78501,Yes
78502,No
78503,No
78504,No
78505,No
78506,No
78507,Yes
78508,Yes
78509,No
78510,No
78511,No
78512,No
78513,Yes
78514,No
78515,Yes
78516,Yes
78517,No
78518,Yes
78519,No
78520,No
78521,No
78522,Yes
78523,Yes
78524,Yes
78525,Yes
78526,No
78527,No
78528,No
78529,No
78530,Yes
78531,Yes
78532,No
78533,No
78534,No
78535,No
78536,No
78537,No
78538,No
78539,No
78540,Yes
78541,No
78542,No
78543,No
78544,No
78545,No
78546,Yes
78547,No
78548,No
78549,Yes
78550,Yes
78551,Yes
78552,Yes
78553,No
78554,No
78555,Yes
78556,No
78557,Yes
78558,No
78559,No
78560,No
78561,Yes
78562,Yes
78563,No
78564,No
78565,No
78566,No
78567,No
78568,No
78569,No
78570,Yes
78571,No
78572,Yes
78573,No
78574,No
78575,No
78576,No
78577,No
78578,No
78579,No
78580,Yes
78581,No
78582,No
78583,No
78584,Yes
78585,No
78586,Yes
78587,No
78588,No
78589,No
78590,No
78591,No
78592,No
78593,No
78594,No
78595,Yes
78596,No
78597,Yes
78598,Yes
78599,No
78600,Yes
78601,Yes
78602,No
78603,No
78604,No
78605,Yes
78606,No
78607,No
78608,Yes
78609,Yes
78610,Yes
78611,Yes
78612,No
78613,No
78614,Yes
78615,No
78616,No
78617,Yes
78618,No
78619,No
78620,No
78621,No
78622,No
78623,Yes
78624,No
78625,No
78626,No
78627,No
78628,Yes
78629,No
78630,No
78631,No
78632,No
78633,No
78634,Yes
78635,No
78636,Yes
78637,Yes
78638,No
78639,No
78640,No
78641,No
78642,Yes
78643,No
78644,No
78645,No
78646,No
78647,No
78648,Yes
78649,No
78650,Yes
78651,No
78652,No
78653,No
78654,No
78655,No
78656,Yes
78657,Yes
78658,No
78659,No
78660,No
78661,Yes
78662,No
78663,Yes
78664,No
78665,Yes
78666,No
78667,No
78668,Yes
78669,No
78670,No
78671,No
78672,No
78673,No
78674,No
78675,No
78676,No
78677,No
78678,No
78679,No
78680,No
78681,No
78682,No
78683,No
78684,Yes
78685,No
78686,No
78687,Yes
78688,Yes
78689,No
78690,No
78691,No
78692,No
78693,No
78694,Yes
78695,No
78696,No
78697,No
78698,No
78699,No
78700,No
78701,No
78702,No
78703,Yes
78704,No
78705,No
78706,Yes
78707,No
78708,Yes
78709,Yes
78710,No
78711,No
78712,No
78713,No
78714,No
78715,No
78716,Yes
78717,No
78718,No
78719,Yes
78720,No
78721,No
78722,Yes
78723,No
78724,No
78725,Yes
78726,Yes
78727,No
78728,No
78729,Yes
78730,No
78731,No
78732,No
78733,No
78734,No
78735,No
78736,No
78737,No
78738,No
78739,No
78740,Yes
78741,No
78742,No
78743,No
78744,No
78745,No
78746,No
78747,Yes
78748,No
78749,Yes
78750,No
78751,Yes
78752,Yes
78753,Yes
78754,No
78755,No
78756,Yes
78757,No
78758,Yes
78759,No
78760,Yes
78761,No
78762,Yes
78763,Yes
78764,No
78765,No
78766,No
78767,No
78768,Yes
78769,No
78770,Yes
78771,No
78772,No
78773,Yes
78774,No
78775,No
78776,Yes
78777,No
78778,Yes
78779,No
78780,No
78781,No
78782,Yes
78783,No
78784,No
78785,No
78786,No
78787,No
78788,No
78789,No
78790,Yes
78791,No
78792,No
78793,No
78794,No
78795,Yes
78796,No
78797,No
78798,No
78799,No
78800,Yes
78801,No
78802,No
78803,Yes
78804,No
78805,Yes
78806,No
78807,No
78808,No
78809,Yes
78810,No
78811,No
78812,No
78813,Yes
78814,No
78815,No
78816,Yes
78817,No
78818,No
78819,Yes
78820,Yes
78821,Yes
78822,No
78823,No
78824,No
78825,No
78826,Yes
78827,Yes
78828,No
78829,No
78830,No
78831,No
78832,No
78833,No
78834,No
78835,No
78836,No
78837,Yes
78838,No
78839,No
78840,No
78841,No
78842,Yes
78843,No
78844,Yes
78845,No
78846,Yes
78847,Yes
78848,No
78849,No
78850,No
78851,No
78852,No
78853,Yes
78854,No
78855,No
78856,No
78857,Yes
78858,No
78859,No
78860,Yes
78861,No
78862,No
78863,No
78864,No
78865,No
78866,No
78867,No
78868,No
78869,Yes
78870,No
78871,No
78872,Yes
78873,No
78874,No
78875,No
78876,No
78877,No
78878,Yes
78879,No
78880,No
78881,No
78882,No
78883,No
78884,Yes
78885,No
78886,Yes
78887,No
78888,No
78889,No
78890,Yes
78891,No
78892,No
78893,No
78894,No
78895,Yes
78896,No
78897,Yes
78898,No
78899,No
78900,No
78901,Yes
78902,No
78903,No
78904,No
78905,No
78906,No
78907,No
78908,Yes
78909,Yes
78910,Yes
78911,No
78912,Yes
78913,No
78914,No
78915,No
78916,No
78917,Yes
78918,No
78919,Yes
78920,Yes
78921,No
78922,No
78923,No
78924,No
78925,No
78926,No
78927,No
78928,Yes
78929,No
78930,No
78931,No
78932,No
78933,No
78934,No
78935,No
78936,No
78937,No
78938,No
78939,No
78940,No
78941,Yes
78942,No
78943,Yes
78944,No
78945,No
78946,No
78947,No
78948,No
78949,No
78950,No
78951,No
78952,No
78953,No
78954,Yes
78955,No
78956,Yes
78957,Yes
78958,No
78959,No
78960,No
78961,No
78962,Yes
78963,No
78964,No
78965,No
78966,No
78967,No
78968,No
78969,Yes
78970,Yes
78971,No
78972,No
78973,Yes
78974,No
78975,No
78976,No
78977,No
78978,Yes
78979,No
78980,No
78981,No
78982,Yes
78983,No
78984,Yes
78985,Yes
78986,No
78987,No
78988,Yes
78989,No
78990,No
78991,No
78992,No
78993,No
78994,Yes
78995,No
78996,No
78997,No
78998,No
78999,No
79000,No
79001,Yes
79002,No
79003,No
79004,No
79005,No
79006,No
79007,No
79008,No
79009,No
79010,No
79011,No
79012,Yes
79013,No
79014,No
79015,No
79016,No
79017,No
79018,Yes
79019,Yes
79020,No
79021,No
79022,No
79023,Yes
79024,No
79025,No
79026,No
79027,No
79028,Yes
79029,Yes
79030,No
79031,No
79032,Yes
79033,No
79034,No
79035,No
79036,No
79037,No
79038,Yes
79039,Yes
79040,No
79041,Yes
79042,No
79043,No
79044,No
79045,Yes
79046,Yes
79047,Yes
79048,No
79049,No
79050,No
79051,No
79052,No
79053,No
79054,Yes
79055,No
79056,No
79057,No
79058,No
79059,Yes
79060,No
79061,Yes
79062,No
79063,No
79064,No
79065,No
79066,Yes
79067,No
79068,No
79069,No
79070,Yes
79071,No
79072,No
79073,No
79074,No
79075,Yes
79076,Yes
79077,No
79078,No
79079,Yes
79080,No
79081,Yes
79082,No
79083,No
79084,No
79085,Yes
79086,No
79087,No
79088,No
79089,Yes
79090,No
79091,No
79092,No
79093,Yes
79094,No
79095,No
79096,Yes
79097,Yes
79098,No
79099,No
79100,No
79101,Yes
79102,No
79103,No
79104,No
79105,No
79106,Yes
79107,Yes
79108,No
79109,No
79110,No
79111,Yes
79112,No
79113,No
79114,No
79115,No
79116,No
79117,No
79118,No
79119,No
79120,No
79121,Yes
79122,No
79123,Yes
79124,No
79125,No
79126,Yes
79127,No
79128,No
79129,No
79130,No
79131,No
79132,Yes
79133,No
79134,No
79135,No
79136,No
79137,Yes
79138,Yes
79139,No
79140,Yes
79141,No
79142,Yes
79143,No
79144,No
79145,No
79146,No
79147,No
79148,Yes
79149,No
79150,Yes
79151,No
79152,Yes
79153,No
79154,No
79155,No
79156,No
79157,Yes
79158,No
79159,Yes
79160,No
79161,No
79162,No
79163,No
79164,Yes
79165,No
79166,No
79167,Yes
79168,No
79169,Yes
79170,No
79171,No
79172,No
79173,Yes
79174,No
79175,No
79176,Yes
79177,No
79178,No
79179,No
79180,Yes
79181,No
79182,Yes
79183,Yes
79184,No
79185,No
79186,No
79187,No
79188,No
79189,No
79190,No
79191,No
79192,No
79193,Yes
79194,No
79195,No
79196,No
79197,No
79198,No
79199,No
79200,No
79201,Yes
79202,No
79203,No
79204,No
79205,No
79206,No
79207,No
79208,Yes
79209,No
79210,Yes
79211,No
79212,Yes
79213,No
79214,No
79215,No
79216,No
79217,No
79218,Yes
79219,Yes
79220,No
79221,No
79222,No
79223,Yes
79224,No
79225,No
79226,No
79227,Yes
79228,No
79229,No
79230,Yes
79231,Yes
79232,No
79233,Yes
79234,No
79235,No
79236,Yes
79237,No
79238,Yes
79239,Yes
79240,No
79241,Yes
79242,Yes
79243,No
79244,No
79245,Yes
79246,No
79247,No
79248,No
79249,No
79250,No
79251,No
79252,No
79253,No
79254,No
79255,Yes
79256,Yes
79257,No
79258,No
79259,Yes
79260,No
79261,No
79262,Yes
79263,Yes
79264,No
79265,No
79266,Yes
79267,No
79268,Yes
79269,Yes
79270,Yes
79271,No
79272,No
79273,No
79274,No
79275,No
79276,Yes
79277,No
79278,No
79279,Yes
79280,No
79281,No
79282,No
79283,No
79284,No
79285,No
79286,Yes
79287,No
79288,Yes
79289,No
79290,Yes
79291,No
79292,No
79293,No
79294,No
79295,No
79296,No
79297,Yes
79298,No
79299,No
79300,Yes
79301,No
79302,No
79303,No
79304,Yes
79305,No
79306,No
79307,Yes
79308,No
79309,Yes
79310,No
79311,Yes
79312,No
79313,No
79314,No
79315,Yes
79316,Yes
79317,No
79318,No
79319,No
79320,No
79321,No
79322,No
79323,No
79324,No
79325,Yes
79326,No
79327,No
79328,No
79329,No
79330,No
79331,Yes
79332,Yes
79333,No
79334,No
79335,Yes
79336,No
79337,Yes
79338,No
79339,No
79340,No
79341,No
79342,No
79343,No
79344,Yes
79345,Yes
79346,No
79347,No
79348,No
79349,No
79350,No
79351,No
79352,No
79353,No
79354,Yes
79355,No
79356,Yes
79357,Yes
79358,No
79359,Yes
79360,No
79361,No
79362,No
79363,Yes
79364,No
79365,No
79366,No
79367,No
79368,No
79369,No
79370,No
79371,Yes
79372,No
79373,No
79374,No
79375,No
79376,Yes
79377,No
79378,Yes
79379,No
79380,Yes
79381,Yes
79382,No
79383,Yes
79384,Yes
79385,Yes
79386,No
79387,No
79388,No
79389,No
79390,No
79391,No
79392,No
79393,No
79394,No
79395,No
79396,Yes
79397,No
79398,Yes
79399,No
79400,No
79401,No
79402,No
79403,No
79404,No
79405,Yes
79406,No
79407,Yes
79408,Yes
79409,No
79410,No
79411,Yes
79412,No
79413,No
79414,Yes
79415,No
79416,Yes
79417,No
79418,No
79419,Yes
79420,No
79421,Yes
79422,No
79423,Yes
79424,No
79425,No
79426,No
79427,No
79428,Yes
79429,No
79430,No
79431,No
79432,No
79433,Yes
79434,No
79435,No
79436,No
79437,Yes
79438,No
79439,Yes
79440,No
79441,Yes
79442,No
79443,No
79444,No
79445,No
79446,Yes
79447,Yes
79448,No
79449,No
79450,No
79451,No
79452,No
79453,Yes
79454,No
79455,No
79456,No
79457,No
79458,Yes
79459,No
79460,No
79461,No
79462,Yes
79463,Yes
79464,No
79465,No
79466,No
79467,No
79468,No
79469,No
79470,No
79471,No
79472,No
79473,Yes
79474,No
79475,Yes
79476,Yes
79477,No
79478,Yes
79479,Yes
79480,No
79481,No
79482,No
79483,No
79484,No
79485,Yes
79486,No
79487,No
79488,Yes
79489,Yes
79490,No
79491,No
79492,Yes
79493,No
79494,No
79495,No
79496,Yes
79497,No
79498,No
79499,No
79500,No
79501,No
79502,No
79503,No
79504,Yes
79505,No
79506,No
79507,No
79508,No
79509,No
79510,No
79511,No
79512,No
79513,No
79514,No
79515,No
79516,No
79517,No
79518,No
79519,Yes
79520,Yes
79521,Yes
79522,Yes
79523,No
79524,No
79525,No
79526,No
79527,No
79528,Yes
79529,No
79530,Yes
79531,No
79532,No
79533,No
79534,No
79535,No
79536,No
79537,No
79538,Yes
79539,No
79540,No
79541,Yes
79542,No
79543,No
79544,No
79545,No
79546,No
79547,No
79548,Yes
79549,Yes
79550,No
79551,No
79552,No
79553,No
79554,No
79555,No
79556,No
79557,No
79558,No
79559,No
79560,Yes
79561,No
79562,Yes
79563,Yes
79564,No
79565,No
79566,No
79567,Yes
79568,No
79569,No
79570,Yes
79571,Yes
79572,No
79573,No
79574,No
79575,No
79576,No
79577,Yes
79578,No
79579,No
79580,No
79581,Yes
79582,No
79583,Yes
79584,Yes
79585,No
79586,Yes
79587,Yes
79588,Yes
79589,No
79590,Yes
79591,No
79592,No
79593,Yes
79594,No
79595,No
79596,No
79597,No
79598,No
79599,Yes
79600,Yes
79601,No
79602,No
79603,No
79604,No
79605,Yes
79606,No
79607,No
79608,No
79609,No
79610,Yes
79611,No
79612,No
79613,No
79614,No
79615,No
79616,Yes
79617,Yes
79618,No
79619,Yes
79620,No
79621,No
79622,Yes
79623,Yes
79624,No
79625,No
79626,No
79627,No
79628,Yes
79629,No
79630,No
79631,No
79632,Yes
79633,Yes
79634,Yes
79635,No
79636,No
79637,No
79638,No
79639,Yes
79640,No
79641,Yes
79642,No
79643,Yes
79644,Yes
79645,Yes
79646,No
79647,No
79648,No
79649,Yes
79650,No
79651,No
79652,No
79653,No
79654,Yes
79655,Yes
79656,No
79657,No
79658,No
79659,No
79660,Yes
79661,No
79662,No
79663,No
79664,No
79665,No
79666,Yes
79667,No
79668,Yes
79669,Yes
79670,No
79671,No
79672,No
79673,No
79674,No
79675,No
79676,Yes
79677,No
79678,Yes
79679,No
79680,Yes
79681,No
79682,No
79683,Yes
79684,No
79685,No
79686,No
79687,No
79688,No
79689,Yes
79690,Yes
79691,Yes
79692,No
79693,No
79694,No
79695,Yes
79696,Yes
79697,No
79698,No
79699,No
79700,Yes
79701,No
79702,No
79703,No
79704,No
79705,No
79706,No
79707,No
79708,No
79709,No
79710,No
79711,No
79712,No
79713,No
79714,Yes
79715,No
79716,Yes
79717,Yes
79718,No
79719,No
79720,No
79721,No
79722,No
79723,No
79724,No
79725,Yes
79726,No
79727,No
79728,Yes
79729,No
79730,No
79731,No
79732,No
79733,No
79734,No
79735,No
79736,No
79737,Yes
79738,Yes
79739,No
79740,Yes
79741,No
79742,No
79743,No
79744,No
79745,No
79746,No
79747,No
79748,No
79749,No
79750,No
79751,No
79752,No
79753,No
79754,No
79755,Yes
79756,No
79757,Yes
79758,No
79759,No
79760,No
79761,No
79762,No
79763,Yes
79764,Yes
79765,No
79766,No
79767,Yes
79768,No
79769,No
79770,Yes
79771,No
79772,No
79773,No
79774,No
79775,No
79776,No
79777,No
79778,Yes
79779,Yes
79780,Yes
79781,No
79782,No
79783,Yes
79784,Yes
79785,No
79786,No
79787,No
79788,No
79789,No
79790,Yes
79791,No
79792,No
79793,Yes
79794,Yes
79795,No
79796,No
79797,No
79798,No
79799,Yes
79800,No
79801,No
79802,No
79803,No
79804,No
79805,No
79806,No
79807,No
79808,Yes
79809,No
79810,Yes
79811,No
79812,Yes
79813,Yes
79814,Yes
79815,No
79816,No
79817,No
79818,No
79819,No
79820,No
79821,No
79822,No
79823,No
79824,Yes
79825,No
79826,Yes
79827,No
79828,Yes
79829,No
79830,Yes
79831,No
79832,No
79833,Yes
79834,No
79835,Yes
79836,No
79837,No
79838,No
79839,No
79840,No
79841,No
79842,Yes
79843,No
79844,No
79845,Yes
79846,Yes
79847,No
79848,No
79849,No
79850,No
79851,No
79852,Yes
79853,Yes
79854,No
79855,No
79856,Yes
79857,No
79858,Yes
79859,No
79860,Yes
79861,Yes
79862,No
79863,Yes
79864,No
79865,No
79866,No
79867,Yes
79868,Yes
79869,Yes
79870,No
79871,No
79872,Yes
79873,Yes
79874,Yes
79875,Yes
79876,Yes
79877,No
79878,No
79879,Yes
79880,No
79881,No
79882,Yes
79883,No
79884,No
79885,No
79886,No
79887,No
79888,No
79889,No
79890,No
79891,No
79892,Yes
79893,Yes
79894,No
79895,No
79896,No
79897,No
79898,No
79899,No
79900,No
79901,No
79902,Yes
79903,No
79904,No
79905,No
79906,No
79907,No
79908,No
79909,No
79910,No
79911,No
79912,No
79913,No
79914,No
79915,Yes
79916,No
79917,No
79918,Yes
79919,No
79920,No
79921,Yes
79922,No
79923,No
79924,No
79925,No
79926,Yes
79927,No
79928,No
79929,No
79930,Yes
79931,Yes
79932,Yes
79933,Yes
79934,Yes
79935,Yes
79936,No
79937,No
79938,No
79939,No
79940,No
79941,Yes
79942,No
79943,No
79944,No
79945,Yes
79946,Yes
79947,No
79948,No
79949,No
79950,No
79951,No
79952,No
79953,Yes
79954,No
79955,No
79956,No
79957,No
79958,No
79959,No
79960,No
79961,Yes
79962,No
79963,No
79964,No
79965,No
79966,Yes
79967,Yes
79968,No
79969,No
79970,No
79971,No
79972,Yes
79973,No
79974,Yes
79975,No
79976,No
79977,No
79978,Yes
79979,No
79980,Yes
79981,No
79982,No
79983,No
79984,No
79985,No
79986,No
79987,No
79988,No
79989,No
79990,No
79991,No
79992,No
79993,Yes
79994,Yes
79995,No
79996,No
79997,No
79998,No
79999,No
80000,No
80001,Yes
80002,No
80003,No
80004,No
80005,No
80006,No
80007,Yes
80008,No
80009,No
80010,Yes
80011,Yes
80012,No
80013,No
80014,No
80015,No
80016,No
80017,No
80018,Yes
80019,No
80020,Yes
80021,No
80022,No
80023,No
80024,No
80025,Yes
80026,No
80027,No
80028,Yes
80029,No
80030,No
80031,No
80032,Yes
80033,Yes
80034,No
80035,No
80036,Yes
80037,No
80038,Yes
80039,No
80040,No
80041,No
80042,Yes
80043,No
80044,No
80045,No
80046,No
80047,No
80048,No
80049,No
80050,No
80051,No
80052,Yes
80053,No
80054,No
80055,No
80056,No
80057,No
80058,No
80059,Yes
80060,Yes
80061,Yes
80062,No
80063,No
80064,Yes
80065,No
80066,No
80067,No
80068,No
80069,No
80070,Yes
80071,Yes
80072,No
80073,No
80074,Yes
80075,No
80076,Yes
80077,No
80078,No
80079,No
80080,No
80081,Yes
80082,No
80083,No
80084,No
80085,No
80086,No
80087,Yes
80088,Yes
80089,No
80090,Yes
80091,No
80092,No
80093,No
80094,No
80095,Yes
80096,No
80097,No
80098,No
80099,No
80100,No
80101,Yes
80102,No
80103,No
80104,No
80105,No
80106,No
80107,No
80108,No
80109,No
80110,No
80111,No
80112,Yes
80113,Yes
80114,No
80115,No
80116,Yes
80117,No
80118,No
80119,No
80120,No
80121,Yes
80122,Yes
80123,No
80124,No
80125,No
80126,Yes
80127,No
80128,No
80129,Yes
80130,Yes
80131,No
80132,No
80133,Yes
80134,No
80135,No
80136,No
80137,No
80138,Yes
80139,No
80140,No
80141,No
80142,Yes
80143,Yes
80144,No
80145,Yes
80146,Yes
80147,No
80148,Yes
80149,Yes
80150,No
80151,No
80152,No
80153,Yes
80154,Yes
80155,Yes
80156,No
80157,Yes
80158,Yes
80159,No
80160,No
80161,No
80162,No
80163,No
80164,No
80165,No
80166,No
80167,No
80168,No
80169,No
80170,No
80171,No
80172,No
80173,Yes
80174,No
80175,No
80176,No
80177,No
80178,Yes
80179,No
80180,No
80181,No
80182,No
80183,No
80184,Yes
80185,No
80186,No
80187,No
80188,No
80189,Yes
80190,No
80191,No
80192,No
80193,No
80194,No
80195,Yes
80196,No
80197,No
80198,No
80199,Yes
80200,Yes
80201,No
80202,No
80203,No
80204,No
80205,No
80206,No
80207,No
80208,No
80209,No
80210,Yes
80211,No
80212,No
80213,Yes
80214,No
80215,No
80216,Yes
80217,No
80218,No
80219,No
80220,No
80221,Yes
80222,Yes
80223,No
80224,No
80225,No
80226,No
80227,Yes
80228,Yes
80229,No
80230,No
80231,Yes
80232,Yes
80233,Yes
80234,Yes
80235,No
80236,No
80237,No
80238,No
80239,No
80240,No
80241,No
80242,No
80243,No
80244,No
80245,Yes
80246,No
80247,No
80248,No
80249,Yes
80250,Yes
80251,Yes
80252,No
80253,No
80254,No
80255,Yes
80256,No
80257,No
80258,No
80259,No
80260,No
80261,No
80262,No
80263,No
80264,No
80265,No
80266,No
80267,No
80268,No
80269,No
80270,No
80271,No
80272,No
80273,No
80274,No
80275,No
80276,No
80277,No
80278,No
80279,Yes
80280,No
80281,Yes
80282,No
80283,No
80284,No
80285,No
80286,Yes
80287,Yes
80288,Yes
80289,Yes
80290,No
80291,No
80292,No
80293,Yes
80294,No
80295,No
80296,No
80297,Yes
80298,No
80299,No
80300,No
80301,No
80302,Yes
80303,No
80304,No
80305,No
80306,No
80307,No
80308,Yes
80309,No
80310,No
80311,No
80312,No
80313,No
80314,Yes
80315,No
80316,No
80317,Yes
80318,Yes
80319,No
80320,Yes
80321,No
80322,Yes
80323,No
80324,No
80325,No
80326,No
80327,No
80328,No
80329,No
80330,No
80331,No
80332,No
80333,No
80334,No
80335,No
80336,No
80337,No
80338,Yes
80339,No
80340,No
80341,No
80342,No
80343,No
80344,No
80345,No
80346,Yes
80347,No
80348,No
80349,No
80350,No
80351,Yes
80352,No
80353,No
80354,No
80355,Yes
80356,No
80357,No
80358,No
80359,No
80360,No
80361,Yes
80362,No
80363,No
80364,No
80365,No
80366,No
80367,No
80368,No
80369,Yes
80370,Yes
80371,No
80372,Yes
80373,No
80374,No
80375,No
80376,No
80377,No
80378,Yes
80379,Yes
80380,No
80381,Yes
80382,No
80383,No
80384,No
80385,No
80386,No
80387,No
80388,No
80389,No
80390,No
80391,Yes
80392,No
80393,No
80394,Yes
80395,No
80396,No
80397,No
80398,No
80399,No
80400,No
80401,Yes
80402,No
80403,No
80404,No
80405,No
80406,No
80407,No
80408,No
80409,No
80410,No
80411,No
80412,Yes
80413,No
80414,Yes
80415,No
80416,No
80417,No
80418,No
80419,No
80420,Yes
80421,Yes
80422,No
80423,No
80424,No
80425,No
80426,No
80427,No
80428,No
80429,No
80430,No
80431,Yes
80432,No
80433,No
80434,No
80435,No
80436,Yes
80437,No
80438,No
80439,No
80440,Yes
80441,No
80442,Yes
80443,No
80444,No
80445,No
80446,No
80447,Yes
80448,No
80449,No
80450,Yes
80451,No
80452,No
80453,No
80454,No
80455,No
80456,No
80457,No
80458,No
80459,No
80460,No
80461,No
80462,No
80463,No
80464,No
80465,No
80466,No
80467,No
80468,Yes
80469,Yes
80470,No
80471,No
80472,No
80473,No
80474,No
80475,No
80476,No
80477,No
80478,No
80479,No
80480,No
80481,No
80482,No
80483,No
80484,No
80485,No
80486,No
80487,No
80488,No
80489,Yes
80490,No
80491,No
80492,No
80493,No
80494,No
80495,No
80496,No
80497,Yes
80498,No
80499,Yes
80500,Yes
80501,No
80502,Yes
80503,Yes
80504,Yes
80505,No
80506,No
80507,Yes
80508,Yes
80509,Yes
80510,No
80511,No
80512,Yes
80513,No
80514,No
80515,No
80516,No
80517,No
80518,No
80519,No
80520,No
80521,No
80522,No
80523,No
80524,No
80525,Yes
80526,No
80527,No
80528,No
80529,No
80530,Yes
80531,No
80532,Yes
80533,No
80534,No
80535,No
80536,Yes
80537,Yes
80538,Yes
80539,Yes
80540,No
80541,No
80542,No
80543,No
80544,Yes
80545,No
80546,Yes
80547,No
80548,Yes
80549,No
80550,No
80551,No
80552,No
80553,No
80554,No
80555,No
80556,Yes
80557,No
80558,Yes
80559,Yes
80560,No
80561,No
80562,No
80563,No
80564,Yes
80565,Yes
80566,No
80567,No
80568,No
80569,No
80570,No
80571,No
80572,No
80573,No
80574,No
80575,Yes
80576,No
80577,No
80578,No
80579,Yes
80580,No
80581,No
80582,No
80583,Yes
80584,No
80585,No
80586,No
80587,No
80588,Yes
80589,Yes
80590,No
80591,No
80592,No
80593,No
80594,No
80595,Yes
80596,No
80597,Yes
80598,No
80599,No
80600,No
80601,No
80602,No
80603,No
80604,Yes
80605,Yes
80606,Yes
80607,No
80608,No
80609,Yes
80610,Yes
80611,No
80612,No
80613,No
80614,No
80615,No
80616,No
80617,No
80618,No
80619,Yes
80620,No
80621,No
80622,Yes
80623,No
80624,No
80625,Yes
80626,Yes
80627,Yes
80628,No
80629,Yes
80630,Yes
80631,No
80632,Yes
80633,Yes
80634,No
80635,Yes
80636,No
80637,No
80638,No
80639,No
80640,Yes
80641,No
80642,No
80643,No
80644,No
80645,Yes
80646,Yes
80647,Yes
80648,No
80649,No
80650,No
80651,Yes
80652,Yes
80653,No
80654,No
80655,No
80656,No
80657,No
80658,No
80659,No
80660,No
80661,Yes
80662,Yes
80663,No
80664,No
80665,No
80666,Yes
80667,No
80668,No
80669,Yes
80670,No
80671,No
80672,No
80673,No
80674,No
80675,No
80676,No
80677,No
80678,No
80679,No
80680,Yes
80681,No
80682,No
80683,No
80684,No
80685,Yes
80686,No
80687,No
80688,No
80689,No
80690,No
80691,No
80692,No
80693,No
80694,No
80695,No
80696,No
80697,Yes
80698,No
80699,No
80700,Yes
80701,No
80702,No
80703,Yes
80704,No
80705,No
80706,No
80707,No
80708,No
80709,No
80710,Yes
80711,No
80712,Yes
80713,Yes
80714,No
80715,No
80716,No
80717,No
80718,No
80719,Yes
80720,No
80721,No
80722,No
80723,No
80724,No
80725,Yes
80726,No
80727,No
80728,No
80729,No
80730,Yes
80731,Yes
80732,Yes
80733,No
80734,No
80735,No
80736,No
80737,No
80738,No
80739,No
80740,No
80741,No
80742,No
80743,No
80744,No
80745,No
80746,No
80747,Yes
80748,No
80749,Yes
80750,No
80751,Yes
80752,No
80753,No
80754,Yes
80755,Yes
80756,No
80757,No
80758,No
80759,No
80760,No
80761,Yes
80762,No
80763,No
80764,Yes
80765,No
80766,No
80767,No
80768,Yes
80769,No
80770,No
80771,No
80772,No
80773,Yes
80774,No
80775,No
80776,Yes
80777,No
80778,No
80779,No
80780,No
80781,No
80782,No
80783,No
80784,No
80785,Yes
80786,Yes
80787,Yes
80788,No
80789,No
80790,No
80791,No
80792,No
80793,Yes
80794,Yes
80795,No
80796,Yes
80797,No
80798,No
80799,No
80800,No
80801,Yes
80802,No
80803,No
80804,No
80805,No
80806,No
80807,No
80808,No
80809,No
80810,No
80811,No
80812,No
80813,No
80814,No
80815,Yes
80816,No
80817,Yes
80818,No
80819,Yes
80820,Yes
80821,No
80822,Yes
80823,No
80824,Yes
80825,No
80826,No
80827,No
80828,Yes
80829,Yes
80830,No
80831,No
80832,Yes
80833,No
80834,No
80835,No
80836,Yes
80837,Yes
80838,No
80839,No
80840,No
80841,No
80842,Yes
80843,Yes
80844,No
80845,No
80846,No
80847,No
80848,No
80849,No
80850,No
80851,No
80852,Yes
80853,Yes
80854,No
80855,Yes
80856,No
80857,Yes
80858,Yes
80859,Yes
80860,Yes
80861,Yes
80862,No
80863,Yes
80864,No
80865,No
80866,No
80867,Yes
80868,No
80869,No
80870,No
80871,Yes
80872,No
80873,No
80874,No
80875,No
80876,No
80877,No
80878,No
80879,No
80880,Yes
80881,No
80882,No
80883,No
80884,Yes
80885,Yes
80886,Yes
80887,No
80888,Yes
80889,No
80890,No
80891,No
80892,No
80893,No
80894,No
80895,Yes
80896,No
80897,No
80898,No
80899,No
80900,No
80901,No
80902,No
80903,No
80904,Yes
80905,No
80906,No
80907,No
80908,No
80909,No
80910,No
80911,Yes
80912,No
80913,Yes
80914,No
80915,Yes
80916,No
80917,Yes
80918,No
80919,Yes
80920,No
80921,No
80922,No
80923,No
80924,No
80925,No
80926,No
80927,No
80928,No
80929,Yes
80930,Yes
80931,Yes
80932,No
80933,No
80934,No
80935,No
80936,No
80937,No
80938,No
80939,Yes
80940,Yes
80941,No
80942,No
80943,Yes
80944,No
80945,Yes
80946,Yes
80947,No
80948,No
80949,Yes
80950,No
80951,Yes
80952,No
80953,Yes
80954,No
80955,No
80956,No
80957,No
80958,Yes
80959,No
80960,Yes
80961,No
80962,No
80963,No
80964,No
80965,No
80966,No
80967,No
80968,No
80969,No
80970,No
80971,No
80972,No
80973,No
80974,No
80975,No
80976,No
80977,No
80978,No
80979,Yes
80980,No
80981,Yes
80982,Yes
80983,No
80984,Yes
80985,Yes
80986,No
80987,No
80988,Yes
80989,No
80990,No
80991,Yes
80992,No
80993,No
80994,No
80995,Yes
80996,No
80997,No
80998,No
80999,No
81000,No
81001,No
81002,No
81003,No
81004,Yes
81005,Yes
81006,No
81007,No
81008,Yes
81009,No
81010,No
81011,No
81012,Yes
81013,No
81014,No
81015,No
81016,No
81017,No
81018,No
81019,No
81020,No
81021,Yes
81022,No
81023,No
81024,No
81025,No
81026,No
81027,No
81028,No
81029,Yes
81030,Yes
81031,Yes
81032,No
81033,No
81034,No
81035,No
81036,No
81037,No
81038,Yes
81039,No
81040,No
81041,No
81042,No
81043,No
81044,No
81045,Yes
81046,No
81047,Yes
81048,Yes
81049,No
81050,No
81051,Yes
81052,No
81053,No
81054,No
81055,No
81056,Yes
81057,No
81058,No
81059,No
81060,Yes
81061,Yes
81062,No
81063,No
81064,No
81065,No
81066,No
81067,No
81068,No
81069,No
81070,Yes
81071,No
81072,Yes
81073,No
81074,Yes
81075,No
81076,No
81077,No
81078,Yes
81079,No
81080,Yes
81081,Yes
81082,Yes
81083,No
81084,No
81085,No
81086,No
81087,Yes
81088,No
81089,No
81090,No
81091,No
81092,No
81093,Yes
81094,Yes
81095,Yes
81096,No
81097,Yes
81098,No
81099,Yes
81100,No
81101,No
81102,No
81103,No
81104,Yes
81105,No
81106,Yes
81107,Yes
81108,No
81109,No
81110,No
81111,No
81112,Yes
81113,Yes
81114,No
81115,No
81116,No
81117,Yes
81118,No
81119,No
81120,No
81121,No
81122,Yes
81123,No
81124,No
81125,Yes
81126,No
81127,Yes
81128,Yes
81129,No
81130,Yes
81131,No
81132,No
81133,No
81134,No
81135,No
81136,No
81137,Yes
81138,Yes
81139,Yes
81140,No
81141,No
81142,No
81143,Yes
81144,No
81145,No
81146,Yes
81147,No
81148,No
81149,No
81150,No
81151,No
81152,No
81153,No
81154,No
81155,Yes
81156,No
81157,Yes
81158,No
81159,Yes
81160,No
81161,Yes
81162,Yes
81163,No
81164,Yes
81165,Yes
81166,No
81167,No
81168,No
81169,No
81170,No
81171,Yes
81172,Yes
81173,No
81174,Yes
81175,No
81176,No
81177,No
81178,Yes
81179,No
81180,Yes
81181,No
81182,Yes
81183,No
81184,No
81185,No
81186,No
81187,Yes
81188,No
81189,No
81190,No
81191,No
81192,No
81193,No
81194,No
81195,No
81196,No
81197,Yes
81198,Yes
81199,No
81200,No
81201,No
81202,No
81203,No
81204,No
81205,No
81206,No
81207,Yes
81208,Yes
81209,No
81210,Yes
81211,Yes
81212,No
81213,Yes
81214,No
81215,No
81216,No
81217,No
81218,No
81219,No
81220,No
81221,No
81222,No
81223,No
81224,No
81225,No
81226,No
81227,Yes
81228,Yes
81229,No
81230,No
81231,No
81232,No
81233,No
81234,No
81235,No
81236,No
81237,No
81238,Yes
81239,No
81240,No
81241,No
81242,No
81243,No
81244,No
81245,Yes
81246,No
81247,No
81248,Yes
81249,Yes
81250,No
81251,No
81252,Yes
81253,No
81254,No
81255,Yes
81256,No
81257,No
81258,No
81259,No
81260,Yes
81261,Yes
81262,No
81263,Yes
81264,No
81265,No
81266,No
81267,No
81268,Yes
81269,No
81270,No
81271,No
81272,No
81273,No
81274,No
81275,No
81276,No
81277,No
81278,No
81279,No
81280,No
81281,No
81282,Yes
81283,No
81284,No
81285,No
81286,No
81287,No
81288,No
81289,No
81290,Yes
81291,No
81292,No
81293,No
81294,No
81295,No
81296,No
81297,Yes
81298,No
81299,Yes
81300,Yes
81301,No
81302,No
81303,No
81304,No
81305,Yes
81306,No
81307,No
81308,Yes
81309,No
81310,No
81311,No
81312,No
81313,No
81314,No
81315,Yes
81316,No
81317,Yes
81318,Yes
81319,No
81320,No
81321,No
81322,Yes
81323,No
81324,No
81325,No
81326,No
81327,No
81328,Yes
81329,Yes
81330,No
81331,No
81332,Yes
81333,No
81334,No
81335,No
81336,No
81337,No
81338,Yes
81339,Yes
81340,No
81341,No
81342,No
81343,No
81344,No
81345,No
81346,No
81347,Yes
81348,No
81349,No
81350,No
81351,No
81352,No
81353,No
81354,No
81355,No
81356,Yes
81357,No
81358,No
81359,No
81360,No
81361,Yes
81362,No
81363,No
81364,Yes
81365,Yes
81366,Yes
81367,No
81368,Yes
81369,No
81370,Yes
81371,No
81372,No
81373,No
81374,No
81375,No
81376,Yes
81377,No
81378,Yes
81379,Yes
81380,No
81381,Yes
81382,No
81383,No
81384,Yes
81385,No
81386,Yes
81387,Yes
81388,No
81389,No
81390,No
81391,Yes
81392,Yes
81393,Yes
81394,Yes
81395,No
81396,No
81397,No
81398,No
81399,No
81400,No
81401,No
81402,Yes
81403,No
81404,No
81405,No
81406,No
81407,Yes
81408,Yes
81409,No
81410,No
81411,No
81412,No
81413,No
81414,Yes
81415,No
81416,No
81417,No
81418,No
81419,No
81420,No
81421,Yes
81422,No
81423,No
81424,No
81425,No
81426,No
81427,Yes
81428,No
81429,No
81430,No
81431,No
81432,Yes
81433,No
81434,No
81435,No
81436,No
81437,No
81438,Yes
81439,No
81440,Yes
81441,No
81442,No
81443,No
81444,No
81445,No
81446,No
81447,No
81448,Yes
81449,No
81450,No
81451,No
81452,Yes
81453,No
81454,No
81455,Yes
81456,No
81457,No
81458,Yes
81459,Yes
81460,No
81461,No
81462,No
81463,No
81464,Yes
81465,No
81466,No
81467,No
81468,Yes
81469,No
81470,No
81471,No
81472,Yes
81473,No
81474,Yes
81475,No
81476,No
81477,No
81478,Yes
81479,Yes
81480,No
81481,No
81482,Yes
81483,No
81484,No
81485,Yes
81486,No
81487,Yes
81488,No
81489,Yes
81490,No
81491,No
81492,Yes
81493,No
81494,No
81495,Yes
81496,No
81497,No
81498,No
81499,Yes
81500,No
81501,No
81502,No
81503,No
81504,No
81505,Yes
81506,No
81507,No
81508,No
81509,No
81510,Yes
81511,No
81512,No
81513,No
81514,No
81515,No
81516,No
81517,No
81518,No
81519,No
81520,Yes
81521,No
81522,No
81523,No
81524,No
81525,No
81526,No
81527,Yes
81528,No
81529,No
81530,Yes
81531,No
81532,No
81533,Yes
81534,No
81535,No
81536,No
81537,Yes
81538,No
81539,No
81540,No
81541,No
81542,No
81543,No
81544,No
81545,Yes
81546,Yes
81547,Yes
81548,Yes
81549,No
81550,No
81551,Yes
81552,No
81553,No
81554,Yes
81555,Yes
81556,No
81557,Yes
81558,Yes
81559,Yes
81560,Yes
81561,Yes
81562,Yes
81563,No
81564,No
81565,Yes
81566,No
81567,Yes
81568,No
81569,Yes
81570,No
81571,Yes
81572,No
81573,No
81574,No
81575,Yes
81576,Yes
81577,No
81578,No
81579,No
81580,Yes
81581,No
81582,No
81583,No
81584,No
81585,Yes
81586,Yes
81587,Yes
81588,Yes
81589,No
81590,No
81591,No
81592,Yes
81593,No
81594,No
81595,No
81596,No
81597,No
81598,No
81599,No
81600,No
81601,Yes
81602,No
81603,No
81604,No
81605,No
81606,Yes
81607,No
81608,No
81609,No
81610,No
81611,No
81612,No
81613,No
81614,No
81615,No
81616,No
81617,No
81618,No
81619,No
81620,No
81621,No
81622,No
81623,Yes
81624,No
81625,No
81626,No
81627,Yes
81628,No
81629,No
81630,No
81631,No
81632,No
81633,No
81634,No
81635,No
81636,No
81637,No
81638,No
81639,No
81640,No
81641,Yes
81642,Yes
81643,No
81644,No
81645,No
81646,No
81647,No
81648,Yes
81649,No
81650,Yes
81651,Yes
81652,No
81653,No
81654,Yes
81655,Yes
81656,Yes
81657,No
81658,No
81659,No
81660,No
81661,No
81662,No
81663,No
81664,No
81665,No
81666,No
81667,No
81668,No
81669,No
81670,No
81671,No
81672,No
81673,No
81674,Yes
81675,Yes
81676,No
81677,No
81678,Yes
81679,Yes
81680,No
81681,No
81682,No
81683,Yes
81684,No
81685,No
81686,No
81687,No
81688,No
81689,No
81690,No
81691,No
81692,Yes
81693,Yes
81694,No
81695,No
81696,No
81697,No
81698,No
81699,No
81700,No
81701,No
81702,Yes
81703,No
81704,No
81705,No
81706,No
81707,No
81708,No
81709,No
81710,Yes
81711,No
81712,No
81713,Yes
81714,No
81715,No
81716,No
81717,Yes
81718,No
81719,No
81720,No
81721,Yes
81722,No
81723,No
81724,Yes
81725,Yes
81726,Yes
81727,No
81728,No
81729,Yes
81730,No
81731,No
81732,Yes
81733,No
81734,No
81735,No
81736,No
81737,Yes
81738,No
81739,Yes
81740,No
81741,Yes
81742,No
81743,Yes
81744,No
81745,No
81746,No
81747,No
81748,No
81749,No
81750,No
81751,No
81752,No
81753,No
81754,No
81755,Yes
81756,No
81757,No
81758,Yes
81759,Yes
81760,No
81761,Yes
81762,No
81763,No
81764,No
81765,No
81766,No
81767,No
81768,No
81769,No
81770,No
81771,No
81772,Yes
81773,No
81774,Yes
81775,No
81776,No
81777,No
81778,No
81779,No
81780,Yes
81781,No
81782,No
81783,No
81784,No
81785,No
81786,Yes
81787,No
81788,No
81789,No
81790,No
81791,Yes
81792,No
81793,No
81794,No
81795,No
81796,No
81797,No
81798,No
81799,No
81800,No
81801,Yes
81802,Yes
81803,No
81804,No
81805,Yes
81806,No
81807,No
81808,No
81809,No
81810,No
81811,Yes
81812,Yes
81813,Yes
81814,No
81815,No
81816,No
81817,No
81818,Yes
81819,Yes
81820,No
81821,No
81822,No
81823,No
81824,No
81825,No
81826,No
81827,No
81828,No
81829,No
81830,No
81831,No
81832,No
81833,No
81834,No
81835,No
81836,Yes
81837,No
81838,No
81839,No
81840,Yes
81841,No
81842,No
81843,Yes
81844,No
81845,No
81846,Yes
81847,No
81848,No
81849,No
81850,Yes
81851,No
81852,No
81853,No
81854,Yes
81855,No
81856,No
81857,No
81858,No
81859,No
81860,No
81861,No
81862,No
81863,No
81864,No
81865,Yes
81866,No
81867,No
81868,No
81869,No
81870,No
81871,Yes
81872,Yes
81873,Yes
81874,No
81875,No
81876,No
81877,No
81878,Yes
81879,No
81880,Yes
81881,No
81882,No
81883,No
81884,Yes
81885,No
81886,Yes
81887,No
81888,No
81889,No
81890,No
81891,No
81892,No
81893,No
81894,Yes
81895,No
81896,No
81897,Yes
81898,No
81899,No
81900,Yes
81901,Yes
81902,Yes
81903,No
81904,Yes
81905,No
81906,Yes
81907,No
81908,No
81909,Yes
81910,Yes
81911,Yes
81912,No
81913,No
81914,No
81915,No
81916,No
81917,No
81918,No
81919,No
81920,No
81921,Yes
81922,No
81923,No
81924,No
81925,No
81926,No
81927,Yes
81928,No
81929,No
81930,No
81931,Yes
81932,No
81933,No
81934,No
81935,No
81936,No
81937,No
81938,No
81939,No
81940,No
81941,Yes
81942,No
81943,No
81944,Yes
81945,No
81946,No
81947,No
81948,No
81949,No
81950,Yes
81951,No
81952,No
81953,No
81954,No
81955,No
81956,No
81957,No
81958,No
81959,Yes
81960,No
81961,No
81962,Yes
81963,No
81964,No
81965,No
81966,No
81967,No
81968,No
81969,Yes
81970,No
81971,No
81972,No
81973,No
81974,No
81975,Yes
81976,Yes
81977,No
81978,No
81979,No
81980,No
81981,Yes
81982,Yes
81983,No
81984,Yes
81985,No
81986,Yes
81987,No
81988,No
81989,No
81990,No
81991,No
81992,Yes
81993,No
81994,No
81995,No
81996,No
81997,No
81998,No
81999,No
82000,No
82001,No
82002,No
82003,Yes
82004,Yes
82005,No
82006,No
82007,No
82008,No
82009,No
82010,No
82011,No
82012,No
82013,No
82014,No
82015,No
82016,No
82017,No
82018,Yes
82019,No
82020,No
82021,Yes
82022,No
82023,No
82024,No
82025,Yes
82026,Yes
82027,No
82028,No
82029,No
82030,Yes
82031,No
82032,No
82033,No
82034,No
82035,No
82036,No
82037,Yes
82038,No
82039,No
82040,No
82041,No
82042,No
82043,No
82044,No
82045,No
82046,Yes
82047,No
82048,No
82049,No
82050,No
82051,No
82052,Yes
82053,No
82054,Yes
82055,Yes
82056,No
82057,Yes
82058,No
82059,No
82060,Yes
82061,Yes
82062,No
82063,No
82064,No
82065,No
82066,Yes
82067,Yes
82068,No
82069,No
82070,No
82071,No
82072,No
82073,No
82074,No
82075,Yes
82076,Yes
82077,No
82078,Yes
82079,No
82080,No
82081,No
82082,Yes
82083,Yes
82084,No
82085,No
82086,No
82087,Yes
82088,No
82089,No
82090,No
82091,Yes
82092,Yes
82093,Yes
82094,Yes
82095,No
82096,No
82097,No
82098,No
82099,No
82100,No
82101,Yes
82102,No
82103,No
82104,No
82105,No
82106,No
82107,No
82108,Yes
82109,No
82110,Yes
82111,No
82112,No
82113,Yes
82114,No
82115,No
82116,No
82117,No
82118,No
82119,No
82120,Yes
82121,Yes
82122,Yes
82123,No
82124,No
82125,No
82126,Yes
82127,No
82128,No
82129,No
82130,No
82131,No
82132,No
82133,No
82134,No
82135,No
82136,Yes
82137,No
82138,No
82139,Yes
82140,Yes
82141,No
82142,No
82143,No
82144,No
82145,No
82146,Yes
82147,Yes
82148,Yes
82149,No
82150,No
82151,No
82152,No
82153,No
82154,No
82155,Yes
82156,No
82157,No
82158,No
82159,No
82160,No
82161,No
82162,Yes
82163,Yes
82164,No
82165,No
82166,No
82167,No
82168,Yes
82169,No
82170,No
82171,Yes
82172,No
82173,No
82174,No
82175,No
82176,No
82177,No
82178,Yes
82179,No
82180,No
82181,Yes
82182,No
82183,No
82184,Yes
82185,No
82186,No
82187,No
82188,No
82189,No
82190,No
82191,No
82192,Yes
82193,No
82194,No
82195,No
82196,Yes
82197,No
82198,No
82199,Yes
82200,Yes
82201,No
82202,No
82203,No
82204,No
82205,No
82206,Yes
82207,No
82208,No
82209,No
82210,No
82211,No
82212,No
82213,No
82214,Yes
82215,Yes
82216,No
82217,No
82218,No
82219,No
82220,Yes
82221,Yes
82222,No
82223,Yes
82224,No
82225,No
82226,No
82227,No
82228,No
82229,No
82230,No
82231,No
82232,No
82233,No
82234,Yes
82235,Yes
82236,No
82237,No
82238,Yes
82239,No
82240,Yes
82241,No
82242,No
82243,Yes
82244,No
82245,No
82246,Yes
82247,Yes
82248,No
82249,No
82250,Yes
82251,No
82252,Yes
82253,No
82254,No
82255,No
82256,No
82257,Yes
82258,Yes
82259,No
82260,Yes
82261,No
82262,Yes
82263,No
82264,No
82265,No
82266,Yes
82267,Yes
82268,No
82269,No
82270,No
82271,No
82272,No
82273,No
82274,No
82275,Yes
82276,No
82277,Yes
82278,No
82279,No
82280,No
82281,No
82282,Yes
82283,Yes
82284,No
82285,No
82286,No
82287,No
82288,No
82289,No
82290,No
82291,No
82292,No
82293,No
82294,No
82295,No
82296,Yes
82297,No
82298,No
82299,No
82300,Yes
82301,No
82302,Yes
82303,No
82304,Yes
82305,No
82306,No
82307,No
82308,No
82309,No
82310,No
82311,No
82312,No
82313,No
82314,Yes
82315,Yes
82316,No
82317,No
82318,No
82319,No
82320,Yes
82321,No
82322,No
82323,No
82324,No
82325,No
82326,Yes
82327,No
82328,No
82329,No
82330,No
82331,Yes
82332,No
82333,Yes
82334,No
82335,No
82336,No
82337,No
82338,No
82339,No
82340,No
82341,No
82342,No
82343,No
82344,No
82345,Yes
82346,No
82347,No
82348,No
82349,No
82350,Yes
82351,No
82352,No
82353,Yes
82354,No
82355,Yes
82356,No
82357,Yes
82358,Yes
82359,Yes
82360,No
82361,No
82362,No
82363,Yes
82364,Yes
82365,No
82366,No
82367,No
82368,No
82369,No
82370,Yes
82371,No
82372,No
82373,No
82374,No
82375,No
82376,Yes
82377,No
82378,No
82379,No
82380,No
82381,No
82382,Yes
82383,Yes
82384,Yes
82385,No
82386,No
82387,No
82388,Yes
82389,No
82390,No
82391,Yes
82392,No
82393,No
82394,Yes
82395,No
82396,No
82397,No
82398,No
82399,No
82400,No
82401,No
82402,No
82403,No
82404,No
82405,No
82406,No
82407,Yes
82408,Yes
82409,No
82410,Yes
82411,Yes
82412,No
82413,Yes
82414,No
82415,No
82416,No
82417,No
82418,No
82419,No
82420,Yes
82421,No
82422,No
82423,No
82424,Yes
82425,No
82426,Yes
82427,Yes
82428,No
82429,Yes
82430,No
82431,Yes
82432,No
82433,Yes
82434,No
82435,Yes
82436,Yes
82437,No
82438,No
82439,No
82440,Yes
82441,Yes
82442,No
82443,No
82444,Yes
82445,No
82446,No
82447,No
82448,No
82449,Yes
82450,No
82451,No
82452,No
82453,No
82454,No
82455,Yes
82456,No
82457,Yes
82458,Yes
82459,No
82460,No
82461,No
82462,No
82463,No
82464,No
82465,No
82466,No
82467,No
82468,No
82469,Yes
82470,No
82471,No
82472,No
82473,Yes
82474,No
82475,No
82476,No
82477,No
82478,No
82479,Yes
82480,Yes
82481,No
82482,No
82483,No
82484,Yes
82485,No
82486,No
82487,No
82488,No
82489,No
82490,No
82491,No
82492,Yes
82493,No
82494,Yes
82495,No
82496,No
82497,No
82498,No
82499,No
82500,No
82501,Yes
82502,No
82503,No
82504,No
82505,No
82506,No
82507,No
82508,No
82509,Yes
82510,Yes
82511,No
82512,No
82513,No
82514,No
82515,No
82516,Yes
82517,No
82518,No
82519,No
82520,No
82521,No
82522,No
82523,Yes
82524,No
82525,No
82526,Yes
82527,No
82528,No
82529,No
82530,No
82531,No
82532,No
82533,No
82534,No
82535,No
82536,No
82537,No
82538,No
82539,Yes
82540,No
82541,No
82542,No
82543,Yes
82544,Yes
82545,No
82546,Yes
82547,No
82548,Yes
82549,Yes
82550,No
82551,No
82552,No
82553,No
82554,No
82555,No
82556,Yes
82557,No
82558,No
82559,Yes
82560,Yes
82561,Yes
82562,No
82563,No
82564,Yes
82565,No
82566,Yes
82567,No
82568,Yes
82569,No
82570,No
82571,No
82572,No
82573,Yes
82574,No
82575,No
82576,Yes
82577,No
82578,No
82579,No
82580,No
82581,No
82582,No
82583,No
82584,No
82585,No
82586,No
82587,No
82588,No
82589,No
82590,No
82591,No
82592,Yes
82593,Yes
82594,Yes
82595,No
82596,No
82597,Yes
82598,Yes
82599,No
82600,No
82601,No
82602,No
82603,No
82604,No
82605,No
82606,No
82607,No
82608,Yes
82609,No
82610,No
82611,No
82612,No
82613,No
82614,No
82615,Yes
82616,Yes
82617,Yes
82618,No
82619,Yes
82620,No
82621,Yes
82622,Yes
82623,Yes
82624,No
82625,Yes
82626,No
82627,No
82628,No
82629,Yes
82630,No
82631,No
82632,No
82633,Yes
82634,No
82635,No
82636,No
82637,No
82638,No
82639,No
82640,Yes
82641,No
82642,No
82643,No
82644,Yes
82645,No
82646,No
82647,No
82648,No
82649,No
82650,No
82651,No
82652,No
82653,No
82654,No
82655,No
82656,No
82657,No
82658,Yes
82659,No
82660,No
82661,No
82662,No
82663,Yes
82664,No
82665,No
82666,No
82667,No
82668,No
82669,No
82670,No
82671,Yes
82672,No
82673,No
82674,No
82675,No
82676,No
82677,Yes
82678,No
82679,No
82680,No
82681,No
82682,No
82683,No
82684,No
82685,No
82686,No
82687,No
82688,Yes
82689,Yes
82690,No
82691,Yes
82692,Yes
82693,No
82694,No
82695,No
82696,No
82697,No
82698,No
82699,Yes
82700,No
82701,No
82702,Yes
82703,No
82704,Yes
82705,Yes
82706,No
82707,No
82708,No
82709,No
82710,No
82711,No
82712,No
82713,No
82714,No
82715,Yes
82716,No
82717,No
82718,No
82719,No
82720,No
82721,No
82722,No
82723,No
82724,Yes
82725,No
82726,No
82727,No
82728,No
82729,Yes
82730,No
82731,No
82732,No
82733,No
82734,Yes
82735,No
82736,Yes
82737,No
82738,No
82739,No
82740,No
82741,No
82742,No
82743,Yes
82744,Yes
82745,Yes
82746,No
82747,No
82748,Yes
82749,No
82750,No
82751,Yes
82752,No
82753,No
82754,Yes
82755,No
82756,No
82757,No
82758,Yes
82759,No
82760,No
82761,No
82762,No
82763,Yes
82764,No
82765,No
82766,No
82767,No
82768,No
82769,No
82770,No
82771,Yes
82772,No
82773,No
82774,No
82775,No
82776,No
82777,No
82778,No
82779,No
82780,No
82781,No
82782,Yes
82783,No
82784,Yes
82785,No
82786,No
82787,Yes
82788,No
82789,Yes
82790,Yes
82791,No
82792,No
82793,No
82794,Yes
82795,No
82796,No
82797,No
82798,No
82799,No
82800,No
82801,Yes
82802,No
82803,No
82804,Yes
82805,No
82806,No
82807,No
82808,No
82809,No
82810,No
82811,No
82812,No
82813,No
82814,No
82815,No
82816,No
82817,No
82818,Yes
82819,No
82820,No
82821,No
82822,No
82823,No
82824,No
82825,No
82826,No
82827,No
82828,No
82829,No
82830,No
82831,No
82832,No
82833,No
82834,No
82835,No
82836,No
82837,No
82838,No
82839,No
82840,No
82841,No
82842,No
82843,No
82844,No
82845,No
82846,No
82847,Yes
82848,Yes
82849,Yes
82850,No
82851,No
82852,No
82853,No
82854,Yes
82855,No
82856,No
82857,No
82858,No
82859,No
82860,Yes
82861,Yes
82862,No
82863,No
82864,Yes
82865,No
82866,Yes
82867,No
82868,Yes
82869,No
82870,Yes
82871,No
82872,No
82873,No
82874,No
82875,No
82876,No
82877,Yes
82878,No
82879,No
82880,No
82881,No
82882,No
82883,Yes
82884,No
82885,No
82886,No
82887,No
82888,No
82889,Yes
82890,Yes
82891,No
82892,Yes
82893,No
82894,Yes
82895,Yes
82896,Yes
82897,Yes
82898,No
82899,Yes
82900,Yes
82901,No
82902,Yes
82903,No
82904,No
82905,No
82906,No
82907,Yes
82908,No
82909,Yes
82910,No
82911,No
82912,No
82913,No
82914,No
82915,No
82916,No
82917,Yes
82918,No
82919,No
82920,Yes
82921,Yes
82922,No
82923,No
82924,Yes
82925,No
82926,Yes
82927,No
82928,No
82929,No
82930,No
82931,Yes
82932,No
82933,No
82934,Yes
82935,No
82936,No
82937,No
82938,No
82939,No
82940,Yes
82941,Yes
82942,Yes
82943,No
82944,No
82945,No
82946,Yes
82947,No
82948,Yes
82949,Yes
82950,No
82951,No
82952,No
82953,Yes
82954,No
82955,Yes
82956,Yes
82957,Yes
82958,No
82959,No
82960,No
82961,No
82962,No
82963,No
82964,Yes
82965,No
82966,No
82967,No
82968,Yes
82969,No
82970,Yes
82971,No
82972,No
82973,Yes
82974,Yes
82975,No
82976,Yes
82977,Yes
82978,No
82979,No
82980,No
82981,No
82982,No
82983,No
82984,No
82985,No
82986,Yes
82987,Yes
82988,No
82989,Yes
82990,No
82991,Yes
82992,No
82993,No
82994,No
82995,Yes
82996,No
82997,No
82998,No
82999,Yes
83000,Yes
83001,No
83002,No
83003,No
83004,No
83005,Yes
83006,No
83007,No
83008,No
83009,No
83010,No
83011,No
83012,No
83013,No
83014,No
83015,No
83016,No
83017,Yes
83018,No
83019,No
83020,No
83021,No
83022,No
83023,No
83024,Yes
83025,Yes
83026,No
83027,Yes
83028,No
83029,Yes
83030,No
83031,No
83032,Yes
83033,No
83034,No
83035,No
83036,Yes
83037,No
83038,No
83039,No
83040,No
83041,Yes
83042,Yes
83043,No
83044,No
83045,No
83046,No
83047,No
83048,No
83049,No
83050,No
83051,Yes
83052,No
83053,No
83054,No
83055,Yes
83056,No
83057,No
83058,Yes
83059,No
83060,Yes
83061,No
83062,No
83063,No
83064,No
83065,No
83066,No
83067,No
83068,Yes
83069,No
83070,No
83071,No
83072,Yes
83073,No
83074,No
83075,Yes
83076,No
83077,No
83078,No
83079,No
83080,No
83081,No
83082,No
83083,Yes
83084,Yes
83085,No
83086,No
83087,No
83088,Yes
83089,Yes
83090,Yes
83091,No
83092,No
83093,No
83094,Yes
83095,Yes
83096,No
83097,Yes
83098,Yes
83099,No
83100,No
83101,Yes
83102,Yes
83103,Yes
83104,No
83105,No
83106,No
83107,No
83108,No
83109,No
83110,No
83111,No
83112,No
83113,No
83114,Yes
83115,Yes
83116,No
83117,No
83118,Yes
83119,No
83120,Yes
83121,No
83122,No
83123,Yes
83124,No
83125,No
83126,Yes
83127,No
83128,No
83129,Yes
83130,No
83131,Yes
83132,No
83133,No
83134,No
83135,No
83136,Yes
83137,No
83138,Yes
83139,No
83140,Yes
83141,No
83142,No
83143,No
83144,Yes
83145,Yes
83146,No
83147,No
83148,Yes
83149,No
83150,No
83151,No
83152,No
83153,No
83154,No
83155,No
83156,No
83157,No
83158,No
83159,No
83160,No
83161,No
83162,No
83163,No
83164,No
83165,No
83166,No
83167,Yes
83168,No
83169,No
83170,Yes
83171,No
83172,No
83173,No
83174,No
83175,Yes
83176,No
83177,No
83178,No
83179,No
83180,No
83181,No
83182,No
83183,No
83184,No
83185,No
83186,No
83187,No
83188,No
83189,Yes
83190,No
83191,No
83192,No
83193,No
83194,No
83195,No
83196,Yes
83197,Yes
83198,No
83199,No
83200,No
83201,No
83202,Yes
83203,No
83204,No
83205,No
83206,No
83207,No
83208,No
83209,Yes
83210,No
83211,No
83212,No
83213,No
83214,No
83215,Yes
83216,Yes
83217,No
83218,Yes
83219,No
83220,Yes
83221,No
83222,No
83223,No
83224,Yes
83225,No
83226,No
83227,No
83228,No
83229,No
83230,Yes
83231,No
83232,No
83233,No
83234,No
83235,Yes
83236,No
83237,No
83238,No
83239,No
83240,No
83241,No
83242,No
83243,No
83244,No
83245,Yes
83246,No
83247,No
83248,No
83249,No
83250,No
83251,Yes
83252,No
83253,No
83254,No
83255,Yes
83256,No
83257,No
83258,Yes
83259,No
83260,No
83261,No
83262,Yes
83263,No
83264,No
83265,Yes
83266,No
83267,No
83268,No
83269,No
83270,No
83271,No
83272,No
83273,No
83274,Yes
83275,No
83276,No
83277,No
83278,No
83279,Yes
83280,No
83281,No
83282,Yes
83283,Yes
83284,No
83285,No
83286,No
83287,No
83288,No
83289,No
83290,No
83291,Yes
83292,No
83293,No
83294,No
83295,No
83296,No
83297,No
83298,Yes
83299,No
83300,No
83301,Yes
83302,Yes
83303,No
83304,Yes
83305,No
83306,Yes
83307,Yes
83308,No
83309,No
83310,Yes
83311,No
83312,No
83313,Yes
83314,No
83315,No
83316,No
83317,No
83318,No
83319,No
83320,No
83321,No
83322,No
83323,No
83324,No
83325,Yes
83326,No
83327,No
83328,No
83329,No
83330,No
83331,No
83332,No
83333,No
83334,No
83335,Yes
83336,No
83337,Yes
83338,No
83339,No
83340,No
83341,No
83342,Yes
83343,No
83344,No
83345,No
83346,Yes
83347,No
83348,No
83349,No
83350,No
83351,No
83352,Yes
83353,No
83354,No
83355,No
83356,Yes
83357,No
83358,Yes
83359,No
83360,No
83361,No
83362,No
83363,No
83364,Yes
83365,No
83366,No
83367,Yes
83368,No
83369,No
83370,Yes
83371,Yes
83372,Yes
83373,No
83374,No
83375,No
83376,No
83377,Yes
83378,Yes
83379,Yes
83380,No
83381,No
83382,Yes
83383,No
83384,Yes
83385,No
83386,No
83387,No
83388,No
83389,No
83390,Yes
83391,Yes
83392,No
83393,No
83394,No
83395,No
83396,Yes
83397,No
83398,No
83399,No
83400,No
83401,No
83402,Yes
83403,Yes
83404,Yes
83405,Yes
83406,Yes
83407,Yes
83408,No
83409,Yes
83410,No
83411,No
83412,No
83413,Yes
83414,No
83415,No
83416,Yes
83417,No
83418,Yes
83419,No
83420,No
83421,No
83422,No
83423,Yes
83424,No
83425,No
83426,No
83427,Yes
83428,No
83429,Yes
83430,No
83431,No
83432,Yes
83433,No
83434,No
83435,No
83436,No
83437,No
83438,No
83439,No
83440,No
83441,No
83442,No
83443,No
83444,Yes
83445,No
83446,Yes
83447,No
83448,No
83449,No
83450,No
83451,No
83452,No
83453,No
83454,No
83455,No
83456,No
83457,No
83458,Yes
83459,No
83460,No
83461,Yes
83462,Yes
83463,No
83464,Yes
83465,No
83466,Yes
83467,No
83468,Yes
83469,Yes
83470,No
83471,Yes
83472,No
83473,No
83474,No
83475,No
83476,Yes
83477,No
83478,No
83479,No
83480,No
83481,Yes
83482,No
83483,No
83484,Yes
83485,No
83486,No
83487,Yes
83488,Yes
83489,No
83490,No
83491,Yes
83492,No
83493,No
83494,Yes
83495,Yes
83496,Yes
83497,No
83498,No
83499,No
83500,Yes
83501,Yes
83502,No
83503,No
83504,No
83505,No
83506,Yes
83507,No
83508,No
83509,No
83510,No
83511,Yes
83512,No
83513,No
83514,Yes
83515,No
83516,Yes
83517,No
83518,No
83519,Yes
83520,No
83521,No
83522,No
83523,Yes
83524,Yes
83525,No
83526,No
83527,No
83528,No
83529,No
83530,No
83531,No
83532,Yes
83533,No
83534,No
83535,No
83536,No
83537,No
83538,No
83539,No
83540,No
83541,No
83542,Yes
83543,No
83544,No
83545,Yes
83546,No
83547,No
83548,No
83549,No
83550,No
83551,Yes
83552,Yes
83553,Yes
83554,Yes
83555,Yes
83556,No
83557,Yes
83558,Yes
83559,Yes
83560,No
83561,Yes
83562,No
83563,No
83564,Yes
83565,No
83566,No
83567,No
83568,No
83569,No
83570,Yes
83571,No
83572,No
83573,Yes
83574,No
83575,No
83576,No
83577,No
83578,No
83579,No
83580,Yes
83581,Yes
83582,No
83583,No
83584,No
83585,No
83586,Yes
83587,Yes
83588,Yes
83589,No
83590,No
83591,No
83592,No
83593,No
83594,No
83595,No
83596,No
83597,No
83598,No
83599,Yes
83600,No
83601,No
83602,No
83603,No
83604,No
83605,No
83606,No
83607,Yes
83608,No
83609,Yes
83610,No
83611,Yes
83612,No
83613,No
83614,No
83615,No
83616,No
83617,Yes
83618,Yes
83619,Yes
83620,No
83621,No
83622,Yes
83623,No
83624,No
83625,No
83626,No
83627,No
83628,Yes
83629,No
83630,No
83631,No
83632,Yes
83633,Yes
83634,No
83635,Yes
83636,Yes
83637,No
83638,Yes
83639,Yes
83640,No
83641,No
83642,No
83643,No
83644,No
83645,No
83646,Yes
83647,No
83648,No
83649,No
83650,No
83651,No
83652,No
83653,No
83654,No
83655,Yes
83656,No
83657,No
83658,Yes
83659,No
83660,No
83661,No
83662,No
83663,Yes
83664,Yes
83665,No
83666,No
83667,No
83668,No
83669,No
83670,No
83671,Yes
83672,Yes
83673,No
83674,Yes
83675,No
83676,No
83677,Yes
83678,No
83679,No
83680,No
83681,Yes
83682,No
83683,No
83684,No
83685,No
83686,No
83687,No
83688,Yes
83689,No
83690,No
83691,No
83692,No
83693,No
83694,Yes
83695,No
83696,Yes
83697,No
83698,No
83699,No
83700,No
83701,No
83702,No
83703,No
83704,No
83705,No
83706,No
83707,Yes
83708,Yes
83709,No
83710,No
83711,No
83712,No
83713,No
83714,No
83715,No
83716,No
83717,No
83718,Yes
83719,Yes
83720,No
83721,No
83722,No
83723,No
83724,No
83725,No
83726,No
83727,Yes
83728,Yes
83729,No
83730,Yes
83731,No
83732,No
83733,No
83734,No
83735,Yes
83736,Yes
83737,No
83738,Yes
83739,No
83740,No
83741,No
83742,Yes
83743,No
83744,No
83745,Yes
83746,No
83747,Yes
83748,No
83749,No
83750,No
83751,No
83752,Yes
83753,Yes
83754,Yes
83755,No
83756,Yes
83757,No
83758,Yes
83759,No
83760,No
83761,No
83762,No
83763,No
83764,No
83765,No
83766,No
83767,No
83768,Yes
83769,No
83770,Yes
83771,Yes
83772,Yes
83773,No
83774,No
83775,No
83776,No
83777,Yes
83778,Yes
83779,No
83780,Yes
83781,No
83782,No
83783,No
83784,No
83785,No
83786,Yes
83787,No
83788,Yes
83789,Yes
83790,No
83791,No
83792,No
83793,No
83794,No
83795,No
83796,Yes
83797,Yes
83798,Yes
83799,Yes
83800,No
83801,No
83802,No
83803,Yes
83804,No
83805,No
83806,No
83807,No
83808,Yes
83809,No
83810,No
83811,No
83812,No
83813,Yes
83814,Yes
83815,Yes
83816,No
83817,Yes
83818,Yes
83819,No
83820,No
83821,Yes
83822,Yes
83823,No
83824,Yes
83825,No
83826,No
83827,Yes
83828,No
83829,Yes
83830,No
83831,No
83832,No
83833,Yes
83834,No
83835,Yes
83836,No
83837,No
83838,Yes
83839,No
83840,No
83841,No
83842,No
83843,No
83844,Yes
83845,No
83846,No
83847,No
83848,No
83849,No
83850,Yes
83851,No
83852,No
83853,No
83854,Yes
83855,No
83856,No
83857,No
83858,Yes
83859,No
83860,No
83861,No
83862,Yes
83863,No
83864,No
83865,Yes
83866,No
83867,No
83868,No
83869,No
83870,No
83871,No
83872,No
83873,No
83874,Yes
83875,No
83876,No
83877,No
83878,Yes
83879,No
83880,No
83881,No
83882,Yes
83883,No
83884,No
83885,No
83886,No
83887,No
83888,Yes
83889,No
83890,No
83891,No
83892,No
83893,No
83894,Yes
83895,No
83896,Yes
83897,No
83898,Yes
83899,Yes
83900,No
83901,Yes
83902,No
83903,No
83904,No
83905,No
83906,No
83907,No
83908,No
83909,Yes
83910,No
83911,No
83912,No
83913,Yes
83914,No
83915,No
83916,No
83917,No
83918,No
83919,No
83920,No
83921,No
83922,Yes
83923,Yes
83924,No
83925,No
83926,No
83927,No
83928,Yes
83929,No
83930,No
83931,No
83932,Yes
83933,No
83934,No
83935,Yes
83936,Yes
83937,No
83938,No
83939,No
83940,No
83941,No
83942,No
83943,No
83944,Yes
83945,No
83946,No
83947,No
83948,No
83949,No
83950,Yes
83951,Yes
83952,Yes
83953,No
83954,No
83955,No
83956,No
83957,No
83958,Yes
83959,Yes
83960,Yes
83961,Yes
83962,No
83963,No
83964,Yes
83965,No
83966,No
83967,Yes
83968,No
83969,No
83970,No
83971,No
83972,No
83973,Yes
83974,No
83975,No
83976,No
83977,No
83978,No
83979,Yes
83980,No
83981,Yes
83982,Yes
83983,No
83984,No
83985,Yes
83986,Yes
83987,No
83988,Yes
83989,Yes
83990,Yes
83991,No
83992,No
83993,No
83994,Yes
83995,No
83996,No
83997,No
83998,No
83999,No
84000,Yes
84001,No
84002,No
84003,No
84004,No
84005,Yes
84006,No
84007,Yes
84008,No
84009,No
84010,No
84011,No
84012,No
84013,No
84014,No
84015,No
84016,No
84017,No
84018,Yes
84019,Yes
84020,No
84021,No
84022,Yes
84023,No
84024,No
84025,No
84026,No
84027,No
84028,Yes
84029,Yes
84030,No
84031,No
84032,Yes
84033,Yes
84034,No
84035,Yes
84036,No
84037,No
84038,Yes
84039,Yes
84040,No
84041,No
84042,Yes
84043,Yes
84044,No
84045,No
84046,No
84047,No
84048,Yes
84049,No
84050,No
84051,Yes
84052,Yes
84053,Yes
84054,No
84055,Yes
84056,No
84057,Yes
84058,Yes
84059,No
84060,No
84061,Yes
84062,Yes
84063,No
84064,No
84065,Yes
84066,No
84067,No
84068,No
84069,No
84070,Yes
84071,Yes
84072,No
84073,Yes
84074,No
84075,No
84076,No
84077,Yes
84078,No
84079,Yes
84080,No
84081,No
84082,No
84083,No
84084,No
84085,Yes
84086,No
84087,No
84088,No
84089,Yes
84090,No
84091,Yes
84092,Yes
84093,No
84094,No
84095,No
84096,No
84097,No
84098,No
84099,No
84100,Yes
84101,No
84102,No
84103,No
84104,No
84105,Yes
84106,No
84107,No
84108,No
84109,No
84110,No
84111,No
84112,No
84113,Yes
84114,Yes
84115,Yes
84116,Yes
84117,No
84118,No
84119,No
84120,Yes
84121,No
84122,No
84123,No
84124,Yes
84125,No
84126,Yes
84127,No
84128,Yes
84129,No
84130,No
84131,No
84132,No
84133,No
84134,Yes
84135,No
84136,No
84137,No
84138,Yes
84139,Yes
84140,Yes
84141,No
84142,No
84143,Yes
84144,No
84145,No
84146,No
84147,Yes
84148,Yes
84149,No
84150,No
84151,No
84152,No
84153,No
84154,No
84155,No
84156,No
84157,No
84158,No
84159,No
84160,No
84161,No
84162,No
84163,No
84164,No
84165,No
84166,Yes
84167,No
84168,No
84169,No
84170,No
84171,No
84172,Yes
84173,No
84174,No
84175,No
84176,No
84177,No
84178,No
84179,Yes
84180,No
84181,Yes
84182,No
84183,Yes
84184,No
84185,No
84186,No
84187,No
84188,Yes
84189,Yes
84190,No
84191,No
84192,Yes
84193,No
84194,Yes
84195,Yes
84196,No
84197,No
84198,No
84199,No
84200,No
84201,No
84202,No
84203,No
84204,No
84205,Yes
84206,No
84207,No
84208,No
84209,No
84210,No
84211,Yes
84212,No
84213,Yes
84214,Yes
84215,No
84216,No
84217,No
84218,No
84219,No
84220,Yes
84221,No
84222,No
84223,No
84224,No
84225,No
84226,No
84227,No
84228,Yes
84229,No
84230,No
84231,Yes
84232,No
84233,No
84234,No
84235,Yes
84236,No
84237,Yes
84238,Yes
84239,Yes
84240,Yes
84241,No
84242,Yes
84243,No
84244,No
84245,No
84246,No
84247,No
84248,No
84249,Yes
84250,No
84251,No
84252,No
84253,No
84254,Yes
84255,No
84256,No
84257,Yes
84258,No
84259,No
84260,No
84261,No
84262,No
84263,No
84264,Yes
84265,No
84266,No
84267,Yes
84268,No
84269,No
84270,No
84271,No
84272,No
84273,No
84274,Yes
84275,Yes
84276,No
84277,No
84278,Yes
84279,Yes
84280,No
84281,No
84282,Yes
84283,No
84284,No
84285,No
84286,No
84287,No
84288,Yes
84289,No
84290,No
84291,No
84292,No
84293,Yes
84294,No
84295,No
84296,No
84297,No
84298,No
84299,No
84300,Yes
84301,No
84302,No
84303,No
84304,Yes
84305,No
84306,No
84307,Yes
84308,No
84309,Yes
84310,No
84311,No
84312,No
84313,No
84314,No
84315,No
84316,No
84317,No
84318,Yes
84319,Yes
84320,No
84321,No
84322,No
84323,No
84324,Yes
84325,Yes
84326,No
84327,Yes
84328,No
84329,No
84330,Yes
84331,No
84332,No
84333,No
84334,No
84335,No
84336,No
84337,No
84338,No
84339,Yes
84340,No
84341,Yes
84342,No
84343,No
84344,Yes
84345,Yes
84346,No
84347,No
84348,No
84349,No
84350,No
84351,Yes
84352,No
84353,No
84354,No
84355,No
84356,No
84357,No
84358,Yes
84359,Yes
84360,No
84361,No
84362,Yes
84363,No
84364,No
84365,No
84366,No
84367,No
84368,No
84369,No
84370,No
84371,Yes
84372,No
84373,No
84374,No
84375,No
84376,No
84377,Yes
84378,No
84379,No
84380,No
84381,No
84382,No
84383,Yes
84384,Yes
84385,No
84386,No
84387,Yes
84388,Yes
84389,Yes
84390,No
84391,Yes
84392,Yes
84393,No
84394,Yes
84395,No
84396,No
84397,Yes
84398,No
84399,No
84400,No
84401,No
84402,No
84403,Yes
84404,No
84405,No
84406,No
84407,Yes
84408,No
84409,No
84410,No
84411,No
84412,No
84413,Yes
84414,No
84415,Yes
84416,Yes
84417,No
84418,Yes
84419,No
84420,Yes
84421,Yes
84422,No
84423,No
84424,No
84425,Yes
84426,Yes
84427,No
84428,No
84429,No
84430,No
84431,No
84432,Yes
84433,No
84434,No
84435,No
84436,No
84437,No
84438,No
84439,No
84440,No
84441,Yes
84442,No
84443,No
84444,No
84445,No
84446,Yes
84447,No
84448,No
84449,No
84450,No
84451,No
84452,No
84453,Yes
84454,Yes
84455,Yes
84456,Yes
84457,Yes
84458,No
84459,No
84460,No
84461,No
84462,No
84463,No
84464,No
84465,No
84466,Yes
84467,No
84468,No
84469,No
84470,No
84471,Yes
84472,No
84473,Yes
84474,No
84475,No
84476,No
84477,No
84478,No
84479,No
84480,Yes
84481,No
84482,Yes
84483,No
84484,No
84485,No
84486,Yes
84487,No
84488,No
84489,No
84490,No
84491,No
84492,Yes
84493,No
84494,No
84495,No
84496,Yes
84497,Yes
84498,No
84499,No
84500,No
84501,No
84502,No
84503,Yes
84504,No
84505,No
84506,No
84507,No
84508,No
84509,No
84510,Yes
84511,No
84512,No
84513,No
84514,No
84515,No
84516,No
84517,No
84518,No
84519,No
84520,No
84521,No
84522,No
84523,Yes
84524,No
84525,Yes
84526,No
84527,No
84528,No
84529,Yes
84530,No
84531,No
84532,No
84533,No
84534,Yes
84535,No
84536,No
84537,No
84538,Yes
84539,Yes
84540,No
84541,No
84542,Yes
84543,Yes
84544,No
84545,No
84546,Yes
84547,No
84548,No
84549,No
84550,No
84551,No
84552,No
84553,No
84554,No
84555,Yes
84556,No
84557,No
84558,No
84559,No
84560,Yes
84561,No
84562,No
84563,No
84564,No
84565,Yes
84566,No
84567,Yes
84568,No
84569,No
84570,No
84571,No
84572,No
84573,No
84574,No
84575,No
84576,No
84577,Yes
84578,No
84579,Yes
84580,No
84581,No
84582,No
84583,Yes
84584,Yes
84585,Yes
84586,No
84587,No
84588,No
84589,No
84590,No
84591,No
84592,Yes
84593,No
84594,No
84595,No
84596,Yes
84597,Yes
84598,Yes
84599,No
84600,No
84601,Yes
84602,No
84603,No
84604,Yes
84605,No
84606,Yes
84607,No
84608,No
84609,No
84610,Yes
84611,No
84612,No
84613,No
84614,No
84615,Yes
84616,No
84617,Yes
84618,Yes
84619,No
84620,No
84621,Yes
84622,Yes
84623,Yes
84624,No
84625,No
84626,No
84627,No
84628,No
84629,No
84630,No
84631,No
84632,No
84633,No
84634,No
84635,No
84636,No
84637,No
84638,No
84639,Yes
84640,No
84641,No
84642,Yes
84643,No
84644,No
84645,No
84646,Yes
84647,Yes
84648,No
84649,No
84650,Yes
84651,No
84652,No
84653,No
84654,No
84655,No
84656,Yes
84657,Yes
84658,Yes
84659,Yes
84660,Yes
84661,No
84662,Yes
84663,No
84664,No
84665,No
84666,No
84667,Yes
84668,Yes
84669,No
84670,Yes
84671,No
84672,No
84673,No
84674,No
84675,No
84676,No
84677,Yes
84678,Yes
84679,No
84680,Yes
84681,No
84682,No
84683,No
84684,Yes
84685,No
84686,No
84687,No
84688,No
84689,Yes
84690,Yes
84691,No
84692,No
84693,No
84694,Yes
84695,No
84696,No
84697,No
84698,No
84699,No
84700,Yes
84701,No
84702,No
84703,No
84704,No
84705,No
84706,Yes
84707,No
84708,No
84709,No
84710,No
84711,No
84712,No
84713,Yes
84714,No
84715,No
84716,No
84717,No
84718,No
84719,Yes
84720,No
84721,No
84722,No
84723,No
84724,No
84725,Yes
84726,No
84727,No
84728,Yes
84729,No
84730,No
84731,No
84732,No
84733,No
84734,No
84735,Yes
84736,No
84737,Yes
84738,Yes
84739,Yes
84740,No
84741,No
84742,Yes
84743,No
84744,No
84745,Yes
84746,No
84747,No
84748,No
84749,No
84750,Yes
84751,Yes
84752,No
84753,No
84754,Yes
84755,No
84756,Yes
84757,No
84758,No
84759,No
84760,No
84761,No
84762,No
84763,No
84764,No
84765,No
84766,No
84767,No
84768,No
84769,No
84770,Yes
84771,No
84772,Yes
84773,No
84774,Yes
84775,No
84776,Yes
84777,No
84778,No
84779,No
84780,No
84781,No
84782,No
84783,No
84784,No
84785,No
84786,Yes
84787,Yes
84788,No
84789,No
84790,No
84791,Yes
84792,No
84793,Yes
84794,No
84795,Yes
84796,No
84797,No
84798,Yes
84799,Yes
84800,No
84801,No
84802,No
84803,No
84804,No
84805,Yes
84806,No
84807,No
84808,Yes
84809,Yes
84810,No
84811,No
84812,Yes
84813,Yes
84814,No
84815,No
84816,No
84817,No
84818,Yes
84819,No
84820,Yes
84821,No
84822,Yes
84823,Yes
84824,Yes
84825,No
84826,Yes
84827,No
84828,No
84829,No
84830,No
84831,Yes
84832,Yes
84833,No
84834,No
84835,No
84836,Yes
84837,No
84838,No
84839,No
84840,Yes
84841,No
84842,No
84843,No
84844,No
84845,No
84846,No
84847,No
84848,No
84849,No
84850,Yes
84851,No
84852,No
84853,No
84854,No
84855,Yes
84856,Yes
84857,Yes
84858,Yes
84859,No
84860,No
84861,No
84862,No
84863,No
84864,No
84865,No
84866,No
84867,No
84868,No
84869,No
84870,No
84871,No
84872,No
84873,No
84874,No
84875,No
84876,No
84877,Yes
84878,Yes
84879,No
84880,No
84881,Yes
84882,No
84883,Yes
84884,No
84885,Yes
84886,No
84887,No
84888,No
84889,No
84890,Yes
84891,No
84892,No
84893,No
84894,No
84895,No
84896,Yes
84897,Yes
84898,No
84899,Yes
84900,No
84901,No
84902,No
84903,Yes
84904,No
84905,No
84906,Yes
84907,No
84908,No
84909,Yes
84910,No
84911,No
84912,No
84913,Yes
84914,No
84915,No
84916,No
84917,No
84918,No
84919,No
84920,Yes
84921,No
84922,Yes
84923,No
84924,No
84925,Yes
84926,Yes
84927,Yes
84928,Yes
84929,No
84930,No
84931,Yes
84932,No
84933,No
84934,No
84935,No
84936,Yes
84937,Yes
84938,No
84939,No
84940,No
84941,No
84942,No
84943,No
84944,No
84945,Yes
84946,No
84947,Yes
84948,Yes
84949,Yes
84950,No
84951,No
84952,Yes
84953,No
84954,No
84955,No
84956,Yes
84957,No
84958,No
84959,No
84960,Yes
84961,No
84962,No
84963,No
84964,No
84965,No
84966,No
84967,No
84968,Yes
84969,No
84970,No
84971,No
84972,No
84973,Yes
84974,No
84975,No
84976,No
84977,Yes
84978,Yes
84979,No
84980,No
84981,No
84982,Yes
84983,No
84984,No
84985,No
84986,Yes
84987,No
84988,No
84989,No
84990,No
84991,Yes
84992,No
84993,Yes
84994,No
84995,No
84996,No
84997,Yes
84998,No
84999,Yes
85000,No
85001,No
85002,No
85003,No
85004,No
85005,No
85006,No
85007,No
85008,No
85009,Yes
85010,No
85011,No
85012,No
85013,No
85014,Yes
85015,No
85016,No
85017,No
85018,Yes
85019,Yes
85020,No
85021,Yes
85022,No
85023,No
85024,No
85025,No
85026,Yes
85027,Yes
85028,No
85029,No
85030,Yes
85031,No
85032,No
85033,Yes
85034,No
85035,No
85036,No
85037,No
85038,Yes
85039,No
85040,No
85041,No
85042,Yes
85043,No
85044,Yes
85045,No
85046,Yes
85047,No
85048,No
85049,Yes
85050,No
85051,Yes
85052,No
85053,Yes
85054,Yes
85055,No
85056,No
85057,Yes
85058,Yes
85059,No
85060,No
85061,No
85062,Yes
85063,No
85064,No
85065,No
85066,No
85067,No
85068,No
85069,No
85070,No
85071,No
85072,No
85073,No
85074,No
85075,No
85076,No
85077,No
85078,No
85079,No
85080,No
85081,Yes
85082,No
85083,No
85084,Yes
85085,Yes
85086,No
85087,No
85088,No
85089,Yes
85090,Yes
85091,Yes
85092,No
85093,No
85094,No
85095,Yes
85096,No
85097,No
85098,No
85099,Yes
85100,Yes
85101,Yes
85102,Yes
85103,Yes
85104,Yes
85105,No
85106,No
85107,No
85108,No
85109,No
85110,Yes
85111,No
85112,No
85113,No
85114,No
85115,No
85116,No
85117,No
85118,No
85119,Yes
85120,No
85121,No
85122,No
85123,No
85124,No
85125,No
85126,No
85127,No
85128,No
85129,No
85130,No
85131,No
85132,No
85133,No
85134,No
85135,No
85136,Yes
85137,Yes
85138,Yes
85139,No
85140,No
85141,No
85142,Yes
85143,No
85144,No
85145,No
85146,No
85147,No
85148,No
85149,No
85150,No
85151,No
85152,No
85153,No
85154,Yes
85155,No
85156,No
85157,Yes
85158,Yes
85159,No
85160,No
85161,Yes
85162,No
85163,Yes
85164,No
85165,No
85166,Yes
85167,No
85168,No
85169,Yes
85170,Yes
85171,Yes
85172,No
85173,No
85174,Yes
85175,No
85176,No
85177,No
85178,No
85179,Yes
85180,No
85181,No
85182,Yes
85183,No
85184,No
85185,No
85186,Yes
85187,No
85188,Yes
85189,Yes
85190,No
85191,No
85192,No
85193,No
85194,No
85195,No
85196,No
85197,No
85198,No
85199,No
85200,Yes
85201,Yes
85202,No
85203,No
85204,No
85205,No
85206,Yes
85207,Yes
85208,Yes
85209,Yes
85210,No
85211,Yes
85212,No
85213,Yes
85214,Yes
85215,No
85216,No
85217,No
85218,No
85219,No
85220,No
85221,Yes
85222,No
85223,Yes
85224,No
85225,No
85226,No
85227,Yes
85228,No
85229,Yes
85230,No
85231,No
85232,No
85233,No
85234,Yes
85235,Yes
85236,Yes
85237,No
85238,No
85239,No
85240,Yes
85241,Yes
85242,No
85243,No
85244,Yes
85245,No
85246,Yes
85247,No
85248,No
85249,Yes
85250,No
85251,No
85252,No
85253,Yes
85254,Yes
85255,No
85256,No
85257,Yes
85258,Yes
85259,No
85260,No
85261,Yes
85262,No
85263,No
85264,Yes
85265,No
85266,Yes
85267,Yes
85268,No
85269,Yes
85270,No
85271,Yes
85272,No
85273,No
85274,No
85275,No
85276,No
85277,No
85278,No
85279,No
85280,No
85281,No
85282,Yes
85283,No
85284,No
85285,No
85286,Yes
85287,No
85288,No
85289,Yes
85290,Yes
85291,No
85292,No
85293,Yes
85294,Yes
85295,Yes
85296,Yes
85297,No
85298,No
85299,No
85300,No
85301,No
85302,No
85303,No
85304,No
85305,No
85306,No
85307,No
85308,No
85309,No
85310,No
85311,Yes
85312,Yes
85313,No
85314,Yes
85315,Yes
85316,No
85317,No
85318,Yes
85319,No
85320,No
85321,Yes
85322,Yes
85323,Yes
85324,No
85325,No
85326,Yes
85327,Yes
85328,No
85329,No
85330,Yes
85331,No
85332,Yes
85333,Yes
85334,No
85335,No
85336,No
85337,No
85338,Yes
85339,No
85340,No
85341,Yes
85342,No
85343,No
85344,No
85345,Yes
85346,No
85347,No
85348,No
85349,No
85350,No
85351,Yes
85352,No
85353,No
85354,Yes
85355,No
85356,No
85357,No
85358,No
85359,Yes
85360,Yes
85361,No
85362,Yes
85363,No
85364,No
85365,No
85366,No
85367,No
85368,No
85369,No
85370,No
85371,Yes
85372,Yes
85373,No
85374,Yes
85375,Yes
85376,No
85377,No
85378,No
85379,No
85380,No
85381,No
85382,Yes
85383,No
85384,Yes
85385,No
85386,Yes
85387,No
85388,Yes
85389,Yes
85390,No
85391,No
85392,No
85393,No
85394,No
85395,No
85396,No
85397,No
85398,No
85399,No
85400,No
85401,No
85402,Yes
85403,Yes
85404,No
85405,No
85406,No
85407,No
85408,No
85409,No
85410,Yes
85411,No
85412,No
85413,Yes
85414,No
85415,No
85416,Yes
85417,No
85418,No
85419,No
85420,No
85421,No
85422,Yes
85423,No
85424,No
85425,No
85426,Yes
85427,No
85428,No
85429,Yes
85430,Yes
85431,Yes
85432,No
85433,No
85434,No
85435,Yes
85436,No
85437,No
85438,Yes
85439,No
85440,No
85441,Yes
85442,Yes
85443,Yes
85444,No
85445,Yes
85446,No
85447,No
85448,No
85449,No
85450,No
85451,No
85452,No
85453,No
85454,No
85455,No
85456,Yes
85457,No
85458,Yes
85459,No
85460,No
85461,No
85462,No
85463,Yes
85464,No
85465,No
85466,Yes
85467,Yes
85468,No
85469,No
85470,Yes
85471,No
85472,Yes
85473,No
85474,No
85475,No
85476,No
85477,Yes
85478,No
85479,No
85480,No
85481,No
85482,Yes
85483,Yes
85484,Yes
85485,No
85486,No
85487,Yes
85488,No
85489,Yes
85490,No
85491,No
85492,No
85493,No
85494,Yes
85495,No
85496,No
85497,No
85498,No
85499,No
85500,Yes
85501,Yes
85502,No
85503,No
85504,No
85505,No
85506,No
85507,Yes
85508,No
85509,No
85510,No
85511,No
85512,No
85513,No
85514,No
85515,No
85516,No
85517,No
85518,No
85519,No
85520,No
85521,No
85522,No
85523,Yes
85524,No
85525,No
85526,No
85527,No
85528,Yes
85529,No
85530,No
85531,No
85532,No
85533,No
85534,No
85535,Yes
85536,No
85537,No
85538,No
85539,No
85540,No
85541,No
85542,No
85543,No
85544,Yes
85545,Yes
85546,No
85547,Yes
85548,Yes
85549,No
85550,No
85551,No
85552,No
85553,No
85554,No
85555,No
85556,Yes
85557,No
85558,No
85559,No
85560,Yes
85561,No
85562,No
85563,No
85564,No
85565,No
85566,No
85567,Yes
85568,No
85569,No
85570,Yes
85571,No
85572,No
85573,No
85574,Yes
85575,Yes
85576,No
85577,No
85578,No
85579,No
85580,No
85581,Yes
85582,Yes
85583,No
85584,No
85585,No
85586,No
85587,No
85588,No
85589,No
85590,Yes
85591,Yes
85592,No
85593,Yes
85594,No
85595,No
85596,No
85597,No
85598,Yes
85599,Yes
85600,Yes
85601,No
85602,No
85603,No
85604,Yes
85605,Yes
85606,No
85607,No
85608,Yes
85609,No
85610,No
85611,No
85612,Yes
85613,No
85614,Yes
85615,Yes
85616,No
85617,No
85618,Yes
85619,No
85620,Yes
85621,No
85622,No
85623,Yes
85624,No
85625,Yes
85626,No
85627,No
85628,Yes
85629,No
85630,Yes
85631,Yes
85632,No
85633,Yes
85634,No
85635,Yes
85636,No
85637,No
85638,No
85639,Yes
85640,No
85641,Yes
85642,Yes
85643,Yes
85644,No
85645,No
85646,No
85647,Yes
85648,No
85649,No
85650,No
85651,Yes
85652,No
85653,Yes
85654,No
85655,Yes
85656,No
85657,Yes
85658,No
85659,No
85660,No
85661,No
85662,Yes
85663,Yes
85664,No
85665,No
85666,No
85667,Yes
85668,Yes
85669,No
85670,Yes
85671,No
85672,No
85673,No
85674,Yes
85675,No
85676,No
85677,No
85678,No
85679,Yes
85680,No
85681,No
85682,Yes
85683,No
85684,No
85685,Yes
85686,No
85687,No
85688,No
85689,Yes
85690,Yes
85691,No
85692,No
85693,Yes
85694,No
85695,No
85696,No
85697,No
85698,Yes
85699,No
85700,No
85701,Yes
85702,Yes
85703,No
85704,No
85705,No
85706,Yes
85707,No
85708,No
85709,No
85710,No
85711,No
85712,No
85713,Yes
85714,No
85715,No
85716,No
85717,No
85718,Yes
85719,Yes
85720,Yes
85721,No
85722,Yes
85723,No
85724,No
85725,No
85726,No
85727,No
85728,No
85729,No
85730,No
85731,No
85732,No
85733,Yes
85734,Yes
85735,No
85736,No
85737,No
85738,No
85739,No
85740,No
85741,Yes
85742,No
85743,Yes
85744,No
85745,No
85746,No
85747,Yes
85748,No
85749,No
85750,No
85751,No
85752,No
85753,Yes
85754,Yes
85755,Yes
85756,Yes
85757,No
85758,No
85759,Yes
85760,No
85761,No
85762,No
85763,Yes
85764,Yes
85765,No
85766,No
85767,Yes
85768,No
85769,Yes
85770,No
85771,No
85772,Yes
85773,Yes
85774,No
85775,No
85776,No
85777,Yes
85778,No
85779,No
85780,No
85781,No
85782,No
85783,No
85784,Yes
85785,No
85786,Yes
85787,No
85788,No
85789,No
85790,No
85791,Yes
85792,No
85793,No
85794,No
85795,No
85796,No
85797,Yes
85798,No
85799,No
85800,No
85801,No
85802,No
85803,No
85804,Yes
85805,No
85806,Yes
85807,No
85808,Yes
85809,No
85810,No
85811,Yes
85812,No
85813,No
85814,No
85815,No
85816,Yes
85817,Yes
85818,Yes
85819,Yes
85820,No
85821,No
85822,No
85823,No
85824,No
85825,No
85826,Yes
85827,No
85828,No
85829,No
85830,No
85831,No
85832,No
85833,No
85834,No
85835,No
85836,No
85837,No
85838,No
85839,No
85840,No
85841,No
85842,No
85843,No
85844,No
85845,No
85846,Yes
85847,No
85848,Yes
85849,No
85850,Yes
85851,No
85852,No
85853,Yes
85854,No
85855,No
85856,Yes
85857,No
85858,No
85859,No
85860,Yes
85861,No
85862,Yes
85863,No
85864,No
85865,Yes
85866,No
85867,No
85868,No
85869,Yes
85870,No
85871,No
85872,Yes
85873,Yes
85874,Yes
85875,No
85876,No
85877,No
85878,Yes
85879,No
85880,No
85881,No
85882,Yes
85883,No
85884,Yes
85885,No
85886,No
85887,No
85888,No
85889,No
85890,Yes
85891,Yes
85892,No
85893,No
85894,No
85895,No
85896,Yes
85897,No
85898,Yes
85899,Yes
85900,No
85901,No
85902,No
85903,No
85904,No
85905,No
85906,No
85907,No
85908,No
85909,No
85910,No
85911,No
85912,No
85913,No
85914,No
85915,No
85916,No
85917,No
85918,No
85919,No
85920,No
85921,No
85922,Yes
85923,No
85924,No
85925,Yes
85926,No
85927,No
85928,No
85929,Yes
85930,Yes
85931,No
85932,No
85933,No
85934,No
85935,No
85936,No
85937,No
85938,No
85939,No
85940,No
85941,No
85942,No
85943,Yes
85944,No
85945,No
85946,No
85947,No
85948,No
85949,No
85950,No
85951,No
85952,Yes
85953,No
85954,No
85955,No
85956,No
85957,No
85958,No
85959,Yes
85960,Yes
85961,No
85962,No
85963,No
85964,No
85965,Yes
85966,Yes
85967,No
85968,No
85969,Yes
85970,No
85971,No
85972,Yes
85973,No
85974,No
85975,Yes
85976,No
85977,No
85978,No
85979,No
85980,No
85981,No
85982,No
85983,No
85984,Yes
85985,No
85986,Yes
85987,No
85988,Yes
85989,No
85990,No
85991,No
85992,No
85993,No
85994,No
85995,No
85996,No
85997,No
85998,No
85999,Yes
86000,No
86001,No
86002,No
86003,No
86004,No
86005,No
86006,No
86007,Yes
86008,Yes
86009,No
86010,Yes
86011,No
86012,No
86013,No
86014,Yes
86015,No
86016,No
86017,No
86018,No
86019,Yes
86020,Yes
86021,No
86022,Yes
86023,Yes
86024,No
86025,Yes
86026,No
86027,No
86028,No
86029,No
86030,No
86031,No
86032,No
86033,No
86034,Yes
86035,No
86036,No
86037,No
86038,No
86039,No
86040,No
86041,Yes
86042,No
86043,No
86044,No
86045,No
86046,No
86047,No
86048,No
86049,No
86050,No
86051,No
86052,No
86053,No
86054,No
86055,No
86056,Yes
86057,Yes
86058,No
86059,Yes
86060,No
86061,No
86062,Yes
86063,No
86064,No
86065,No
86066,Yes
86067,No
86068,No
86069,No
86070,No
86071,No
86072,No
86073,No
86074,Yes
86075,No
86076,No
86077,No
86078,No
86079,No
86080,No
86081,No
86082,Yes
86083,No
86084,No
86085,Yes
86086,Yes
86087,No
86088,Yes
86089,No
86090,Yes
86091,No
86092,Yes
86093,No
86094,No
86095,No
86096,No
86097,No
86098,No
86099,No
86100,Yes
86101,No
86102,Yes
86103,No
86104,No
86105,Yes
86106,No
86107,No
86108,No
86109,Yes
86110,No
86111,No
86112,No
86113,Yes
86114,Yes
86115,No
86116,No
86117,Yes
86118,No
86119,No
86120,No
86121,Yes
86122,No
86123,No
86124,Yes
86125,No
86126,No
86127,Yes
86128,No
86129,No
86130,No
86131,No
86132,No
86133,Yes
86134,No
86135,Yes
86136,Yes
86137,No
86138,No
86139,No
86140,No
86141,No
86142,Yes
86143,No
86144,Yes
86145,No
86146,No
86147,No
86148,Yes
86149,No
86150,No
86151,No
86152,No
86153,Yes
86154,No
86155,No
86156,No
86157,Yes
86158,No
86159,No
86160,No
86161,No
86162,No
86163,No
86164,No
86165,Yes
86166,No
86167,No
86168,Yes
86169,No
86170,No
86171,Yes
86172,No
86173,No
86174,Yes
86175,No
86176,No
86177,Yes
86178,No
86179,No
86180,No
86181,Yes
86182,No
86183,Yes
86184,Yes
86185,No
86186,No
86187,No
86188,Yes
86189,No
86190,No
86191,No
86192,No
86193,Yes
86194,No
86195,Yes
86196,No
86197,Yes
86198,Yes
86199,No
86200,No
86201,No
86202,No
86203,No
86204,No
86205,Yes
86206,No
86207,No
86208,No
86209,No
86210,No
86211,No
86212,No
86213,No
86214,No
86215,No
86216,No
86217,Yes
86218,No
86219,Yes
86220,No
86221,No
86222,No
86223,No
86224,No
86225,No
86226,No
86227,No
86228,No
86229,No
86230,Yes
86231,Yes
86232,Yes
86233,Yes
86234,No
86235,Yes
86236,No
86237,Yes
86238,Yes
86239,No
86240,Yes
86241,No
86242,No
86243,No
86244,Yes
86245,No
86246,No
86247,Yes
86248,No
86249,Yes
86250,No
86251,No
86252,Yes
86253,Yes
86254,No
86255,No
86256,No
86257,No
86258,No
86259,No
86260,Yes
86261,No
86262,Yes
86263,No
86264,No
86265,No
86266,No
86267,Yes
86268,No
86269,No
86270,No
86271,No
86272,Yes
86273,No
86274,No
86275,Yes
86276,No
86277,No
86278,No
86279,No
86280,No
86281,No
86282,No
86283,No
86284,No
86285,No
86286,Yes
86287,No
86288,No
86289,No
86290,Yes
86291,Yes
86292,Yes
86293,No
86294,No
86295,No
86296,No
86297,No
86298,No
86299,No
86300,Yes
86301,No
86302,No
86303,Yes
86304,No
86305,No
86306,Yes
86307,Yes
86308,No
86309,No
86310,No
86311,Yes
86312,No
86313,No
86314,No
86315,No
86316,No
86317,No
86318,No
86319,No
86320,No
86321,No
86322,No
86323,No
86324,No
86325,No
86326,No
86327,No
86328,No
86329,Yes
86330,No
86331,Yes
86332,No
86333,Yes
86334,No
86335,Yes
86336,No
86337,No
86338,No
86339,No
86340,Yes
86341,No
86342,Yes
86343,Yes
86344,No
86345,Yes
86346,Yes
86347,No
86348,Yes
86349,No
86350,No
86351,Yes
86352,No
86353,No
86354,No
86355,No
86356,No
86357,No
86358,No
86359,No
86360,No
86361,No
86362,No
86363,No
86364,No
86365,No
86366,No
86367,No
86368,Yes
86369,Yes
86370,No
86371,No
86372,No
86373,No
86374,Yes
86375,No
86376,No
86377,No
86378,No
86379,No
86380,No
86381,Yes
86382,Yes
86383,No
86384,No
86385,Yes
86386,Yes
86387,Yes
86388,No
86389,No
86390,No
86391,No
86392,No
86393,No
86394,Yes
86395,No
86396,No
86397,No
86398,No
86399,No
86400,Yes
86401,No
86402,No
86403,Yes
86404,Yes
86405,Yes
86406,No
86407,No
86408,No
86409,No
86410,Yes
86411,No
86412,Yes
86413,No
86414,No
86415,No
86416,No
86417,No
86418,No
86419,Yes
86420,Yes
86421,No
86422,No
86423,No
86424,No
86425,No
86426,No
86427,No
86428,No
86429,No
86430,No
86431,No
86432,Yes
86433,No
86434,No
86435,No
86436,No
86437,No
86438,Yes
86439,Yes
86440,No
86441,No
86442,No
86443,No
86444,No
86445,No
86446,No
86447,No
86448,Yes
86449,No
86450,No
86451,No
86452,Yes
86453,No
86454,Yes
86455,Yes
86456,No
86457,No
86458,No
86459,Yes
86460,Yes
86461,No
86462,No
86463,No
86464,No
86465,No
86466,No
86467,No
86468,Yes
86469,No
86470,No
86471,No
86472,Yes
86473,Yes
86474,No
86475,Yes
86476,No
86477,No
86478,No
86479,No
86480,Yes
86481,No
86482,No
86483,Yes
86484,No
86485,No
86486,No
86487,No
86488,No
86489,No
86490,Yes
86491,No
86492,No
86493,Yes
86494,Yes
86495,No
86496,Yes
86497,No
86498,No
86499,No
86500,Yes
86501,No
86502,No
86503,No
86504,No
86505,No
86506,Yes
86507,Yes
86508,Yes
86509,No
86510,No
86511,No
86512,No
86513,No
86514,Yes
86515,Yes
86516,No
86517,No
86518,No
86519,No
86520,Yes
86521,No
86522,Yes
86523,No
86524,No
86525,No
86526,No
86527,No
86528,No
86529,No
86530,No
86531,Yes
86532,Yes
86533,No
86534,No
86535,No
86536,No
86537,No
86538,No
86539,Yes
86540,No
86541,No
86542,No
86543,No
86544,No
86545,No
86546,Yes
86547,No
86548,No
86549,No
86550,No
86551,Yes
86552,No
86553,Yes
86554,Yes
86555,No
86556,Yes
86557,Yes
86558,No
86559,No
86560,No
86561,No
86562,No
86563,Yes
86564,Yes
86565,Yes
86566,Yes
86567,Yes
86568,No
86569,Yes
86570,No
86571,No
86572,No
86573,No
86574,Yes
86575,No
86576,No
86577,No
86578,No
86579,Yes
86580,No
86581,Yes
86582,No
86583,Yes
86584,No
86585,Yes
86586,No
86587,Yes
86588,No
86589,No
86590,Yes
86591,Yes
86592,No
86593,No
86594,No
86595,No
86596,No
86597,No
86598,No
86599,No
86600,No
86601,No
86602,Yes
86603,No
86604,Yes
86605,No
86606,Yes
86607,Yes
86608,No
86609,Yes
86610,Yes
86611,No
86612,Yes
86613,No
86614,Yes
86615,No
86616,No
86617,Yes
86618,Yes
86619,No
86620,No
86621,No
86622,No
86623,No
86624,No
86625,No
86626,No
86627,Yes
86628,No
86629,No
86630,Yes
86631,No
86632,No
86633,No
86634,No
86635,No
86636,Yes
86637,Yes
86638,Yes
86639,No
86640,No
86641,No
86642,No
86643,No
86644,Yes
86645,No
86646,No
86647,Yes
86648,Yes
86649,No
86650,No
86651,No
86652,No
86653,Yes
86654,No
86655,No
86656,No
86657,No
86658,Yes
86659,No
86660,No
86661,No
86662,No
86663,Yes
86664,No
86665,No
86666,No
86667,No
86668,No
86669,No
86670,No
86671,No
86672,Yes
86673,No
86674,Yes
86675,No
86676,Yes
86677,No
86678,No
86679,No
86680,No
86681,No
86682,No
86683,No
86684,Yes
86685,Yes
86686,No
86687,No
86688,Yes
86689,No
86690,No
86691,No
86692,No
86693,Yes
86694,Yes
86695,No
86696,No
86697,No
86698,No
86699,Yes
86700,No
86701,No
86702,Yes
86703,No
86704,No
86705,No
86706,No
86707,No
86708,No
86709,No
86710,No
86711,No
86712,No
86713,No
86714,No
86715,No
86716,No
86717,No
86718,Yes
86719,No
86720,Yes
86721,No
86722,No
86723,Yes
86724,No
86725,No
86726,Yes
86727,No
86728,No
86729,No
86730,No
86731,No
86732,No
86733,No
86734,No
86735,Yes
86736,No
86737,No
86738,No
86739,No
86740,No
86741,No
86742,No
86743,No
86744,No
86745,Yes
86746,No
86747,No
86748,No
86749,Yes
86750,Yes
86751,No
86752,Yes
86753,No
86754,No
86755,No
86756,Yes
86757,Yes
86758,Yes
86759,No
86760,Yes
86761,No
86762,No
86763,No
86764,No
86765,No
86766,Yes
86767,No
86768,Yes
86769,No
86770,No
86771,No
86772,Yes
86773,Yes
86774,No
86775,Yes
86776,Yes
86777,No
86778,No
86779,No
86780,No
86781,No
86782,Yes
86783,No
86784,No
86785,No
86786,No
86787,No
86788,No
86789,No
86790,No
86791,Yes
86792,Yes
86793,No
86794,No
86795,No
86796,No
86797,No
86798,No
86799,Yes
86800,No
86801,No
86802,No
86803,No
86804,No
86805,Yes
86806,No
86807,No
86808,No
86809,Yes
86810,Yes
86811,Yes
86812,No
86813,Yes
86814,No
86815,No
86816,No
86817,No
86818,No
86819,No
86820,Yes
86821,No
86822,No
86823,No
86824,No
86825,Yes
86826,No
86827,No
86828,No
86829,No
86830,Yes
86831,No
86832,No
86833,Yes
86834,No
86835,No
86836,No
86837,Yes
86838,Yes
86839,Yes
86840,Yes
86841,No
86842,No
86843,No
86844,Yes
86845,No
86846,No
86847,Yes
86848,Yes
86849,No
86850,No
86851,Yes
86852,No
86853,No
86854,No
86855,Yes
86856,No
86857,No
86858,Yes
86859,No
86860,Yes
86861,No
86862,Yes
86863,Yes
86864,Yes
86865,No
86866,No
86867,No
86868,No
86869,Yes
86870,No
86871,No
86872,Yes
86873,No
86874,Yes
86875,Yes
86876,No
86877,No
86878,Yes
86879,No
86880,No
86881,No
86882,No
86883,No
86884,No
86885,No
86886,Yes
86887,No
86888,No
86889,No
86890,No
86891,No
86892,Yes
86893,No
86894,No
86895,No
86896,No
86897,Yes
86898,Yes
86899,Yes
86900,No
86901,No
86902,No
86903,No
86904,No
86905,Yes
86906,No
86907,No
86908,No
86909,Yes
86910,No
86911,Yes
86912,Yes
86913,Yes
86914,Yes
86915,No
86916,Yes
86917,No
86918,No
86919,No
86920,No
86921,No
86922,No
86923,No
86924,No
86925,No
86926,No
86927,No
86928,No
86929,No
86930,No
86931,No
86932,Yes
86933,No
86934,No
86935,No
86936,Yes
86937,No
86938,No
86939,No
86940,No
86941,No
86942,No
86943,No
86944,No
86945,No
86946,No
86947,No
86948,Yes
86949,Yes
86950,No
86951,No
86952,No
86953,No
86954,No
86955,No
86956,No
86957,No
86958,No
86959,Yes
86960,No
86961,No
86962,Yes
86963,No
86964,No
86965,No
86966,No
86967,Yes
86968,No
86969,No
86970,No
86971,Yes
86972,Yes
86973,No
86974,No
86975,Yes
86976,Yes
86977,No
86978,No
86979,No
86980,No
86981,No
86982,Yes
86983,Yes
86984,No
86985,No
86986,No
86987,Yes
86988,No
86989,No
86990,No
86991,No
86992,Yes
86993,Yes
86994,No
86995,No
86996,No
86997,Yes
86998,Yes
86999,No
87000,No
87001,Yes
87002,Yes
87003,No
87004,No
87005,No
87006,Yes
87007,No
87008,No
87009,No
87010,No
87011,No
87012,No
87013,Yes
87014,No
87015,No
87016,No
87017,No
87018,Yes
87019,No
87020,Yes
87021,No
87022,No
87023,No
87024,No
87025,No
87026,Yes
87027,Yes
87028,No
87029,No
87030,No
87031,No
87032,No
87033,No
87034,No
87035,No
87036,Yes
87037,No
87038,No
87039,Yes
87040,Yes
87041,Yes
87042,No
87043,No
87044,No
87045,Yes
87046,No
87047,No
87048,No
87049,No
87050,Yes
87051,Yes
87052,Yes
87053,No
87054,No
87055,No
87056,Yes
87057,No
87058,No
87059,No
87060,Yes
87061,No
87062,Yes
87063,No
87064,No
87065,No
87066,Yes
87067,No
87068,No
87069,No
87070,No
87071,No
87072,No
87073,No
87074,No
87075,No
87076,No
87077,No
87078,No
87079,No
87080,No
87081,No
87082,No
87083,Yes
87084,Yes
87085,No
87086,No
87087,No
87088,No
87089,Yes
87090,Yes
87091,No
87092,No
87093,No
87094,Yes
87095,No
87096,Yes
87097,No
87098,Yes
87099,Yes
87100,Yes
87101,No
87102,No
87103,No
87104,No
87105,No
87106,Yes
87107,No
87108,Yes
87109,No
87110,No
87111,Yes
87112,Yes
87113,No
87114,Yes
87115,Yes
87116,No
87117,Yes
87118,No
87119,No
87120,No
87121,No
87122,No
87123,Yes
87124,No
87125,No
87126,Yes
87127,Yes
87128,No
87129,Yes
87130,No
87131,No
87132,No
87133,Yes
87134,No
87135,Yes
87136,No
87137,No
87138,No
87139,No
87140,No
87141,No
87142,Yes
87143,No
87144,No
87145,Yes
87146,No
87147,No
87148,Yes
87149,No
87150,No
87151,No
87152,Yes
87153,No
87154,No
87155,Yes
87156,No
87157,Yes
87158,No
87159,Yes
87160,No
87161,No
87162,No
87163,No
87164,No
87165,No
87166,Yes
87167,No
87168,Yes
87169,No
87170,No
87171,No
87172,Yes
87173,Yes
87174,Yes
87175,No
87176,No
87177,No
87178,Yes
87179,No
87180,No
87181,Yes
87182,Yes
87183,No
87184,No
87185,No
87186,Yes
87187,No
87188,Yes
87189,No
87190,No
87191,No
87192,No
87193,No
87194,No
87195,No
87196,No
87197,Yes
87198,No
87199,Yes
87200,No
87201,No
87202,Yes
87203,No
87204,No
87205,No
87206,No
87207,No
87208,Yes
87209,No
87210,No
87211,No
87212,No
87213,Yes
87214,Yes
87215,Yes
87216,No
87217,No
87218,No
87219,No
87220,No
87221,No
87222,No
87223,No
87224,No
87225,No
87226,No
87227,No
87228,Yes
87229,No
87230,Yes
87231,No
87232,No
87233,No
87234,Yes
87235,Yes
87236,No
87237,Yes
87238,Yes
87239,No
87240,No
87241,Yes
87242,No
87243,No
87244,No
87245,No
87246,Yes
87247,No
87248,No
87249,Yes
87250,No
87251,Yes
87252,No
87253,Yes
87254,No
87255,No
87256,Yes
87257,No
87258,Yes
87259,No
87260,Yes
87261,No
87262,No
87263,No
87264,Yes
87265,No
87266,No
87267,No
87268,Yes
87269,No
87270,No
87271,No
87272,Yes
87273,Yes
87274,Yes
87275,No
87276,No
87277,No
87278,Yes
87279,No
87280,No
87281,No
87282,Yes
87283,No
87284,No
87285,No
87286,No
87287,No
87288,No
87289,No
87290,No
87291,No
87292,Yes
87293,No
87294,No
87295,No
87296,Yes
87297,No
87298,Yes
87299,No
87300,No
87301,No
87302,No
87303,No
87304,No
87305,No
87306,No
87307,No
87308,No
87309,No
87310,No
87311,No
87312,Yes
87313,No
87314,No
87315,No
87316,No
87317,No
87318,No
87319,No
87320,Yes
87321,No
87322,No
87323,No
87324,No
87325,No
87326,No
87327,No
87328,No
87329,No
87330,No
87331,No
87332,No
87333,No
87334,No
87335,Yes
87336,No
87337,No
87338,No
87339,No
87340,No
87341,Yes
87342,No
87343,No
87344,Yes
87345,Yes
87346,No
87347,Yes
87348,Yes
87349,No
87350,No
87351,Yes
87352,No
87353,Yes
87354,No
87355,No
87356,No
87357,No
87358,No
87359,Yes
87360,No
87361,No
87362,Yes
87363,No
87364,Yes
87365,No
87366,No
87367,No
87368,No
87369,No
87370,No
87371,No
87372,No
87373,No
87374,No
87375,No
87376,No
87377,No
87378,No
87379,No
87380,Yes
87381,Yes
87382,Yes
87383,No
87384,No
87385,No
87386,No
87387,Yes
87388,No
87389,No
87390,No
87391,No
87392,No
87393,Yes
87394,No
87395,Yes
87396,No
87397,No
87398,No
87399,No
87400,No
87401,Yes
87402,Yes
87403,No
87404,Yes
87405,Yes
87406,No
87407,No
87408,No
87409,Yes
87410,No
87411,No
87412,No
87413,Yes
87414,No
87415,No
87416,No
87417,No
87418,No
87419,No
87420,No
87421,No
87422,Yes
87423,Yes
87424,Yes
87425,No
87426,No
87427,No
87428,No
87429,No
87430,Yes
87431,No
87432,No
87433,No
87434,Yes
87435,No
87436,No
87437,No
87438,No
87439,No
87440,No
87441,No
87442,No
87443,Yes
87444,No
87445,No
87446,No
87447,No
87448,No
87449,Yes
87450,Yes
87451,No
87452,No
87453,No
87454,Yes
87455,No
87456,Yes
87457,No
87458,No
87459,No
87460,No
87461,No
87462,Yes
87463,No
87464,No
87465,No
87466,No
87467,No
87468,Yes
87469,No
87470,No
87471,No
87472,No
87473,No
87474,Yes
87475,No
87476,Yes
87477,Yes
87478,No
87479,No
87480,No
87481,Yes
87482,Yes
87483,Yes
87484,No
87485,No
87486,Yes
87487,No
87488,Yes
87489,Yes
87490,No
87491,No
87492,No
87493,No
87494,No
87495,No
87496,No
87497,No
87498,No
87499,Yes
87500,No
87501,No
87502,Yes
87503,Yes
87504,Yes
87505,No
87506,No
87507,No
87508,No
87509,No
87510,Yes
87511,No
87512,No
87513,No
87514,No
87515,Yes
87516,No
87517,No
87518,No
87519,No
87520,No
87521,No
87522,No
87523,No
87524,No
87525,No
87526,No
87527,No
87528,No
87529,No
87530,No
87531,Yes
87532,No
87533,No
87534,No
87535,No
87536,No
87537,Yes
87538,No
87539,No
87540,No
87541,Yes
87542,No
87543,No
87544,No
87545,No
87546,No
87547,No
87548,No
87549,No
87550,No
87551,No
87552,No
87553,No
87554,No
87555,Yes
87556,No
87557,No
87558,No
87559,No
87560,No
87561,No
87562,Yes
87563,No
87564,No
87565,No
87566,No
87567,Yes
87568,No
87569,Yes
87570,No
87571,No
87572,No
87573,No
87574,No
87575,Yes
87576,Yes
87577,No
87578,No
87579,No
87580,No
87581,Yes
87582,No
87583,Yes
87584,No
87585,No
87586,Yes
87587,Yes
87588,Yes
87589,Yes
87590,No
87591,No
87592,No
87593,No
87594,No
87595,No
87596,Yes
87597,No
87598,No
87599,Yes
87600,No
87601,No
87602,No
87603,Yes
87604,No
87605,No
87606,No
87607,No
87608,Yes
87609,Yes
87610,No
87611,No
87612,No
87613,No
87614,No
87615,No
87616,No
87617,No
87618,No
87619,Yes
87620,No
87621,Yes
87622,No
87623,Yes
87624,Yes
87625,Yes
87626,No
87627,No
87628,No
87629,No
87630,No
87631,No
87632,Yes
87633,No
87634,No
87635,No
87636,No
87637,Yes
87638,No
87639,No
87640,No
87641,No
87642,No
87643,Yes
87644,Yes
87645,No
87646,No
87647,No
87648,No
87649,Yes
87650,No
87651,Yes
87652,Yes
87653,No
87654,No
87655,No
87656,No
87657,No
87658,No
87659,Yes
87660,No
87661,No
87662,Yes
87663,No
87664,No
87665,No
87666,Yes
87667,No
87668,No
87669,No
87670,No
87671,Yes
87672,Yes
87673,Yes
87674,Yes
87675,No
87676,No
87677,No
87678,No
87679,No
87680,No
87681,No
87682,No
87683,No
87684,No
87685,Yes
87686,Yes
87687,Yes
87688,No
87689,No
87690,Yes
87691,Yes
87692,Yes
87693,Yes
87694,No
87695,No
87696,No
87697,No
87698,Yes
87699,No
87700,No
87701,No
87702,No
87703,No
87704,No
87705,No
87706,Yes
87707,No
87708,No
87709,Yes
87710,No
87711,No
87712,No
87713,No
87714,No
87715,Yes
87716,No
87717,Yes
87718,No
87719,Yes
87720,No
87721,No
87722,No
87723,No
87724,No
87725,No
87726,Yes
87727,No
87728,Yes
87729,No
87730,No
87731,No
87732,No
87733,No
87734,Yes
87735,No
87736,Yes
87737,No
87738,No
87739,Yes
87740,No
87741,No
87742,No
87743,No
87744,Yes
87745,No
87746,No
87747,Yes
87748,No
87749,Yes
87750,No
87751,No
87752,No
87753,No
87754,No
87755,No
87756,No
87757,Yes
87758,No
87759,Yes
87760,No
87761,No
87762,No
87763,No
87764,No
87765,Yes
87766,No
87767,No
87768,No
87769,No
87770,No
87771,No
87772,Yes
87773,No
87774,No
87775,No
87776,No
87777,Yes
87778,Yes
87779,No
87780,No
87781,No
87782,No
87783,No
87784,No
87785,No
87786,No
87787,No
87788,No
87789,No
87790,No
87791,No
87792,No
87793,Yes
87794,Yes
87795,No
87796,No
87797,Yes
87798,Yes
87799,No
87800,No
87801,No
87802,Yes
87803,No
87804,No
87805,No
87806,No
87807,Yes
87808,No
87809,Yes
87810,Yes
87811,No
87812,No
87813,No
87814,No
87815,No
87816,Yes
87817,No
87818,No
87819,Yes
87820,No
87821,No
87822,No
87823,Yes
87824,Yes
87825,No
87826,No
87827,No
87828,No
87829,No
87830,No
87831,No
87832,Yes
87833,No
87834,No
87835,No
87836,No
87837,Yes
87838,Yes
87839,No
87840,No
87841,No
87842,Yes
87843,No
87844,No
87845,Yes
87846,No
87847,No
87848,No
87849,No
87850,No
87851,No
87852,No
87853,No
87854,No
87855,Yes
87856,No
87857,No
87858,No
87859,No
87860,Yes
87861,No
87862,Yes
87863,No
87864,No
87865,No
87866,No
87867,Yes
87868,No
87869,No
87870,Yes
87871,Yes
87872,No
87873,No
87874,No
87875,No
87876,Yes
87877,No
87878,No
87879,Yes
87880,Yes
87881,Yes
87882,Yes
87883,No
87884,No
87885,No
87886,No
87887,No
87888,Yes
87889,No
87890,No
87891,No
87892,No
87893,No
87894,No
87895,Yes
87896,No
87897,No
87898,Yes
87899,Yes
87900,No
87901,No
87902,No
87903,No
87904,No
87905,Yes
87906,Yes
87907,No
87908,No
87909,No
87910,No
87911,Yes
87912,Yes
87913,No
87914,No
87915,No
87916,No
87917,Yes
87918,Yes
87919,Yes
87920,No
87921,No
87922,No
87923,No
87924,No
87925,No
87926,Yes
87927,Yes
87928,No
87929,No
87930,Yes
87931,No
87932,No
87933,No
87934,No
87935,No
87936,Yes
87937,Yes
87938,Yes
87939,Yes
87940,No
87941,No
87942,No
87943,No
87944,No
87945,No
87946,No
87947,No
87948,Yes
87949,Yes
87950,No
87951,No
87952,No
87953,No
87954,No
87955,Yes
87956,No
87957,No
87958,No
87959,Yes
87960,Yes
87961,Yes
87962,Yes
87963,No
87964,No
87965,No
87966,No
87967,No
87968,Yes
87969,Yes
87970,Yes
87971,No
87972,No
87973,No
87974,No
87975,Yes
87976,Yes
87977,Yes
87978,No
87979,No
87980,No
87981,No
87982,No
87983,No
87984,No
87985,No
87986,Yes
87987,No
87988,No
87989,Yes
87990,Yes
87991,Yes
87992,No
87993,Yes
87994,No
87995,No
87996,Yes
87997,No
87998,Yes
87999,No
88000,Yes
88001,No
88002,Yes
88003,No
88004,No
88005,No
88006,No
88007,No
88008,No
88009,No
88010,No
88011,No
88012,Yes
88013,Yes
88014,No
88015,No
88016,Yes
88017,No
88018,No
88019,No
88020,Yes
88021,No
88022,No
88023,No
88024,No
88025,No
88026,No
88027,No
88028,Yes
88029,No
88030,No
88031,No
88032,No
88033,No
88034,No
88035,No
88036,No
88037,Yes
88038,No
88039,No
88040,No
88041,Yes
88042,Yes
88043,No
88044,No
88045,Yes
88046,Yes
88047,No
88048,No
88049,Yes
88050,No
88051,No
88052,No
88053,Yes
88054,No
88055,No
88056,No
88057,No
88058,No
88059,Yes
88060,No
88061,No
88062,No
88063,No
88064,Yes
88065,No
88066,No
88067,Yes
88068,No
88069,No
88070,Yes
88071,No
88072,No
88073,No
88074,No
88075,No
88076,Yes
88077,Yes
88078,Yes
88079,Yes
88080,Yes
88081,No
88082,No
88083,No
88084,No
88085,No
88086,No
88087,No
88088,Yes
88089,No
88090,Yes
88091,No
88092,Yes
88093,No
88094,Yes
88095,No
88096,No
88097,No
88098,No
88099,No
88100,No
88101,No
88102,Yes
88103,No
88104,No
88105,Yes
88106,Yes
88107,No
88108,Yes
88109,Yes
88110,No
88111,Yes
88112,No
88113,Yes
88114,No
88115,No
88116,No
88117,No
88118,No
88119,Yes
88120,No
88121,No
88122,No
88123,No
88124,No
88125,No
88126,No
88127,No
88128,Yes
88129,No
88130,Yes
88131,No
88132,No
88133,No
88134,No
88135,Yes
88136,Yes
88137,No
88138,Yes
88139,No
88140,No
88141,No
88142,No
88143,No
88144,No
88145,No
88146,No
88147,Yes
88148,No
88149,Yes
88150,No
88151,No
88152,No
88153,Yes
88154,No
88155,Yes
88156,No
88157,No
88158,No
88159,Yes
88160,No
88161,No
88162,No
88163,No
88164,Yes
88165,No
88166,No
88167,No
88168,No
88169,No
88170,Yes
88171,No
88172,No
88173,No
88174,Yes
88175,No
88176,No
88177,No
88178,No
88179,No
88180,No
88181,No
88182,No
88183,No
88184,No
88185,No
88186,No
88187,No
88188,No
88189,No
88190,No
88191,Yes
88192,No
88193,No
88194,Yes
88195,No
88196,No
88197,No
88198,No
88199,No
88200,Yes
88201,Yes
88202,No
88203,No
88204,No
88205,No
88206,No
88207,No
88208,Yes
88209,No
88210,No
88211,Yes
88212,No
88213,No
88214,Yes
88215,Yes
88216,No
88217,No
88218,No
88219,No
88220,No
88221,No
88222,No
88223,No
88224,No
88225,No
88226,Yes
88227,No
88228,No
88229,Yes
88230,No
88231,No
88232,No
88233,Yes
88234,No
88235,No
88236,No
88237,No
88238,No
88239,No
88240,No
88241,No
88242,No
88243,Yes
88244,No
88245,No
88246,No
88247,No
88248,Yes
88249,No
88250,No
88251,Yes
88252,No
88253,No
88254,No
88255,No
88256,No
88257,No
88258,Yes
88259,No
88260,Yes
88261,Yes
88262,No
88263,No
88264,No
88265,No
88266,No
88267,Yes
88268,No
88269,Yes
88270,No
88271,Yes
88272,No
88273,Yes
88274,Yes
88275,No
88276,No
88277,Yes
88278,No
88279,Yes
88280,Yes
88281,No
88282,No
88283,No
88284,No
88285,No
88286,Yes
88287,No
88288,No
88289,No
88290,Yes
88291,No
88292,Yes
88293,No
88294,No
88295,No
88296,No
88297,Yes
88298,Yes
88299,No
88300,Yes
88301,No
88302,Yes
88303,Yes
88304,No
88305,No
88306,No
88307,Yes
88308,No
88309,Yes
88310,No
88311,No
88312,No
88313,No
88314,No
88315,No
88316,Yes
88317,No
88318,No
88319,No
88320,Yes
88321,Yes
88322,Yes
88323,No
88324,No
88325,No
88326,No
88327,Yes
88328,No
88329,No
88330,No
88331,No
88332,Yes
88333,Yes
88334,No
88335,No
88336,No
88337,Yes
88338,No
88339,No
88340,No
88341,No
88342,No
88343,Yes
88344,Yes
88345,Yes
88346,No
88347,No
88348,No
88349,No
88350,No
88351,No
88352,No
88353,Yes
88354,No
88355,No
88356,No
88357,No
88358,No
88359,Yes
88360,No
88361,No
88362,No
88363,No
88364,No
88365,No
88366,No
88367,No
88368,No
88369,No
88370,No
88371,Yes
88372,No
88373,No
88374,No
88375,Yes
88376,No
88377,No
88378,No
88379,No
88380,No
88381,Yes
88382,No
88383,Yes
88384,No
88385,Yes
88386,No
88387,No
88388,No
88389,Yes
88390,Yes
88391,No
88392,No
88393,No
88394,No
88395,No
88396,No
88397,Yes
88398,No
88399,Yes
88400,No
88401,No
88402,No
88403,No
88404,Yes
88405,No
88406,No
88407,No
88408,Yes
88409,No
88410,No
88411,No
88412,Yes
88413,No
88414,No
88415,No
88416,Yes
88417,No
88418,Yes
88419,No
88420,Yes
88421,No
88422,No
88423,No
88424,Yes
88425,Yes
88426,No
88427,No
88428,No
88429,No
88430,No
88431,Yes
88432,No
88433,No
88434,Yes
88435,Yes
88436,Yes
88437,No
88438,Yes
88439,No
88440,No
88441,No
88442,No
88443,No
88444,Yes
88445,No
88446,No
88447,No
88448,No
88449,No
88450,Yes
88451,Yes
88452,No
88453,No
88454,Yes
88455,No
88456,No
88457,No
88458,No
88459,Yes
88460,Yes
88461,No
88462,Yes
88463,No
88464,Yes
88465,No
88466,No
88467,No
88468,No
88469,No
88470,No
88471,No
88472,No
88473,No
88474,No
88475,No
88476,No
88477,No
88478,No
88479,Yes
88480,No
88481,No
88482,No
88483,Yes
88484,No
88485,No
88486,No
88487,No
88488,No
88489,Yes
88490,No
88491,No
88492,No
88493,Yes
88494,Yes
88495,No
88496,No
88497,Yes
88498,Yes
88499,No
88500,No
88501,No
88502,No
88503,Yes
88504,Yes
88505,No
88506,Yes
88507,No
88508,No
88509,Yes
88510,No
88511,Yes
88512,No
88513,No
88514,No
88515,Yes
88516,No
88517,No
88518,No
88519,No
88520,No
88521,Yes
88522,No
88523,Yes
88524,No
88525,No
88526,No
88527,No
88528,No
88529,No
88530,No
88531,No
88532,No
88533,Yes
88534,No
88535,No
88536,Yes
88537,Yes
88538,Yes
88539,No
88540,Yes
88541,No
88542,No
88543,Yes
88544,Yes
88545,No
88546,No
88547,No
88548,Yes
88549,No
88550,No
88551,No
88552,No
88553,No
88554,No
88555,No
88556,No
88557,No
88558,No
88559,No
88560,Yes
88561,No
88562,No
88563,No
88564,No
88565,No
88566,No
88567,No
88568,No
88569,No
88570,No
88571,Yes
88572,No
88573,No
88574,No
88575,No
88576,Yes
88577,No
88578,Yes
88579,No
88580,Yes
88581,Yes
88582,No
88583,Yes
88584,No
88585,No
88586,No
88587,No
88588,No
88589,No
88590,No
88591,No
88592,Yes
88593,No
88594,No
88595,Yes
88596,No
88597,No
88598,No
88599,No
88600,Yes
88601,Yes
88602,Yes
88603,No
88604,Yes
88605,No
88606,Yes
88607,No
88608,No
88609,No
88610,No
88611,No
88612,No
88613,Yes
88614,Yes
88615,No
88616,No
88617,No
88618,No
88619,No
88620,No
88621,No
88622,No
88623,No
88624,No
88625,No
88626,Yes
88627,No
88628,No
88629,No
88630,No
88631,No
88632,No
88633,No
88634,No
88635,No
88636,No
88637,No
88638,Yes
88639,Yes
88640,No
88641,No
88642,No
88643,No
88644,No
88645,No
88646,No
88647,No
88648,No
88649,No
88650,Yes
88651,No
88652,No
88653,No
88654,Yes
88655,Yes
88656,Yes
88657,Yes
88658,No
88659,No
88660,No
88661,No
88662,No
88663,No
88664,No
88665,Yes
88666,Yes
88667,Yes
88668,Yes
88669,No
88670,No
88671,No
88672,No
88673,No
88674,Yes
88675,No
88676,Yes
88677,Yes
88678,Yes
88679,No
88680,No
88681,No
88682,No
88683,No
88684,No
88685,Yes
88686,No
88687,No
88688,No
88689,No
88690,No
88691,Yes
88692,No
88693,Yes
88694,Yes
88695,Yes
88696,Yes
88697,No
88698,No
88699,No
88700,No
88701,Yes
88702,No
88703,Yes
88704,No
88705,Yes
88706,No
88707,Yes
88708,No
88709,No
88710,No
88711,No
88712,No
88713,Yes
88714,No
88715,Yes
88716,No
88717,No
88718,Yes
88719,No
88720,Yes
88721,No
88722,No
88723,Yes
88724,No
88725,No
88726,No
88727,No
88728,No
88729,No
88730,No
88731,No
88732,Yes
88733,No
88734,No
88735,No
88736,No
88737,No
88738,No
88739,No
88740,No
88741,No
88742,Yes
88743,No
88744,No
88745,No
88746,No
88747,Yes
88748,No
88749,No
88750,No
88751,Yes
88752,No
88753,No
88754,Yes
88755,No
88756,No
88757,No
88758,No
88759,No
88760,Yes
88761,No
88762,No
88763,No
88764,No
88765,Yes
88766,No
88767,No
88768,No
88769,No
88770,No
88771,No
88772,No
88773,No
88774,No
88775,Yes
88776,No
88777,No
88778,No
88779,No
88780,No
88781,No
88782,No
88783,Yes
88784,No
88785,No
88786,Yes
88787,Yes
88788,No
88789,Yes
88790,No
88791,No
88792,No
88793,Yes
88794,No
88795,No
88796,Yes
88797,Yes
88798,No
88799,No
88800,Yes
88801,No
88802,No
88803,No
88804,Yes
88805,No
88806,Yes
88807,Yes
88808,No
88809,No
88810,No
88811,Yes
88812,No
88813,No
88814,No
88815,No
88816,No
88817,Yes
88818,No
88819,No
88820,Yes
88821,No
88822,No
88823,No
88824,No
88825,No
88826,Yes
88827,No
88828,Yes
88829,No
88830,No
88831,No
88832,Yes
88833,No
88834,No
88835,No
88836,No
88837,No
88838,Yes
88839,Yes
88840,No
88841,No
88842,Yes
88843,No
88844,No
88845,No
88846,No
88847,Yes
88848,No
88849,No
88850,No
88851,No
88852,Yes
88853,Yes
88854,No
88855,No
88856,No
88857,No
88858,No
88859,Yes
88860,Yes
88861,No
88862,No
88863,Yes
88864,Yes
88865,No
88866,Yes
88867,No
88868,Yes
88869,Yes
88870,No
88871,No
88872,No
88873,No
88874,No
88875,No
88876,Yes
88877,Yes
88878,No
88879,No
88880,Yes
88881,No
88882,No
88883,No
88884,No
88885,No
88886,No
88887,No
88888,No
88889,No
88890,No
88891,No
88892,No
88893,Yes
88894,No
88895,No
88896,No
88897,Yes
88898,Yes
88899,No
88900,No
88901,Yes
88902,No
88903,No
88904,Yes
88905,No
88906,No
88907,No
88908,No
88909,No
88910,Yes
88911,No
88912,No
88913,No
88914,No
88915,No
88916,No
88917,Yes
88918,No
88919,No
88920,No
88921,No
88922,No
88923,No
88924,No
88925,Yes
88926,No
88927,No
88928,No
88929,No
88930,No
88931,No
88932,No
88933,No
88934,Yes
88935,No
88936,Yes
88937,No
88938,No
88939,No
88940,No
88941,Yes
88942,No
88943,No
88944,Yes
88945,Yes
88946,No
88947,No
88948,No
88949,No
88950,No
88951,No
88952,No
88953,No
88954,No
88955,No
88956,No
88957,No
88958,Yes
88959,No
88960,No
88961,No
88962,Yes
88963,No
88964,No
88965,No
88966,No
88967,No
88968,No
88969,No
88970,Yes
88971,No
88972,No
88973,No
88974,No
88975,No
88976,No
88977,Yes
88978,No
88979,No
88980,No
88981,No
88982,No
88983,Yes
88984,Yes
88985,No
88986,No
88987,Yes
88988,No
88989,No
88990,No
88991,No
88992,Yes
88993,No
88994,No
88995,Yes
88996,No
88997,No
88998,No
88999,No
89000,No
89001,No
89002,No
89003,Yes
89004,No
89005,No
89006,No
89007,No
89008,No
89009,No
89010,No
89011,No
89012,No
89013,No
89014,No
89015,No
89016,Yes
89017,Yes
89018,No
89019,No
89020,No
89021,No
89022,Yes
89023,No
89024,Yes
89025,No
89026,No
89027,No
89028,No
89029,No
89030,No
89031,No
89032,No
89033,No
89034,No
89035,No
89036,Yes
89037,No
89038,No
89039,No
89040,No
89041,No
89042,No
89043,Yes
89044,Yes
89045,No
89046,No
89047,No
89048,No
89049,No
89050,No
89051,No
89052,No
89053,No
89054,No
89055,No
89056,No
89057,No
89058,No
89059,No
89060,No
89061,No
89062,No
89063,No
89064,Yes
89065,Yes
89066,No
89067,Yes
89068,Yes
89069,No
89070,No
89071,Yes
89072,Yes
89073,No
89074,No
89075,Yes
89076,No
89077,Yes
89078,No
89079,No
89080,No
89081,Yes
89082,No
89083,No
89084,No
89085,No
89086,No
89087,No
89088,No
89089,Yes
89090,No
89091,No
89092,No
89093,Yes
89094,Yes
89095,No
89096,No
89097,No
89098,No
89099,No
89100,No
89101,No
89102,No
89103,No
89104,Yes
89105,Yes
89106,No
89107,No
89108,No
89109,No
89110,No
89111,No
89112,No
89113,Yes
89114,Yes
89115,Yes
89116,No
89117,No
89118,No
89119,Yes
89120,No
89121,No
89122,No
89123,No
89124,No
89125,No
89126,No
89127,No
89128,No
89129,No
89130,No
89131,No
89132,No
89133,No
89134,Yes
89135,No
89136,No
89137,No
89138,No
89139,No
89140,No
89141,Yes
89142,No
89143,Yes
89144,No
89145,Yes
89146,No
89147,Yes
89148,No
89149,No
89150,Yes
89151,No
89152,No
89153,No
89154,No
89155,No
89156,No
89157,Yes
89158,No
89159,No
89160,No
89161,No
89162,No
89163,No
89164,No
89165,No
89166,No
89167,No
89168,No
89169,No
89170,No
89171,No
89172,No
89173,Yes
89174,No
89175,Yes
89176,No
89177,Yes
89178,No
89179,No
89180,No
89181,Yes
89182,Yes
89183,Yes
89184,No
89185,No
89186,Yes
89187,No
89188,No
89189,No
89190,No
89191,No
89192,No
89193,No
89194,No
89195,No
89196,No
89197,No
89198,Yes
89199,No
89200,No
89201,Yes
89202,Yes
89203,No
89204,No
89205,Yes
89206,Yes
89207,Yes
89208,Yes
89209,Yes
89210,No
89211,No
89212,No
89213,No
89214,Yes
89215,No
89216,No
89217,Yes
89218,No
89219,No
89220,No
89221,No
89222,Yes
89223,No
89224,No
89225,Yes
89226,No
89227,Yes
89228,No
89229,No
89230,No
89231,No
89232,No
89233,No
89234,Yes
89235,No
89236,Yes
89237,No
89238,Yes
89239,No
89240,No
89241,No
89242,Yes
89243,No
89244,No
89245,No
89246,No
89247,No
89248,No
89249,Yes
89250,No
89251,No
89252,Yes
89253,No
89254,Yes
89255,No
89256,No
89257,No
89258,No
89259,Yes
89260,No
89261,No
89262,Yes
89263,No
89264,Yes
89265,Yes
89266,Yes
89267,No
89268,No
89269,No
89270,Yes
89271,No
89272,No
89273,No
89274,No
89275,No
89276,No
89277,No
89278,Yes
89279,No
89280,No
89281,No
89282,No
89283,No
89284,No
89285,Yes
89286,Yes
89287,No
89288,No
89289,No
89290,Yes
89291,No
89292,Yes
89293,No
89294,Yes
89295,No
89296,No
89297,No
89298,No
89299,Yes
89300,No
89301,Yes
89302,No
89303,No
89304,No
89305,Yes
89306,Yes
89307,No
89308,No
89309,No
89310,Yes
89311,Yes
89312,No
89313,No
89314,No
89315,No
89316,No
89317,No
89318,No
89319,Yes
89320,Yes
89321,Yes
89322,No
89323,No
89324,No
89325,No
89326,No
89327,No
89328,No
89329,Yes
89330,No
89331,No
89332,No
89333,Yes
89334,No
89335,Yes
89336,No
89337,No
89338,No
89339,No
89340,Yes
89341,No
89342,No
89343,No
89344,Yes
89345,No
89346,No
89347,No
89348,Yes
89349,No
89350,No
89351,Yes
89352,Yes
89353,No
89354,No
89355,No
89356,Yes
89357,No
89358,No
89359,No
89360,No
89361,No
89362,No
89363,Yes
89364,No
89365,Yes
89366,No
89367,No
89368,No
89369,No
89370,No
89371,Yes
89372,No
89373,No
89374,Yes
89375,Yes
89376,No
89377,No
89378,No
89379,No
89380,No
89381,No
89382,Yes
89383,Yes
89384,No
89385,No
89386,Yes
89387,No
89388,No
89389,No
89390,No
89391,No
89392,No
89393,No
89394,No
89395,No
89396,No
89397,No
89398,No
89399,No
89400,Yes
89401,No
89402,No
89403,No
89404,Yes
89405,No
89406,Yes
89407,No
89408,Yes
89409,No
89410,Yes
89411,Yes
89412,No
89413,No
89414,No
89415,No
89416,No
89417,No
89418,No
89419,Yes
89420,No
89421,No
89422,No
89423,Yes
89424,No
89425,Yes
89426,No
89427,No
89428,No
89429,Yes
89430,No
89431,Yes
89432,No
89433,No
89434,No
89435,No
89436,No
89437,Yes
89438,No
89439,No
89440,Yes
89441,No
89442,No
89443,No
89444,No
89445,No
89446,No
89447,No
89448,No
89449,Yes
89450,No
89451,No
89452,No
89453,No
89454,Yes
89455,No
89456,No
89457,No
89458,Yes
89459,No
89460,No
89461,No
89462,No
89463,Yes
89464,No
89465,Yes
89466,Yes
89467,No
89468,No
89469,No
89470,No
89471,No
89472,No
89473,No
89474,No
89475,Yes
89476,No
89477,Yes
89478,No
89479,No
89480,No
89481,No
89482,No
89483,No
89484,No
89485,No
89486,No
89487,Yes
89488,No
89489,No
89490,No
89491,Yes
89492,No
89493,No
89494,No
89495,No
89496,No
89497,Yes
89498,No
89499,No
89500,No
89501,No
89502,No
89503,No
89504,No
89505,No
89506,Yes
89507,No
89508,No
89509,No
89510,Yes
89511,No
89512,No
89513,No
89514,No
89515,No
89516,No
89517,No
89518,No
89519,No
89520,No
89521,Yes
89522,No
89523,No
89524,No
89525,No
89526,No
89527,Yes
89528,No
89529,No
89530,No
89531,No
89532,Yes
89533,Yes
89534,No
89535,No
89536,No
89537,No
89538,No
89539,No
89540,No
89541,No
89542,No
89543,No
89544,Yes
89545,Yes
89546,No
89547,No
89548,No
89549,Yes
89550,No
89551,No
89552,No
89553,No
89554,No
89555,No
89556,No
89557,No
89558,Yes
89559,Yes
89560,Yes
89561,Yes
89562,No
89563,No
89564,Yes
89565,No
89566,No
89567,No
89568,No
89569,Yes
89570,Yes
89571,No
89572,Yes
89573,No
89574,No
89575,No
89576,No
89577,Yes
89578,Yes
89579,No
89580,Yes
89581,Yes
89582,No
89583,Yes
89584,No
89585,Yes
89586,Yes
89587,No
89588,No
89589,No
89590,No
89591,No
89592,No
89593,Yes
89594,No
89595,Yes
89596,No
89597,No
89598,No
89599,No
89600,Yes
89601,No
89602,No
89603,No
89604,No
89605,Yes
89606,Yes
89607,No
89608,Yes
89609,No
89610,Yes
89611,Yes
89612,No
89613,No
89614,No
89615,No
89616,No
89617,No
89618,No
89619,No
89620,No
89621,No
89622,No
89623,Yes
89624,No
89625,No
89626,No
89627,Yes
89628,No
89629,No
89630,No
89631,No
89632,No
89633,No
89634,Yes
89635,No
89636,No
89637,No
89638,No
89639,Yes
89640,Yes
89641,Yes
89642,No
89643,No
89644,No
89645,No
89646,No
89647,No
89648,No
89649,Yes
89650,Yes
89651,Yes
89652,No
89653,No
89654,No
89655,No
89656,Yes
89657,Yes
89658,No
89659,Yes
89660,Yes
89661,No
89662,No
89663,No
89664,Yes
89665,Yes
89666,No
89667,Yes
89668,No
89669,No
89670,No
89671,No
89672,No
89673,No
89674,Yes
89675,No
89676,No
89677,No
89678,No
89679,No
89680,No
89681,Yes
89682,No
89683,Yes
89684,No
89685,No
89686,No
89687,No
89688,No
89689,No
89690,No
89691,Yes
89692,Yes
89693,Yes
89694,No
89695,No
89696,No
89697,No
89698,No
89699,No
89700,No
89701,Yes
89702,No
89703,Yes
89704,No
89705,No
89706,No
89707,No
89708,No
89709,No
89710,No
89711,Yes
89712,No
89713,No
89714,No
89715,Yes
89716,No
89717,No
89718,No
89719,No
89720,No
89721,No
89722,No
89723,Yes
89724,No
89725,No
89726,No
89727,Yes
89728,Yes
89729,Yes
89730,Yes
89731,Yes
89732,No
89733,No
89734,No
89735,No
89736,No
89737,No
89738,No
89739,No
89740,Yes
89741,No
89742,No
89743,No
89744,No
89745,No
89746,No
89747,Yes
89748,No
89749,No
89750,No
89751,Yes
89752,No
89753,No
89754,No
89755,Yes
89756,No
89757,No
89758,Yes
89759,Yes
89760,Yes
89761,No
89762,No
89763,No
89764,No
89765,No
89766,No
89767,No
89768,Yes
89769,No
89770,No
89771,No
89772,No
89773,No
89774,No
89775,No
89776,No
89777,No
89778,No
89779,No
89780,No
89781,No
89782,No
89783,No
89784,No
89785,No
89786,No
89787,No
89788,No
89789,No
89790,No
89791,No
89792,No
89793,No
89794,No
89795,Yes
89796,No
89797,No
89798,Yes
89799,No
89800,No
89801,No
89802,No
89803,No
89804,No
89805,No
89806,No
89807,No
89808,No
89809,No
89810,Yes
89811,No
89812,No
89813,No
89814,Yes
89815,No
89816,Yes
89817,Yes
89818,Yes
89819,No
89820,No
89821,No
89822,No
89823,No
89824,Yes
89825,No
89826,No
89827,No
89828,No
89829,Yes
89830,No
89831,No
89832,Yes
89833,No
89834,Yes
89835,No
89836,No
89837,No
89838,No
89839,No
89840,No
89841,No
89842,No
89843,No
89844,No
89845,No
89846,No
89847,No
89848,Yes
89849,Yes
89850,No
89851,No
89852,Yes
89853,No
89854,Yes
89855,No
89856,Yes
89857,No
89858,Yes
89859,No
89860,Yes
89861,No
89862,No
89863,No
89864,No
89865,No
89866,Yes
89867,No
89868,No
89869,Yes
89870,No
89871,No
89872,Yes
89873,Yes
89874,Yes
89875,No
89876,No
89877,Yes
89878,No
89879,No
89880,No
89881,No
89882,No
89883,No
89884,Yes
89885,Yes
89886,No
89887,No
89888,No
89889,No
89890,No
89891,No
89892,No
89893,No
89894,No
89895,Yes
89896,No
89897,Yes
89898,No
89899,No
89900,No
89901,No
89902,No
89903,No
89904,No
89905,No
89906,Yes
89907,No
89908,No
89909,No
89910,No
89911,No
89912,No
89913,Yes
89914,No
89915,Yes
89916,Yes
89917,Yes
89918,Yes
89919,No
89920,No
89921,Yes
89922,No
89923,Yes
89924,Yes
89925,Yes
89926,Yes
89927,No
89928,No
89929,No
89930,No
89931,No
89932,Yes
89933,No
89934,Yes
89935,Yes
89936,No
89937,No
89938,No
89939,No
89940,No
89941,No
89942,Yes
89943,Yes
89944,No
89945,Yes
89946,No
89947,No
89948,No
89949,Yes
89950,No
89951,Yes
89952,Yes
89953,No
89954,Yes
89955,No
89956,No
89957,No
89958,No
89959,No
89960,Yes
89961,No
89962,No
89963,No
89964,No
89965,No
89966,No
89967,Yes
89968,Yes
89969,No
89970,No
89971,No
89972,No
89973,Yes
89974,Yes
89975,No
89976,No
89977,No
89978,No
89979,Yes
89980,No
89981,No
89982,Yes
89983,Yes
89984,No
89985,No
89986,No
89987,No
89988,No
89989,No
89990,Yes
89991,Yes
89992,No
89993,No
89994,No
89995,No
89996,Yes
89997,No
89998,No
89999,No
90000,No
90001,No
90002,Yes
90003,Yes
90004,No
90005,No
90006,No
90007,Yes
90008,No
90009,No
90010,Yes
90011,Yes
90012,No
90013,Yes
90014,Yes
90015,No
90016,No
90017,Yes
90018,No
90019,No
90020,No
90021,No
90022,Yes
90023,No
90024,No
90025,No
90026,No
90027,No
90028,No
90029,No
90030,No
90031,No
90032,No
90033,No
90034,No
90035,No
90036,Yes
90037,No
90038,No
90039,No
90040,Yes
90041,Yes
90042,Yes
90043,Yes
90044,No
90045,Yes
90046,No
90047,No
90048,No
90049,No
90050,No
90051,No
90052,No
90053,No
90054,No
90055,Yes
90056,Yes
90057,No
90058,Yes
90059,Yes
90060,No
90061,No
90062,No
90063,Yes
90064,Yes
90065,No
90066,Yes
90067,No
90068,Yes
90069,Yes
90070,No
90071,Yes
90072,No
90073,No
90074,No
90075,No
90076,Yes
90077,No
90078,Yes
90079,Yes
90080,No
90081,No
90082,No
90083,Yes
90084,No
90085,Yes
90086,No
90087,Yes
90088,No
90089,No
90090,No
90091,Yes
90092,No
90093,No
90094,No
90095,No
90096,No
90097,No
90098,No
90099,No
90100,No
90101,No
90102,No
90103,Yes
90104,No
90105,No
90106,No
90107,No
90108,No
90109,No
90110,No
90111,No
90112,No
90113,No
90114,Yes
90115,No
90116,No
90117,No
90118,Yes
90119,No
90120,No
90121,Yes
90122,No
90123,No
90124,No
90125,No
90126,No
90127,No
90128,No
90129,Yes
90130,No
90131,Yes
90132,No
90133,No
90134,No
90135,No
90136,No
90137,No
90138,Yes
90139,Yes
90140,Yes
90141,No
90142,No
90143,Yes
90144,Yes
90145,No
90146,No
90147,No
90148,No
90149,No
90150,No
90151,Yes
90152,No
90153,Yes
90154,No
90155,No
90156,No
90157,No
90158,No
90159,No
90160,No
90161,No
90162,Yes
90163,Yes
90164,No
90165,Yes
90166,Yes
90167,Yes
90168,No
90169,No
90170,No
90171,Yes
90172,No
90173,No
90174,No
90175,Yes
90176,Yes
90177,No
90178,Yes
90179,No
90180,No
90181,Yes
90182,No
90183,No
90184,No
90185,No
90186,No
90187,No
90188,No
90189,No
90190,No
90191,No
90192,Yes
90193,No
90194,No
90195,Yes
90196,No
90197,Yes
90198,No
90199,No
90200,No
90201,No
90202,No
90203,No
90204,No
90205,No
90206,No
90207,No
90208,Yes
90209,No
90210,No
90211,No
90212,Yes
90213,No
90214,No
90215,Yes
90216,Yes
90217,No
90218,No
90219,No
90220,Yes
90221,Yes
90222,No
90223,No
90224,No
90225,Yes
90226,No
90227,No
90228,Yes
90229,No
90230,No
90231,Yes
90232,Yes
90233,No
90234,No
90235,No
90236,No
90237,No
90238,No
90239,Yes
90240,No
90241,No
90242,Yes
90243,No
90244,No
90245,No
90246,Yes
90247,Yes
90248,No
90249,No
90250,No
90251,No
90252,Yes
90253,Yes
90254,Yes
90255,Yes
90256,No
90257,No
90258,No
90259,Yes
90260,No
90261,Yes
90262,No
90263,No
90264,No
90265,Yes
90266,Yes
90267,No
90268,Yes
90269,Yes
90270,No
90271,No
90272,No
90273,No
90274,No
90275,No
90276,No
90277,Yes
90278,Yes
90279,Yes
90280,Yes
90281,Yes
90282,No
90283,No
90284,No
90285,Yes
90286,Yes
90287,No
90288,No
90289,No
90290,No
90291,No
90292,No
90293,No
90294,No
90295,Yes
90296,Yes
90297,No
90298,Yes
90299,No
90300,No
90301,Yes
90302,Yes
90303,No
90304,No
90305,No
90306,Yes
90307,Yes
90308,Yes
90309,No
90310,No
90311,No
90312,Yes
90313,Yes
90314,Yes
90315,Yes
90316,No
90317,Yes
90318,Yes
90319,No
90320,No
90321,Yes
90322,No
90323,No
90324,No
90325,No
90326,Yes
90327,No
90328,No
90329,No
90330,No
90331,No
90332,Yes
90333,No
90334,No
90335,Yes
90336,No
90337,No
90338,No
90339,Yes
90340,No
90341,No
90342,No
90343,No
90344,No
90345,Yes
90346,No
90347,No
90348,No
90349,No
90350,Yes
90351,No
90352,No
90353,Yes
90354,Yes
90355,No
90356,No
90357,No
90358,No
90359,Yes
90360,No
90361,No
90362,No
90363,No
90364,No
90365,Yes
90366,No
90367,No
90368,Yes
90369,Yes
90370,No
90371,No
90372,No
90373,Yes
90374,No
90375,Yes
90376,No
90377,No
90378,No
90379,No
90380,No
90381,Yes
90382,No
90383,No
90384,No
90385,No
90386,No
90387,No
90388,No
90389,Yes
90390,No
90391,No
90392,No
90393,No
90394,No
90395,No
90396,Yes
90397,No
90398,Yes
90399,No
90400,No
90401,No
90402,No
90403,No
90404,Yes
90405,Yes
90406,No
90407,Yes
90408,No
90409,No
90410,No
90411,Yes
90412,No
90413,No
90414,No
90415,No
90416,No
90417,No
90418,Yes
90419,Yes
90420,Yes
90421,No
90422,No
90423,No
90424,No
90425,Yes
90426,No
90427,No
90428,No
90429,No
90430,No
90431,No
90432,No
90433,No
90434,No
90435,Yes
90436,No
90437,No
90438,No
90439,Yes
90440,No
90441,No
90442,No
90443,No
90444,No
90445,Yes
90446,No
90447,No
90448,No
90449,No
90450,No
90451,No
90452,No
90453,No
90454,Yes
90455,No
90456,No
90457,No
90458,Yes
90459,No
90460,No
90461,No
90462,No
90463,No
90464,Yes
90465,No
90466,No
90467,Yes
90468,No
90469,No
90470,No
90471,No
90472,No
90473,No
90474,No
90475,No
90476,No
90477,No
90478,No
90479,Yes
90480,No
90481,Yes
90482,No
90483,No
90484,No
90485,No
90486,No
90487,No
90488,No
90489,No
90490,No
90491,No
90492,No
90493,No
90494,No
90495,No
90496,No
90497,Yes
90498,No
90499,No
90500,No
90501,No
90502,No
90503,No
90504,No
90505,Yes
90506,Yes
90507,No
90508,Yes
90509,No
90510,Yes
90511,No
90512,No
90513,Yes
90514,No
90515,No
90516,No
90517,No
90518,No
90519,No
90520,No
90521,Yes
90522,No
90523,No
90524,No
90525,No
90526,No
90527,Yes
90528,Yes
90529,No
90530,No
90531,No
90532,No
90533,No
90534,No
90535,No
90536,No
90537,No
90538,No
90539,No
90540,No
90541,No
90542,No
90543,Yes
90544,Yes
90545,Yes
90546,No
90547,No
90548,No
90549,No
90550,No
90551,No
90552,Yes
90553,No
90554,No
90555,No
90556,No
90557,Yes
90558,Yes
90559,No
90560,No
90561,No
90562,No
90563,No
90564,Yes
90565,Yes
90566,No
90567,No
90568,Yes
90569,Yes
90570,No
90571,No
90572,Yes
90573,No
90574,Yes
90575,No
90576,No
90577,Yes
90578,No
90579,No
90580,No
90581,Yes
90582,No
90583,No
90584,Yes
90585,No
90586,No
90587,No
90588,No
90589,Yes
90590,No
90591,No
90592,No
90593,No
90594,Yes
90595,No
90596,No
90597,Yes
90598,No
90599,Yes
90600,Yes
90601,No
90602,No
90603,No
90604,Yes
90605,Yes
90606,No
90607,No
90608,No
90609,No
90610,No
90611,Yes
90612,Yes
90613,No
90614,Yes
90615,No
90616,No
90617,Yes
90618,No
90619,No
90620,No
90621,No
90622,No
90623,Yes
90624,No
90625,No
90626,No
90627,No
90628,No
90629,Yes
90630,No
90631,No
90632,No
90633,No
90634,No
90635,No
90636,Yes
90637,No
90638,No
90639,No
90640,No
90641,No
90642,Yes
90643,Yes
90644,No
90645,No
90646,Yes
90647,No
90648,No
90649,No
90650,Yes
90651,Yes
90652,No
90653,No
90654,No
90655,No
90656,No
90657,No
90658,No
90659,Yes
90660,No
90661,No
90662,Yes
90663,No
90664,No
90665,No
90666,No
90667,No
90668,No
90669,No
90670,No
90671,No
90672,No
90673,No
90674,No
90675,No
90676,Yes
90677,No
90678,No
90679,No
90680,No
90681,Yes
90682,No
90683,No
90684,Yes
90685,No
90686,No
90687,No
90688,No
90689,Yes
90690,No
90691,No
90692,No
90693,Yes
90694,Yes
90695,Yes
90696,No
90697,No
90698,Yes
90699,No
90700,No
90701,No
90702,Yes
90703,Yes
90704,No
90705,No
90706,No
90707,No
90708,No
90709,Yes
90710,No
90711,No
90712,No
90713,No
90714,No
90715,No
90716,No
90717,Yes
90718,No
90719,No
90720,No
90721,No
90722,No
90723,No
90724,No
90725,No
90726,Yes
90727,No
90728,Yes
90729,Yes
90730,No
90731,No
90732,No
90733,Yes
90734,Yes
90735,No
90736,No
90737,No
90738,No
90739,Yes
90740,No
90741,Yes
90742,Yes
90743,Yes
90744,No
90745,Yes
90746,No
90747,No
90748,Yes
90749,No
90750,No
90751,Yes
90752,No
90753,Yes
90754,Yes
90755,No
90756,No
90757,No
90758,No
90759,No
90760,No
90761,No
90762,Yes
90763,No
90764,No
90765,No
90766,No
90767,No
90768,No
90769,Yes
90770,No
90771,No
90772,No
90773,Yes
90774,Yes
90775,No
90776,No
90777,No
90778,No
90779,No
90780,No
90781,No
90782,Yes
90783,No
90784,Yes
90785,No
90786,No
90787,Yes
90788,Yes
90789,Yes
90790,No
90791,No
90792,No
90793,Yes
90794,No
90795,No
90796,No
90797,Yes
90798,No
90799,Yes
90800,Yes
90801,No
90802,No
90803,No
90804,Yes
90805,No
90806,No
90807,No
90808,No
90809,No
90810,No
90811,No
90812,Yes
90813,No
90814,Yes
90815,No
90816,No
90817,No
90818,No
90819,No
90820,Yes
90821,No
90822,No
90823,No
90824,No
90825,Yes
90826,Yes
90827,Yes
90828,No
90829,No
90830,No
90831,Yes
90832,Yes
90833,Yes
90834,Yes
90835,No
90836,No
90837,No
90838,No
90839,No
90840,No
90841,No
90842,No
90843,No
90844,No
90845,Yes
90846,Yes
90847,Yes
90848,Yes
90849,Yes
90850,No
90851,No
90852,No
90853,No
90854,No
90855,Yes
90856,No
90857,No
90858,No
90859,No
90860,No
90861,No
90862,Yes
90863,No
90864,No
90865,No
90866,No
90867,No
90868,No
90869,No
90870,No
90871,No
90872,No
90873,No
90874,No
90875,No
90876,No
90877,Yes
90878,No
90879,Yes
90880,No
90881,Yes
90882,No
90883,Yes
90884,No
90885,No
90886,Yes
90887,No
90888,No
90889,No
90890,Yes
90891,No
90892,Yes
90893,Yes
90894,No
90895,No
90896,Yes
90897,Yes
90898,No
90899,No
90900,Yes
90901,No
90902,No
90903,No
90904,No
90905,Yes
90906,No
90907,Yes
90908,No
90909,No
90910,No
90911,No
90912,No
90913,No
90914,No
90915,No
90916,Yes
90917,No
90918,Yes
90919,No
90920,No
90921,No
90922,No
90923,Yes
90924,No
90925,Yes
90926,No
90927,Yes
90928,No
90929,Yes
90930,No
90931,No
90932,No
90933,No
90934,No
90935,Yes
90936,Yes
90937,Yes
90938,No
90939,No
90940,No
90941,Yes
90942,No
90943,Yes
90944,No
90945,No
90946,No
90947,Yes
90948,No
90949,No
90950,No
90951,No
90952,No
90953,Yes
90954,No
90955,No
90956,No
90957,No
90958,No
90959,Yes
90960,No
90961,No
90962,No
90963,No
90964,Yes
90965,No
90966,No
90967,No
90968,No
90969,No
90970,No
90971,No
90972,Yes
90973,Yes
90974,No
90975,No
90976,Yes
90977,Yes
90978,No
90979,No
90980,Yes
90981,Yes
90982,Yes
90983,Yes
90984,No
90985,No
90986,No
90987,Yes
90988,No
90989,No
90990,No
90991,No
90992,No
90993,Yes
90994,No
90995,No
90996,No
90997,No
90998,No
90999,No
91000,Yes
91001,No
91002,Yes
91003,No
91004,Yes
91005,No
91006,No
91007,No
91008,No
91009,Yes
91010,No
91011,Yes
91012,No
91013,Yes
91014,Yes
91015,No
91016,No
91017,Yes
91018,No
91019,No
91020,No
91021,No
91022,No
91023,No
91024,No
91025,No
91026,Yes
91027,No
91028,No
91029,No
91030,No
91031,No
91032,No
91033,No
91034,No
91035,No
91036,Yes
91037,No
91038,No
91039,Yes
91040,No
91041,Yes
91042,No
91043,No
91044,No
91045,No
91046,No
91047,No
91048,Yes
91049,No
91050,No
91051,Yes
91052,No
91053,Yes
91054,Yes
91055,Yes
91056,No
91057,No
91058,No
91059,No
91060,Yes
91061,No
91062,No
91063,No
91064,No
91065,No
91066,No
91067,No
91068,No
91069,Yes
91070,No
91071,Yes
91072,No
91073,No
91074,Yes
91075,No
91076,No
91077,No
91078,No
91079,No
91080,No
91081,No
91082,No
91083,No
91084,No
91085,No
91086,No
91087,No
91088,No
91089,No
91090,No
91091,No
91092,No
91093,No
91094,No
91095,No
91096,Yes
91097,No
91098,Yes
91099,No
91100,Yes
91101,No
91102,No
91103,No
91104,No
91105,Yes
91106,No
91107,Yes
91108,No
91109,Yes
91110,No
91111,No
91112,No
91113,No
91114,No
91115,No
91116,No
91117,No
91118,No
91119,No
91120,No
91121,Yes
91122,No
91123,No
91124,No
91125,No
91126,No
91127,No
91128,Yes
91129,Yes
91130,No
91131,No
91132,No
91133,No
91134,No
91135,No
91136,Yes
91137,No
91138,No
91139,No
91140,Yes
91141,Yes
91142,No
91143,No
91144,Yes
91145,Yes
91146,No
91147,Yes
91148,No
91149,Yes
91150,No
91151,No
91152,Yes
91153,No
91154,No
91155,No
91156,Yes
91157,No
91158,Yes
91159,No
91160,Yes
91161,No
91162,No
91163,No
91164,No
91165,No
91166,No
91167,No
91168,Yes
91169,No
91170,No
91171,No
91172,Yes
91173,No
91174,No
91175,No
91176,Yes
91177,Yes
91178,No
91179,Yes
91180,Yes
91181,No
91182,No
91183,No
91184,No
91185,No
91186,Yes
91187,No
91188,No
91189,No
91190,No
91191,Yes
91192,No
91193,No
91194,Yes
91195,No
91196,No
91197,Yes
91198,No
91199,No
91200,No
91201,No
91202,Yes
91203,No
91204,No
91205,No
91206,Yes
91207,No
91208,No
91209,Yes
91210,No
91211,No
91212,Yes
91213,No
91214,No
91215,No
91216,No
91217,No
91218,Yes
91219,No
91220,No
91221,No
91222,Yes
91223,Yes
91224,No
91225,Yes
91226,No
91227,No
91228,No
91229,No
91230,No
91231,No
91232,No
91233,Yes
91234,No
91235,No
91236,No
91237,Yes
91238,No
91239,Yes
91240,No
91241,No
91242,Yes
91243,No
91244,No
91245,No
91246,Yes
91247,No
91248,No
91249,Yes
91250,Yes
91251,No
91252,No
91253,No
91254,Yes
91255,No
91256,No
91257,No
91258,No
91259,No
91260,No
91261,No
91262,No
91263,No
91264,No
91265,No
91266,No
91267,No
91268,No
91269,No
91270,Yes
91271,Yes
91272,No
91273,No
91274,Yes
91275,Yes
91276,No
91277,Yes
91278,No
91279,No
91280,No
91281,No
91282,No
91283,No
91284,No
91285,No
91286,No
91287,No
91288,No
91289,No
91290,No
91291,No
91292,No
91293,Yes
91294,Yes
91295,No
91296,Yes
91297,No
91298,No
91299,Yes
91300,No
91301,Yes
91302,No
91303,No
91304,Yes
91305,No
91306,No
91307,Yes
91308,No
91309,No
91310,No
91311,No
91312,No
91313,Yes
91314,No
91315,No
91316,No
91317,Yes
91318,No
91319,Yes
91320,No
91321,Yes
91322,Yes
91323,Yes
91324,No
91325,Yes
91326,No
91327,Yes
91328,Yes
91329,No
91330,No
91331,Yes
91332,Yes
91333,Yes
91334,No
91335,No
91336,No
91337,No
91338,No
91339,No
91340,Yes
91341,No
91342,Yes
91343,No
91344,No
91345,No
91346,No
91347,No
91348,No
91349,No
91350,Yes
91351,No
91352,No
91353,No
91354,No
91355,No
91356,Yes
91357,No
91358,No
91359,No
91360,Yes
91361,Yes
91362,No
91363,No
91364,Yes
91365,No
91366,No
91367,Yes
91368,Yes
91369,No
91370,Yes
91371,Yes
91372,No
91373,No
91374,No
91375,Yes
91376,No
91377,No
91378,No
91379,Yes
91380,Yes
91381,Yes
91382,No
91383,No
91384,Yes
91385,No
91386,Yes
91387,No
91388,No
91389,No
91390,No
91391,No
91392,Yes
91393,No
91394,No
91395,No
91396,No
91397,No
91398,No
91399,No
91400,Yes
91401,Yes
91402,Yes
91403,No
91404,No
91405,No
91406,Yes
91407,No
91408,Yes
91409,No
91410,No
91411,No
91412,No
91413,No
91414,No
91415,No
91416,Yes
91417,No
91418,No
91419,No
91420,No
91421,Yes
91422,No
91423,No
91424,No
91425,No
91426,No
91427,Yes
91428,No
91429,No
91430,No
91431,No
91432,No
91433,Yes
91434,No
91435,Yes
91436,No
91437,No
91438,Yes
91439,No
91440,Yes
91441,No
91442,Yes
91443,No
91444,No
91445,No
91446,Yes
91447,No
91448,No
91449,No
91450,No
91451,Yes
91452,Yes
91453,No
91454,No
91455,No
91456,Yes
91457,No
91458,No
91459,No
91460,Yes
91461,No
91462,No
91463,No
91464,No
91465,No
91466,No
91467,Yes
91468,No
91469,No
91470,Yes
91471,No
91472,No
91473,No
91474,Yes
91475,No
91476,Yes
91477,Yes
91478,No
91479,No
91480,No
91481,Yes
91482,Yes
91483,Yes
91484,No
91485,No
91486,Yes
91487,No
91488,Yes
91489,No
91490,No
91491,No
91492,No
91493,No
91494,Yes
91495,No
91496,Yes
91497,Yes
91498,No
91499,No
91500,No
91501,No
91502,Yes
91503,No
91504,No
91505,No
91506,Yes
91507,No
91508,No
91509,Yes
91510,Yes
91511,No
91512,Yes
91513,No
91514,Yes
91515,No
91516,No
91517,No
91518,No
91519,Yes
91520,No
91521,No
91522,No
91523,No
91524,No
91525,No
91526,No
91527,No
91528,No
91529,No
91530,No
91531,No
91532,No
91533,No
91534,Yes
91535,No
91536,No
91537,No
91538,No
91539,Yes
91540,No
91541,Yes
91542,Yes
91543,Yes
91544,No
91545,No
91546,Yes
91547,Yes
91548,Yes
91549,No
91550,Yes
91551,No
91552,Yes
91553,No
91554,No
91555,No
91556,No
91557,No
91558,No
91559,No
91560,Yes
91561,No
91562,No
91563,Yes
91564,No
91565,Yes
91566,No
91567,Yes
91568,No
91569,No
91570,No
91571,No
91572,No
91573,No
91574,No
91575,No
91576,Yes
91577,No
91578,No
91579,No
91580,No
91581,No
91582,No
91583,No
91584,Yes
91585,Yes
91586,No
91587,No
91588,Yes
91589,No
91590,Yes
91591,Yes
91592,No
91593,No
91594,No
91595,No
91596,Yes
91597,Yes
91598,Yes
91599,Yes
91600,No
91601,Yes
91602,Yes
91603,No
91604,No
91605,No
91606,No
91607,Yes
91608,No
91609,No
91610,Yes
91611,No
91612,Yes
91613,Yes
91614,Yes
91615,No
91616,No
91617,No
91618,No
91619,Yes
91620,Yes
91621,Yes
91622,Yes
91623,No
91624,No
91625,No
91626,No
91627,No
91628,No
91629,No
91630,Yes
91631,Yes
91632,No
91633,No
91634,No
91635,No
91636,No
91637,Yes
91638,No
91639,Yes
91640,Yes
91641,Yes
91642,No
91643,No
91644,No
91645,Yes
91646,No
91647,Yes
91648,Yes
91649,No
91650,Yes
91651,No
91652,No
91653,No
91654,No
91655,No
91656,Yes
91657,No
91658,No
91659,No
91660,No
91661,No
91662,No
91663,Yes
91664,No
91665,Yes
91666,Yes
91667,Yes
91668,No
91669,No
91670,No
91671,No
91672,Yes
91673,No
91674,No
91675,No
91676,No
91677,Yes
91678,Yes
91679,No
91680,No
91681,No
91682,No
91683,No
91684,No
91685,No
91686,Yes
91687,No
91688,No
91689,No
91690,Yes
91691,No
91692,No
91693,No
91694,Yes
91695,Yes
91696,Yes
91697,No
91698,No
91699,Yes
91700,No
91701,No
91702,No
91703,Yes
91704,No
91705,No
91706,No
91707,No
91708,No
91709,Yes
91710,No
91711,No
91712,No
91713,No
91714,No
91715,No
91716,No
91717,No
91718,Yes
91719,No
91720,No
91721,No
91722,No
91723,Yes
91724,Yes
91725,No
91726,No
91727,No
91728,Yes
91729,No
91730,No
91731,No
91732,Yes
91733,No
91734,Yes
91735,No
91736,Yes
91737,No
91738,Yes
91739,No
91740,Yes
91741,No
91742,Yes
91743,No
91744,No
91745,No
91746,No
91747,No
91748,No
91749,No
91750,No
91751,No
91752,No
91753,No
91754,Yes
91755,No
91756,Yes
91757,No
91758,Yes
91759,Yes
91760,No
91761,No
91762,Yes
91763,No
91764,Yes
91765,No
91766,No
91767,Yes
91768,No
91769,No
91770,No
91771,No
91772,Yes
91773,No
91774,No
91775,No
91776,No
91777,No
91778,Yes
91779,No
91780,No
91781,Yes
91782,No
91783,No
91784,Yes
91785,No
91786,No
91787,No
91788,No
91789,No
91790,Yes
91791,Yes
91792,No
91793,No
91794,No
91795,No
91796,Yes
91797,Yes
91798,Yes
91799,No
91800,No
91801,No
91802,Yes
91803,Yes
91804,No
91805,No
91806,No
91807,No
91808,Yes
91809,Yes
91810,No
91811,No
91812,No
91813,Yes
91814,No
91815,No
91816,No
91817,No
91818,No
91819,Yes
91820,Yes
91821,No
91822,Yes
91823,No
91824,No
91825,No
91826,No
91827,No
91828,Yes
91829,No
91830,Yes
91831,No
91832,No
91833,No
91834,No
91835,No
91836,No
91837,No
91838,No
91839,No
91840,Yes
91841,No
91842,Yes
91843,No
91844,Yes
91845,Yes
91846,Yes
91847,No
91848,No
91849,Yes
91850,Yes
91851,Yes
91852,No
91853,No
91854,No
91855,No
91856,Yes
91857,Yes
91858,No
91859,No
91860,No
91861,No
91862,Yes
91863,No
91864,No
91865,Yes
91866,No
91867,No
91868,No
91869,No
91870,Yes
91871,No
91872,Yes
91873,Yes
91874,No
91875,No
91876,Yes
91877,No
91878,No
91879,No
91880,No
91881,No
91882,No
91883,Yes
91884,No
91885,Yes
91886,Yes
91887,Yes
91888,No
91889,No
91890,No
91891,No
91892,No
91893,No
91894,No
91895,No
91896,Yes
91897,Yes
91898,Yes
91899,No
91900,No
91901,No
91902,Yes
91903,Yes
91904,Yes
91905,No
91906,Yes
91907,Yes
91908,Yes
91909,No
91910,No
91911,No
91912,No
91913,No
91914,Yes
91915,No
91916,No
91917,Yes
91918,No
91919,No
91920,No
91921,No
91922,No
91923,Yes
91924,No
91925,No
91926,No
91927,No
91928,No
91929,No
91930,No
91931,No
91932,No
91933,No
91934,No
91935,No
91936,No
91937,No
91938,No
91939,No
91940,Yes
91941,Yes
91942,No
91943,No
91944,Yes
91945,No
91946,No
91947,No
91948,No
91949,No
91950,No
91951,Yes
91952,No
91953,No
91954,Yes
91955,No
91956,No
91957,No
91958,No
91959,No
91960,Yes
91961,Yes
91962,No
91963,Yes
91964,No
91965,No
91966,No
91967,No
91968,No
91969,No
91970,Yes
91971,No
91972,No
91973,No
91974,No
91975,No
91976,Yes
91977,Yes
91978,No
91979,No
91980,No
91981,No
91982,Yes
91983,Yes
91984,No
91985,Yes
91986,No
91987,No
91988,No
91989,No
91990,Yes
91991,Yes
91992,Yes
91993,No
91994,No
91995,No
91996,No
91997,Yes
91998,Yes
91999,Yes
92000,No
92001,Yes
92002,Yes
92003,No
92004,Yes
92005,No
92006,No
92007,Yes
92008,No
92009,No
92010,Yes
92011,No
92012,No
92013,Yes
92014,No
92015,Yes
92016,Yes
92017,Yes
92018,No
92019,No
92020,No
92021,Yes
92022,Yes
92023,Yes
92024,No
92025,No
92026,No
92027,No
92028,No
92029,Yes
92030,No
92031,No
92032,No
92033,No
92034,No
92035,No
92036,Yes
92037,No
92038,No
92039,Yes
92040,Yes
92041,No
92042,Yes
92043,No
92044,No
92045,No
92046,No
92047,Yes
92048,No
92049,No
92050,Yes
92051,No
92052,No
92053,No
92054,No
92055,No
92056,No
92057,No
92058,Yes
92059,No
92060,No
92061,No
92062,Yes
92063,Yes
92064,No
92065,No
92066,No
92067,No
92068,No
92069,No
92070,No
92071,No
92072,No
92073,No
92074,Yes
92075,No
92076,No
92077,Yes
92078,No
92079,Yes
92080,No
92081,No
92082,Yes
92083,No
92084,No
92085,No
92086,No
92087,No
92088,No
92089,No
92090,Yes
92091,No
92092,No
92093,No
92094,Yes
92095,No
92096,No
92097,No
92098,No
92099,No
92100,Yes
92101,No
92102,Yes
92103,No
92104,Yes
92105,No
92106,No
92107,No
92108,Yes
92109,No
92110,No
92111,No
92112,No
92113,Yes
92114,Yes
92115,No
92116,No
92117,No
92118,No
92119,No
92120,No
92121,No
92122,No
92123,No
92124,No
92125,No
92126,No
92127,No
92128,No
92129,No
92130,No
92131,No
92132,No
92133,No
92134,Yes
92135,No
92136,No
92137,Yes
92138,Yes
92139,No
92140,No
92141,No
92142,No
92143,No
92144,No
92145,No
92146,No
92147,No
92148,No
92149,No
92150,No
92151,No
92152,Yes
92153,No
92154,No
92155,No
92156,No
92157,No
92158,Yes
92159,No
92160,No
92161,No
92162,No
92163,No
92164,No
92165,No
92166,Yes
92167,No
92168,Yes
92169,No
92170,No
92171,No
92172,No
92173,No
92174,No
92175,No
92176,No
92177,No
92178,No
92179,No
92180,No
92181,No
92182,No
92183,No
92184,Yes
92185,No
92186,No
92187,Yes
92188,No
92189,No
92190,No
92191,Yes
92192,No
92193,No
92194,Yes
92195,No
92196,Yes
92197,No
92198,No
92199,Yes
92200,No
92201,No
92202,Yes
92203,No
92204,Yes
92205,No
92206,No
92207,No
92208,No
92209,No
92210,No
92211,No
92212,No
92213,No
92214,No
92215,No
92216,No
92217,No
92218,No
92219,No
92220,No
92221,No
92222,No
92223,No
92224,No
92225,Yes
92226,No
92227,No
92228,Yes
92229,No
92230,Yes
92231,No
92232,Yes
92233,No
92234,No
92235,No
92236,Yes
92237,No
92238,Yes
92239,No
92240,No
92241,No
92242,No
92243,No
92244,Yes
92245,No
92246,No
92247,Yes
92248,No
92249,Yes
92250,No
92251,Yes
92252,No
92253,No
92254,No
92255,No
92256,No
92257,No
92258,No
92259,Yes
92260,Yes
92261,Yes
92262,No
92263,Yes
92264,Yes
92265,No
92266,No
92267,No
92268,No
92269,No
92270,Yes
92271,No
92272,No
92273,No
92274,No
92275,No
92276,No
92277,No
92278,No
92279,No
92280,No
92281,No
92282,No
92283,No
92284,No
92285,No
92286,No
92287,No
92288,Yes
92289,No
92290,No
92291,No
92292,No
92293,Yes
92294,No
92295,No
92296,No
92297,No
92298,No
92299,No
92300,No
92301,No
92302,No
92303,No
92304,No
92305,Yes
92306,Yes
92307,No
92308,No
92309,Yes
92310,No
92311,Yes
92312,Yes
92313,No
92314,No
92315,No
92316,No
92317,Yes
92318,No
92319,No
92320,No
92321,Yes
92322,Yes
92323,Yes
92324,No
92325,No
92326,No
92327,Yes
92328,No
92329,No
92330,No
92331,No
92332,No
92333,No
92334,No
92335,Yes
92336,Yes
92337,No
92338,No
92339,No
92340,Yes
92341,No
92342,Yes
92343,No
92344,No
92345,No
92346,Yes
92347,No
92348,No
92349,No
92350,No
92351,No
92352,No
92353,No
92354,No
92355,No
92356,Yes
92357,No
92358,No
92359,No
92360,No
92361,No
92362,No
92363,Yes
92364,Yes
92365,No
92366,No
92367,Yes
92368,Yes
92369,No
92370,Yes
92371,No
92372,No
92373,No
92374,No
92375,No
92376,Yes
92377,No
92378,No
92379,Yes
92380,No
92381,Yes
92382,No
92383,No
92384,No
92385,No
92386,No
92387,Yes
92388,Yes
92389,No
92390,Yes
92391,Yes
92392,No
92393,No
92394,Yes
92395,No
92396,No
92397,No
92398,No
92399,Yes
92400,No
92401,No
92402,No
92403,No
92404,No
92405,No
92406,No
92407,No
92408,No
92409,Yes
92410,Yes
92411,No
92412,No
92413,No
92414,No
92415,Yes
92416,Yes
92417,No
92418,No
92419,No
92420,No
92421,No
92422,No
92423,No
92424,No
92425,Yes
92426,No
92427,Yes
92428,No
92429,No
92430,No
92431,No
92432,No
92433,No
92434,Yes
92435,No
92436,Yes
92437,No
92438,No
92439,No
92440,No
92441,No
92442,Yes
92443,No
92444,No
92445,No
92446,Yes
92447,No
92448,Yes
92449,No
92450,No
92451,Yes
92452,No
92453,No
92454,No
92455,No
92456,No
92457,Yes
92458,No
92459,No
92460,No
92461,No
92462,No
92463,No
92464,No
92465,No
92466,No
92467,No
92468,Yes
92469,Yes
92470,No
92471,Yes
92472,Yes
92473,No
92474,No
92475,No
92476,No
92477,No
92478,Yes
92479,Yes
92480,Yes
92481,No
92482,Yes
92483,No
92484,No
92485,No
92486,No
92487,No
92488,No
92489,No
92490,Yes
92491,No
92492,No
92493,No
92494,No
92495,No
92496,No
92497,No
92498,No
92499,Yes
92500,No
92501,No
92502,No
92503,Yes
92504,No
92505,No
92506,No
92507,No
92508,No
92509,No
92510,No
92511,Yes
92512,Yes
92513,Yes
92514,No
92515,No
92516,No
92517,No
92518,No
92519,No
92520,No
92521,Yes
92522,Yes
92523,No
92524,Yes
92525,Yes
92526,No
92527,No
92528,No
92529,No
92530,No
92531,No
92532,No
92533,Yes
92534,No
92535,No
92536,No
92537,No
92538,No
92539,Yes
92540,No
92541,No
92542,Yes
92543,Yes
92544,No
92545,No
92546,No
92547,Yes
92548,No
92549,No
92550,No
92551,Yes
92552,No
92553,No
92554,No
92555,No
92556,No
92557,No
92558,No
92559,No
92560,No
92561,Yes
92562,No
92563,No
92564,No
92565,No
92566,No
92567,No
92568,Yes
92569,No
92570,No
92571,No
92572,No
92573,Yes
92574,No
92575,No
92576,No
92577,Yes
92578,No
92579,Yes
92580,No
92581,No
92582,No
92583,No
92584,Yes
92585,Yes
92586,No
92587,No
92588,No
92589,Yes
92590,No
92591,No
92592,No
92593,No
92594,No
92595,Yes
92596,Yes
92597,No
92598,Yes
92599,No
92600,Yes
92601,No
92602,No
92603,No
92604,Yes
92605,No
92606,No
92607,Yes
92608,No
92609,No
92610,No
92611,No
92612,No
92613,No
92614,No
92615,No
92616,Yes
92617,No
92618,No
92619,No
92620,Yes
92621,Yes
92622,Yes
92623,No
92624,No
92625,No
92626,No
92627,Yes
92628,No
92629,No
92630,No
92631,Yes
92632,Yes
92633,No
92634,No
92635,No
92636,No
92637,Yes
92638,No
92639,Yes
92640,No
92641,Yes
92642,Yes
92643,Yes
92644,No
92645,No
92646,No
92647,No
92648,Yes
92649,No
92650,Yes
92651,No
92652,No
92653,Yes
92654,No
92655,No
92656,No
92657,No
92658,No
92659,No
92660,No
92661,No
92662,No
92663,No
92664,No
92665,Yes
92666,Yes
92667,No
92668,Yes
92669,No
92670,No
92671,No
92672,No
92673,No
92674,No
92675,No
92676,No
92677,No
92678,No
92679,No
92680,No
92681,Yes
92682,No
92683,No
92684,No
92685,Yes
92686,No
92687,Yes
92688,No
92689,No
92690,No
92691,No
92692,No
92693,Yes
92694,No
92695,Yes
92696,No
92697,No
92698,Yes
92699,No
92700,No
92701,No
92702,No
92703,No
92704,Yes
92705,Yes
92706,Yes
92707,Yes
92708,No
92709,No
92710,No
92711,Yes
92712,No
92713,Yes
92714,Yes
92715,Yes
92716,No
92717,Yes
92718,No
92719,No
92720,Yes
92721,No
92722,No
92723,No
92724,No
92725,No
92726,No
92727,No
92728,Yes
92729,No
92730,Yes
92731,Yes
92732,No
92733,No
92734,Yes
92735,No
92736,No
92737,No
92738,No
92739,No
92740,No
92741,Yes
92742,No
92743,Yes
92744,No
92745,Yes
92746,No
92747,No
92748,Yes
92749,Yes
92750,Yes
92751,No
92752,No
92753,No
92754,Yes
92755,No
92756,Yes
92757,Yes
92758,No
92759,Yes
92760,No
92761,No
92762,No
92763,No
92764,Yes
92765,No
92766,No
92767,No
92768,Yes
92769,No
92770,Yes
92771,No
92772,Yes
92773,Yes
92774,No
92775,No
92776,Yes
92777,No
92778,Yes
92779,No
92780,Yes
92781,Yes
92782,No
92783,Yes
92784,No
92785,No
92786,Yes
92787,No
92788,No
92789,No
92790,No
92791,No
92792,No
92793,No
92794,No
92795,No
92796,Yes
92797,Yes
92798,No
92799,Yes
92800,No
92801,Yes
92802,No
92803,No
92804,No
92805,Yes
92806,No
92807,Yes
92808,No
92809,No
92810,Yes
92811,No
92812,No
92813,Yes
92814,Yes
92815,Yes
92816,No
92817,Yes
92818,Yes
92819,No
92820,No
92821,No
92822,No
92823,Yes
92824,No
92825,No
92826,No
92827,Yes
92828,Yes
92829,Yes
92830,No
92831,No
92832,No
92833,No
92834,Yes
92835,No
92836,No
92837,Yes
92838,No
92839,No
92840,Yes
92841,No
92842,Yes
92843,No
92844,No
92845,No
92846,No
92847,No
92848,No
92849,No
92850,No
92851,Yes
92852,No
92853,No
92854,No
92855,No
92856,No
92857,Yes
92858,No
92859,Yes
92860,No
92861,Yes
92862,No
92863,No
92864,Yes
92865,Yes
92866,Yes
92867,Yes
92868,No
92869,No
92870,Yes
92871,No
92872,Yes
92873,No
92874,No
92875,No
92876,Yes
92877,Yes
92878,No
92879,No
92880,No
92881,No
92882,No
92883,Yes
92884,No
92885,No
92886,Yes
92887,Yes
92888,No
92889,Yes
92890,No
92891,No
92892,No
92893,Yes
92894,Yes
92895,No
92896,Yes
92897,No
92898,No
92899,Yes
92900,No
92901,No
92902,Yes
92903,No
92904,No
92905,No
92906,No
92907,No
92908,No
92909,No
92910,No
92911,No
92912,No
92913,No
92914,No
92915,Yes
92916,Yes
92917,No
92918,Yes
92919,No
92920,No
92921,No
92922,No
92923,No
92924,Yes
92925,Yes
92926,No
92927,No
92928,Yes
92929,No
92930,No
92931,Yes
92932,No
92933,No
92934,Yes
92935,Yes
92936,No
92937,Yes
92938,No
92939,No
92940,No
92941,No
92942,No
92943,No
92944,No
92945,No
92946,No
92947,Yes
92948,No
92949,No
92950,No
92951,Yes
92952,No
92953,No
92954,Yes
92955,No
92956,No
92957,No
92958,No
92959,Yes
92960,No
92961,Yes
92962,Yes
92963,No
92964,Yes
92965,No
92966,Yes
92967,No
92968,Yes
92969,No
92970,No
92971,Yes
92972,No
92973,No
92974,No
92975,No
92976,No
92977,No
92978,Yes
92979,Yes
92980,Yes
92981,Yes
92982,Yes
92983,Yes
92984,Yes
92985,No
92986,No
92987,No
92988,No
92989,Yes
92990,No
92991,Yes
92992,Yes
92993,No
92994,No
92995,Yes
92996,No
92997,Yes
92998,No
92999,No
93000,No
93001,Yes
93002,No
93003,No
93004,Yes
93005,Yes
93006,Yes
93007,No
93008,No
93009,No
93010,Yes
93011,Yes
93012,No
93013,No
93014,No
93015,Yes
93016,No
93017,No
93018,No
93019,No
93020,No
93021,No
93022,No
93023,No
93024,No
93025,No
93026,No
93027,No
93028,No
93029,No
93030,No
93031,No
93032,No
93033,No
93034,No
93035,No
93036,Yes
93037,No
93038,Yes
93039,No
93040,No
93041,No
93042,No
93043,No
93044,No
93045,No
93046,No
93047,No
93048,Yes
93049,No
93050,Yes
93051,No
93052,No
93053,No
93054,No
93055,No
93056,No
93057,No
93058,No
93059,Yes
93060,Yes
93061,No
93062,Yes
93063,No
93064,Yes
93065,No
93066,No
93067,No
93068,No
93069,No
93070,No
93071,No
93072,No
93073,No
93074,No
93075,No
93076,No
93077,Yes
93078,No
93079,Yes
93080,Yes
93081,Yes
93082,No
93083,Yes
93084,Yes
93085,Yes
93086,No
93087,Yes
93088,Yes
93089,No
93090,No
93091,Yes
93092,No
93093,No
93094,Yes
93095,Yes
93096,No
93097,No
93098,No
93099,No
93100,No
93101,No
93102,Yes
93103,Yes
93104,No
93105,Yes
93106,Yes
93107,No
93108,No
93109,Yes
93110,Yes
93111,Yes
93112,No
93113,Yes
93114,No
93115,Yes
93116,Yes
93117,No
93118,No
93119,No
93120,No
93121,No
93122,No
93123,No
93124,No
93125,No
93126,No
93127,No
93128,No
93129,No
93130,No
93131,No
93132,Yes
93133,No
93134,No
93135,Yes
93136,No
93137,No
93138,Yes
93139,No
93140,No
93141,No
93142,Yes
93143,Yes
93144,No
93145,Yes
93146,Yes
93147,No
93148,No
93149,No
93150,Yes
93151,No
93152,No
93153,No
93154,No
93155,Yes
93156,Yes
93157,No
93158,Yes
93159,No
93160,No
93161,No
93162,Yes
93163,Yes
93164,Yes
93165,Yes
93166,No
93167,Yes
93168,No
93169,No
93170,No
93171,No
93172,No
93173,Yes
93174,No
93175,No
93176,No
93177,No
93178,No
93179,No
93180,No
93181,No
93182,Yes
93183,No
93184,No
93185,No
93186,No
93187,No
93188,No
93189,Yes
93190,No
93191,No
93192,No
93193,Yes
93194,No
93195,No
93196,No
93197,Yes
93198,No
93199,No
93200,Yes
93201,No
93202,No
93203,No
93204,No
93205,No
93206,No
93207,No
93208,No
93209,No
93210,No
93211,No
93212,Yes
93213,No
93214,No
93215,No
93216,Yes
93217,No
93218,Yes
93219,No
93220,No
93221,No
93222,No
93223,No
93224,No
93225,Yes
93226,No
93227,No
93228,No
93229,Yes
93230,No
93231,No
93232,No
93233,No
93234,No
93235,Yes
93236,Yes
93237,No
93238,Yes
93239,Yes
93240,No
93241,No
93242,No
93243,No
93244,No
93245,No
93246,No
93247,No
93248,Yes
93249,No
93250,No
93251,No
93252,No
93253,No
93254,Yes
93255,No
93256,No
93257,No
93258,Yes
93259,No
93260,Yes
93261,No
93262,Yes
93263,No
93264,No
93265,No
93266,Yes
93267,No
93268,No
93269,No
93270,No
93271,Yes
93272,Yes
93273,Yes
93274,No
93275,No
93276,Yes
93277,No
93278,No
93279,No
93280,Yes
93281,No
93282,No
93283,No
93284,No
93285,No
93286,Yes
93287,No
93288,No
93289,No
93290,No
93291,No
93292,No
93293,No
93294,No
93295,No
93296,Yes
93297,No
93298,No
93299,No
93300,Yes
93301,Yes
93302,No
93303,No
93304,No
93305,No
93306,Yes
93307,No
93308,No
93309,No
93310,Yes
93311,Yes
93312,No
93313,No
93314,No
93315,No
93316,No
93317,No
93318,No
93319,Yes
93320,No
93321,Yes
93322,No
93323,No
93324,No
93325,No
93326,No
93327,Yes
93328,No
93329,No
93330,No
93331,No
93332,No
93333,No
93334,No
93335,Yes
93336,No
93337,No
93338,No
93339,No
93340,No
93341,Yes
93342,No
93343,No
93344,No
93345,No
93346,Yes
93347,No
93348,No
93349,Yes
93350,Yes
93351,No
93352,Yes
93353,No
93354,No
93355,Yes
93356,No
93357,No
93358,No
93359,Yes
93360,No
93361,Yes
93362,No
93363,Yes
93364,Yes
93365,No
93366,Yes
93367,Yes
93368,Yes
93369,No
93370,No
93371,Yes
93372,No
93373,Yes
93374,No
93375,No
93376,No
93377,No
93378,No
93379,No
93380,No
93381,Yes
93382,Yes
93383,No
93384,No
93385,No
93386,No
93387,Yes
93388,Yes
93389,No
93390,No
93391,No
93392,Yes
93393,No
93394,Yes
93395,No
93396,No
93397,No
93398,No
93399,No
93400,No
93401,No
93402,Yes
93403,No
93404,No
93405,No
93406,No
93407,No
93408,No
93409,No
93410,No
93411,No
93412,Yes
93413,Yes
93414,Yes
93415,Yes
93416,No
93417,No
93418,No
93419,No
93420,Yes
93421,No
93422,Yes
93423,No
93424,No
93425,No
93426,No
93427,No
93428,No
93429,No
93430,No
93431,Yes
93432,No
93433,Yes
93434,No
93435,No
93436,No
93437,Yes
93438,No
93439,No
93440,No
93441,Yes
93442,No
93443,No
93444,Yes
93445,No
93446,No
93447,No
93448,No
93449,No
93450,No
93451,No
93452,No
93453,No
93454,Yes
93455,Yes
93456,No
93457,No
93458,Yes
93459,No
93460,No
93461,No
93462,No
93463,No
93464,No
93465,No
93466,No
93467,No
93468,No
93469,No
93470,No
93471,No
93472,Yes
93473,Yes
93474,No
93475,Yes
93476,Yes
93477,No
93478,No
93479,No
93480,Yes
93481,No
93482,No
93483,No
93484,No
93485,No
93486,No
93487,Yes
93488,Yes
93489,No
93490,No
93491,No
93492,No
93493,No
93494,No
93495,Yes
93496,Yes
93497,No
93498,No
93499,No
93500,No
93501,No
93502,Yes
93503,No
93504,No
93505,No
93506,No
93507,No
93508,No
93509,Yes
93510,Yes
93511,No
93512,No
93513,Yes
93514,Yes
93515,Yes
93516,No
93517,Yes
93518,No
93519,Yes
93520,No
93521,Yes
93522,No
93523,No
93524,Yes
93525,Yes
93526,No
93527,No
93528,Yes
93529,No
93530,No
93531,No
93532,No
93533,No
93534,Yes
93535,No
93536,No
93537,Yes
93538,No
93539,No
93540,Yes
93541,Yes
93542,No
93543,No
93544,No
93545,No
93546,No
93547,No
93548,Yes
93549,Yes
93550,No
93551,Yes
93552,Yes
93553,Yes
93554,No
93555,Yes
93556,Yes
93557,No
93558,No
93559,No
93560,Yes
93561,No
93562,No
93563,No
93564,No
93565,Yes
93566,No
93567,No
93568,No
93569,No
93570,No
93571,No
93572,No
93573,No
93574,No
93575,No
93576,No
93577,No
93578,Yes
93579,Yes
93580,No
93581,No
93582,No
93583,Yes
93584,No
93585,No
93586,No
93587,No
93588,Yes
93589,No
93590,Yes
93591,No
93592,No
93593,Yes
93594,Yes
93595,No
93596,No
93597,No
93598,No
93599,No
93600,No
93601,No
93602,No
93603,No
93604,No
93605,Yes
93606,No
93607,No
93608,No
93609,No
93610,No
93611,No
93612,Yes
93613,No
93614,No
93615,No
93616,No
93617,No
93618,No
93619,No
93620,Yes
93621,No
93622,No
93623,No
93624,No
93625,No
93626,No
93627,No
93628,Yes
93629,No
93630,No
93631,No
93632,No
93633,No
93634,No
93635,No
93636,No
93637,No
93638,No
93639,No
93640,No
93641,Yes
93642,No
93643,Yes
93644,No
93645,Yes
93646,No
93647,Yes
93648,Yes
93649,No
93650,No
93651,No
93652,Yes
93653,Yes
93654,No
93655,Yes
93656,No
93657,No
93658,No
93659,No
93660,Yes
93661,No
93662,Yes
93663,No
93664,Yes
93665,No
93666,Yes
93667,No
93668,Yes
93669,Yes
93670,Yes
93671,No
93672,No
93673,No
93674,No
93675,No
93676,Yes
93677,No
93678,Yes
93679,Yes
93680,No
93681,No
93682,No
93683,No
93684,No
93685,No
93686,No
93687,No
93688,No
93689,No
93690,No
93691,No
93692,No
93693,No
93694,No
93695,No
93696,No
93697,Yes
93698,No
93699,No
93700,No
93701,Yes
93702,No
93703,No
93704,No
93705,No
93706,No
93707,No
93708,No
93709,No
93710,No
93711,No
93712,Yes
93713,No
93714,No
93715,Yes
93716,Yes
93717,No
93718,No
93719,No
93720,No
93721,No
93722,No
93723,No
93724,No
93725,No
93726,No
93727,No
93728,Yes
93729,No
93730,No
93731,No
93732,No
93733,No
93734,Yes
93735,No
93736,Yes
93737,Yes
93738,No
93739,No
93740,Yes
93741,No
93742,No
93743,No
93744,No
93745,Yes
93746,No
93747,No
93748,No
93749,No
93750,No
93751,Yes
93752,No
93753,No
93754,No
93755,No
93756,No
93757,No
93758,No
93759,Yes
93760,Yes
93761,Yes
93762,No
93763,No
93764,Yes
93765,Yes
93766,No
93767,No
93768,Yes
93769,No
93770,No
93771,No
93772,Yes
93773,No
93774,No
93775,No
93776,No
93777,No
93778,Yes
93779,No
93780,No
93781,Yes
93782,No
93783,No
93784,No
93785,No
93786,No
93787,No
93788,No
93789,Yes
93790,No
93791,No
93792,No
93793,No
93794,No
93795,Yes
93796,No
93797,No
93798,No
93799,No
93800,No
93801,No
93802,No
93803,Yes
93804,No
93805,No
93806,Yes
93807,No
93808,No
93809,Yes
93810,No
93811,No
93812,No
93813,No
93814,Yes
93815,Yes
93816,No
93817,No
93818,No
93819,Yes
93820,No
93821,Yes
93822,No
93823,No
93824,No
93825,No
93826,No
93827,No
93828,Yes
93829,No
93830,No
93831,Yes
93832,No
93833,No
93834,No
93835,No
93836,No
93837,No
93838,No
93839,No
93840,No
93841,No
93842,Yes
93843,Yes
93844,Yes
93845,No
93846,No
93847,No
93848,No
93849,Yes
93850,No
93851,No
93852,No
93853,No
93854,Yes
93855,No
93856,No
93857,No
93858,No
93859,No
93860,No
93861,Yes
93862,No
93863,No
93864,No
93865,Yes
93866,No
93867,Yes
93868,Yes
93869,No
93870,No
93871,Yes
93872,No
93873,Yes
93874,Yes
93875,No
93876,Yes
93877,No
93878,No
93879,Yes
93880,Yes
93881,No
93882,No
93883,Yes
93884,No
93885,Yes
93886,No
93887,No
93888,Yes
93889,Yes
93890,No
93891,No
93892,Yes
93893,No
93894,Yes
93895,No
93896,No
93897,No
93898,No
93899,No
93900,No
93901,No
93902,No
93903,No
93904,No
93905,No
93906,No
93907,Yes
93908,No
93909,No
93910,No
93911,No
93912,No
93913,No
93914,No
93915,Yes
93916,No
93917,No
93918,No
93919,No
93920,No
93921,No
93922,No
93923,Yes
93924,Yes
93925,No
93926,No
93927,No
93928,No
93929,No
93930,No
93931,No
93932,Yes
93933,Yes
93934,No
93935,No
93936,No
93937,No
93938,No
93939,No
93940,No
93941,Yes
93942,No
93943,No
93944,Yes
93945,Yes
93946,No
93947,No
93948,No
93949,Yes
93950,No
93951,No
93952,No
93953,No
93954,No
93955,No
93956,Yes
93957,No
93958,Yes
93959,Yes
93960,No
93961,Yes
93962,No
93963,No
93964,Yes
93965,No
93966,No
93967,No
93968,Yes
93969,No
93970,No
93971,No
93972,Yes
93973,No
93974,No
93975,No
93976,No
93977,No
93978,Yes
93979,No
93980,Yes
93981,Yes
93982,No
93983,No
93984,No
93985,No
93986,No
93987,No
93988,No
93989,No
93990,No
93991,No
93992,No
93993,No
93994,No
93995,No
93996,Yes
93997,No
93998,No
93999,No
94000,Yes
94001,No
94002,No
94003,No
94004,Yes
94005,No
94006,No
94007,Yes
94008,No
94009,Yes
94010,No
94011,Yes
94012,No
94013,Yes
94014,Yes
94015,No
94016,No
94017,No
94018,No
94019,Yes
94020,Yes
94021,No
94022,No
94023,No
94024,No
94025,Yes
94026,Yes
94027,Yes
94028,No
94029,Yes
94030,Yes
94031,No
94032,No
94033,No
94034,Yes
94035,No
94036,Yes
94037,Yes
94038,No
94039,No
94040,No
94041,No
94042,Yes
94043,No
94044,No
94045,No
94046,No
94047,No
94048,No
94049,Yes
94050,Yes
94051,Yes
94052,No
94053,No
94054,No
94055,No
94056,No
94057,No
94058,No
94059,No
94060,No
94061,Yes
94062,No
94063,No
94064,Yes
94065,No
94066,No
94067,No
94068,No
94069,No
94070,No
94071,No
94072,No
94073,Yes
94074,No
94075,No
94076,No
94077,No
94078,Yes
94079,Yes
94080,No
94081,No
94082,No
94083,No
94084,No
94085,No
94086,Yes
94087,Yes
94088,No
94089,No
94090,No
94091,Yes
94092,No
94093,No
94094,Yes
94095,No
94096,No
94097,Yes
94098,No
94099,No
94100,No
94101,Yes
94102,No
94103,No
94104,Yes
94105,No
94106,Yes
94107,No
94108,Yes
94109,No
94110,No
94111,No
94112,No
94113,No
94114,No
94115,Yes
94116,Yes
94117,No
94118,No
94119,Yes
94120,Yes
94121,No
94122,Yes
94123,Yes
94124,Yes
94125,No
94126,No
94127,Yes
94128,No
94129,Yes
94130,No
94131,Yes
94132,Yes
94133,No
94134,No
94135,Yes
94136,Yes
94137,Yes
94138,No
94139,No
94140,No
94141,No
94142,No
94143,Yes
94144,No
94145,No
94146,Yes
94147,No
94148,No
94149,No
94150,No
94151,No
94152,Yes
94153,No
94154,No
94155,No
94156,No
94157,No
94158,No
94159,No
94160,No
94161,Yes
94162,No
94163,No
94164,No
94165,Yes
94166,Yes
94167,No
94168,Yes
94169,Yes
94170,Yes
94171,No
94172,No
94173,Yes
94174,No
94175,No
94176,No
94177,No
94178,No
94179,No
94180,No
94181,Yes
94182,No
94183,No
94184,Yes
94185,No
94186,No
94187,No
94188,No
94189,No
94190,No
94191,No
94192,No
94193,No
94194,Yes
94195,No
94196,No
94197,No
94198,Yes
94199,No
94200,No
94201,No
94202,No
94203,Yes
94204,No
94205,No
94206,No
94207,No
94208,No
94209,No
94210,Yes
94211,No
94212,No
94213,No
94214,Yes
94215,No
94216,No
94217,No
94218,No
94219,No
94220,No
94221,No
94222,No
94223,No
94224,No
94225,No
94226,Yes
94227,No
94228,No
94229,Yes
94230,No
94231,Yes
94232,No
94233,No
94234,No
94235,No
94236,Yes
94237,No
94238,Yes
94239,No
94240,Yes
94241,No
94242,No
94243,No
94244,No
94245,No
94246,No
94247,Yes
94248,No
94249,No
94250,No
94251,No
94252,No
94253,No
94254,No
94255,No
94256,No
94257,Yes
94258,No
94259,No
94260,No
94261,Yes
94262,No
94263,Yes
94264,No
94265,No
94266,Yes
94267,Yes
94268,No
94269,Yes
94270,No
94271,No
94272,Yes
94273,Yes
94274,Yes
94275,No
94276,No
94277,No
94278,Yes
94279,No
94280,No
94281,No
94282,No
94283,No
94284,No
94285,No
94286,No
94287,No
94288,No
94289,No
94290,Yes
94291,Yes
94292,No
94293,No
94294,No
94295,Yes
94296,No
94297,No
94298,No
94299,No
94300,No
94301,No
94302,Yes
94303,No
94304,No
94305,No
94306,Yes
94307,Yes
94308,No
94309,No
94310,No
94311,Yes
94312,No
94313,No
94314,No
94315,Yes
94316,Yes
94317,Yes
94318,Yes
94319,No
94320,No
94321,No
94322,Yes
94323,No
94324,No
94325,No
94326,No
94327,No
94328,No
94329,No
94330,No
94331,No
94332,No
94333,Yes
94334,No
94335,Yes
94336,Yes
94337,No
94338,Yes
94339,Yes
94340,No
94341,No
94342,No
94343,No
94344,Yes
94345,Yes
94346,No
94347,No
94348,No
94349,No
94350,No
94351,No
94352,No
94353,No
94354,No
94355,No
94356,No
94357,No
94358,Yes
94359,No
94360,No
94361,No
94362,No
94363,No
94364,No
94365,No
94366,No
94367,No
94368,No
94369,No
94370,No
94371,No
94372,Yes
94373,Yes
94374,Yes
94375,No
94376,No
94377,No
94378,No
94379,No
94380,Yes
94381,No
94382,Yes
94383,No
94384,No
94385,Yes
94386,No
94387,Yes
94388,No
94389,No
94390,Yes
94391,No
94392,No
94393,No
94394,No
94395,No
94396,No
94397,No
94398,No
94399,No
94400,No
94401,No
94402,No
94403,No
94404,No
94405,No
94406,No
94407,Yes
94408,No
94409,No
94410,No
94411,Yes
94412,Yes
94413,No
94414,Yes
94415,Yes
94416,No
94417,Yes
94418,No
94419,No
94420,No
94421,No
94422,No
94423,No
94424,No
94425,Yes
94426,No
94427,Yes
94428,No
94429,No
94430,No
94431,No
94432,No
94433,No
94434,No
94435,No
94436,No
94437,No
94438,Yes
94439,No
94440,No
94441,No
94442,Yes
94443,No
94444,Yes
94445,Yes
94446,Yes
94447,No
94448,No
94449,No
94450,No
94451,No
94452,Yes
94453,Yes
94454,No
94455,No
94456,No
94457,No
94458,No
94459,No
94460,No
94461,No
94462,No
94463,Yes
94464,No
94465,No
94466,No
94467,No
94468,No
94469,No
94470,No
94471,No
94472,Yes
94473,No
94474,No
94475,No
94476,Yes
94477,Yes
94478,No
94479,Yes
94480,Yes
94481,Yes
94482,No
94483,No
94484,No
94485,Yes
94486,No
94487,No
94488,No
94489,Yes
94490,No
94491,Yes
94492,No
94493,Yes
94494,Yes
94495,No
94496,Yes
94497,No
94498,No
94499,No
94500,Yes
94501,Yes
94502,Yes
94503,No
94504,No
94505,No
94506,Yes
94507,Yes
94508,No
94509,Yes
94510,No
94511,No
94512,No
94513,Yes
94514,No
94515,No
94516,No
94517,No
94518,Yes
94519,No
94520,No
94521,No
94522,No
94523,No
94524,No
94525,No
94526,No
94527,No
94528,No
94529,No
94530,No
94531,No
94532,No
94533,No
94534,Yes
94535,Yes
94536,No
94537,No
94538,No
94539,No
94540,Yes
94541,Yes
94542,No
94543,Yes
94544,No
94545,No
94546,Yes
94547,No
94548,No
94549,Yes
94550,No
94551,No
94552,Yes
94553,No
94554,Yes
94555,No
94556,Yes
94557,No
94558,No
94559,No
94560,No
94561,No
94562,No
94563,No
94564,No
94565,No
94566,Yes
94567,No
94568,No
94569,No
94570,Yes
94571,No
94572,No
94573,No
94574,No
94575,Yes
94576,No
94577,No
94578,Yes
94579,No
94580,No
94581,No
94582,Yes
94583,Yes
94584,No
94585,No
94586,No
94587,No
94588,No
94589,No
94590,No
94591,No
94592,No
94593,No
94594,No
94595,No
94596,No
94597,No
94598,No
94599,No
94600,No
94601,No
94602,No
94603,Yes
94604,No
94605,No
94606,No
94607,Yes
94608,No
94609,No
94610,No
94611,No
94612,Yes
94613,Yes
94614,Yes
94615,No
94616,Yes
94617,No
94618,No
94619,No
94620,No
94621,Yes
94622,Yes
94623,No
94624,No
94625,Yes
94626,No
94627,No
94628,No
94629,No
94630,No
94631,No
94632,No
94633,Yes
94634,No
94635,No
94636,No
94637,No
94638,No
94639,Yes
94640,No
94641,No
94642,Yes
94643,Yes
94644,Yes
94645,No
94646,Yes
94647,Yes
94648,Yes
94649,No
94650,Yes
94651,No
94652,Yes
94653,No
94654,No
94655,No
94656,No
94657,Yes
94658,No
94659,Yes
94660,Yes
94661,No
94662,No
94663,No
94664,Yes
94665,No
94666,No
94667,No
94668,Yes
94669,No
94670,No
94671,Yes
94672,No
94673,No
94674,No
94675,No
94676,No
94677,No
94678,No
94679,Yes
94680,No
94681,No
94682,No
94683,No
94684,Yes
94685,No
94686,Yes
94687,No
94688,No
94689,No
94690,No
94691,No
94692,No
94693,No
94694,No
94695,No
94696,No
94697,Yes
94698,No
94699,No
94700,No
94701,No
94702,No
94703,Yes
94704,No
94705,No
94706,No
94707,No
94708,Yes
94709,No
94710,No
94711,No
94712,No
94713,No
94714,Yes
94715,No
94716,No
94717,No
94718,No
94719,No
94720,Yes
94721,No
94722,No
94723,No
94724,No
94725,No
94726,No
94727,No
94728,Yes
94729,No
94730,No
94731,Yes
94732,No
94733,No
94734,No
94735,No
94736,Yes
94737,Yes
94738,No
94739,No
94740,No
94741,No
94742,No
94743,No
94744,No
94745,No
94746,No
94747,Yes
94748,No
94749,No
94750,No
94751,No
94752,No
94753,No
94754,No
94755,No
94756,Yes
94757,Yes
94758,Yes
94759,No
94760,Yes
94761,Yes
94762,Yes
94763,No
94764,No
94765,No
94766,Yes
94767,No
94768,No
94769,No
94770,Yes
94771,No
94772,No
94773,Yes
94774,Yes
94775,No
94776,Yes
94777,No
94778,Yes
94779,No
94780,No
94781,No
94782,No
94783,Yes
94784,Yes
94785,No
94786,Yes
94787,Yes
94788,No
94789,No
94790,No
94791,No
94792,No
94793,No
94794,No
94795,No
94796,No
94797,No
94798,No
94799,No
94800,No
94801,No
94802,No
94803,No
94804,No
94805,No
94806,No
94807,Yes
94808,No
94809,No
94810,No
94811,No
94812,No
94813,No
94814,Yes
94815,No
94816,No
94817,No
94818,No
94819,No
94820,No
94821,Yes
94822,No
94823,Yes
94824,No
94825,No
94826,No
94827,No
94828,No
94829,No
94830,No
94831,No
94832,No
94833,Yes
94834,Yes
94835,No
94836,Yes
94837,Yes
94838,No
94839,No
94840,Yes
94841,No
94842,No
94843,No
94844,No
94845,No
94846,No
94847,Yes
94848,No
94849,No
94850,No
94851,No
94852,No
94853,Yes
94854,No
94855,No
94856,No
94857,No
94858,No
94859,Yes
94860,No
94861,No
94862,No
94863,No
94864,No
94865,No
94866,Yes
94867,No
94868,No
94869,No
94870,No
94871,No
94872,No
94873,No
94874,No
94875,No
94876,Yes
94877,No
94878,Yes
94879,No
94880,No
94881,No
94882,No
94883,No
94884,No
94885,No
94886,Yes
94887,No
94888,Yes
94889,No
94890,No
94891,No
94892,No
94893,Yes
94894,No
94895,No
94896,No
94897,No
94898,No
94899,Yes
94900,No
94901,No
94902,No
94903,Yes
94904,No
94905,No
94906,No
94907,No
94908,No
94909,Yes
94910,No
94911,No
94912,Yes
94913,No
94914,Yes
94915,No
94916,No
94917,Yes
94918,No
94919,No
94920,No
94921,Yes
94922,No
94923,No
94924,No
94925,Yes
94926,Yes
94927,Yes
94928,Yes
94929,No
94930,No
94931,No
94932,No
94933,No
94934,No
94935,No
94936,No
94937,No
94938,No
94939,Yes
94940,No
94941,Yes
94942,No
94943,No
94944,No
94945,No
94946,Yes
94947,Yes
94948,No
94949,No
94950,No
94951,No
94952,No
94953,No
94954,Yes
94955,No
94956,Yes
94957,No
94958,Yes
94959,No
94960,No
94961,Yes
94962,No
94963,No
94964,No
94965,No
94966,No
94967,No
94968,Yes
94969,Yes
94970,No
94971,Yes
94972,Yes
94973,No
94974,No
94975,No
94976,No
94977,Yes
94978,No
94979,Yes
94980,No
94981,No
94982,No
94983,No
94984,No
94985,Yes
94986,No
94987,No
94988,No
94989,No
94990,Yes
94991,No
94992,No
94993,No
94994,No
94995,Yes
94996,Yes
94997,No
94998,No
94999,No
95000,No
95001,Yes
95002,Yes
95003,No
95004,No
95005,Yes
95006,No
95007,No
95008,No
95009,Yes
95010,No
95011,No
95012,No
95013,Yes
95014,Yes
95015,Yes
95016,No
95017,No
95018,Yes
95019,No
95020,No
95021,Yes
95022,No
95023,No
95024,No
95025,No
95026,Yes
95027,Yes
95028,No
95029,No
95030,No
95031,No
95032,No
95033,No
95034,Yes
95035,No
95036,Yes
95037,No
95038,No
95039,No
95040,No
95041,No
95042,Yes
95043,No
95044,No
95045,No
95046,No
95047,Yes
95048,No
95049,No
95050,No
95051,No
95052,Yes
95053,No
95054,No
95055,Yes
95056,No
95057,No
95058,Yes
95059,Yes
95060,Yes
95061,No
95062,No
95063,No
95064,No
95065,No
95066,No
95067,No
95068,No
95069,Yes
95070,No
95071,No
95072,No
95073,Yes
95074,No
95075,No
95076,No
95077,No
95078,No
95079,No
95080,No
95081,No
95082,Yes
95083,Yes
95084,No
95085,No
95086,Yes
95087,Yes
95088,No
95089,No
95090,No
95091,Yes
95092,No
95093,Yes
95094,No
95095,Yes
95096,No
95097,No
95098,No
95099,Yes
95100,No
95101,Yes
95102,No
95103,No
95104,No
95105,No
95106,No
95107,No
95108,No
95109,No
95110,No
95111,No
95112,Yes
95113,No
95114,No
95115,Yes
95116,No
95117,Yes
95118,Yes
95119,Yes
95120,No
95121,No
95122,Yes
95123,No
95124,Yes
95125,Yes
95126,No
95127,No
95128,No
95129,No
95130,Yes
95131,No
95132,No
95133,No
95134,Yes
95135,No
95136,Yes
95137,No
95138,No
95139,No
95140,No
95141,No
95142,Yes
95143,No
95144,Yes
95145,Yes
95146,No
95147,No
95148,No
95149,No
95150,No
95151,No
95152,Yes
95153,No
95154,Yes
95155,No
95156,Yes
95157,No
95158,No
95159,No
95160,No
95161,Yes
95162,Yes
95163,Yes
95164,No
95165,Yes
95166,No
95167,No
95168,No
95169,No
95170,No
95171,No
95172,No
95173,Yes
95174,No
95175,Yes
95176,Yes
95177,No
95178,No
95179,No
95180,No
95181,No
95182,No
95183,No
95184,No
95185,No
95186,No
95187,No
95188,No
95189,No
95190,Yes
95191,Yes
95192,No
95193,No
95194,No
95195,No
95196,Yes
95197,Yes
95198,No
95199,Yes
95200,No
95201,No
95202,Yes
95203,No
95204,No
95205,No
95206,No
95207,Yes
95208,Yes
95209,No
95210,No
95211,Yes
95212,No
95213,No
95214,Yes
95215,Yes
95216,Yes
95217,No
95218,No
95219,No
95220,No
95221,No
95222,No
95223,Yes
95224,No
95225,No
95226,No
95227,No
95228,No
95229,No
95230,Yes
95231,No
95232,No
95233,Yes
95234,No
95235,No
95236,No
95237,Yes
95238,No
95239,Yes
95240,Yes
95241,Yes
95242,No
95243,No
95244,Yes
95245,Yes
95246,No
95247,No
95248,No
95249,No
95250,Yes
95251,No
95252,Yes
95253,Yes
95254,No
95255,Yes
95256,No
95257,No
95258,No
95259,Yes
95260,No
95261,No
95262,No
95263,No
95264,No
95265,No
95266,No
95267,No
95268,No
95269,No
95270,Yes
95271,Yes
95272,No
95273,No
95274,No
95275,Yes
95276,Yes
95277,Yes
95278,No
95279,Yes
95280,No
95281,No
95282,No
95283,No
95284,No
95285,No
95286,Yes
95287,No
95288,No
95289,Yes
95290,Yes
95291,No
95292,No
95293,No
95294,No
95295,No
95296,Yes
95297,No
95298,No
95299,No
95300,Yes
95301,No
95302,No
95303,No
95304,No
95305,No
95306,No
95307,Yes
95308,No
95309,Yes
95310,Yes
95311,Yes
95312,No
95313,Yes
95314,No
95315,No
95316,No
95317,No
95318,No
95319,No
95320,Yes
95321,No
95322,No
95323,No
95324,No
95325,No
95326,No
95327,No
95328,No
95329,No
95330,Yes
95331,No
95332,No
95333,No
95334,Yes
95335,No
95336,No
95337,No
95338,Yes
95339,No
95340,Yes
95341,No
95342,No
95343,No
95344,No
95345,No
95346,No
95347,Yes
95348,No
95349,Yes
95350,No
95351,No
95352,No
95353,Yes
95354,Yes
95355,No
95356,No
95357,Yes
95358,Yes
95359,No
95360,Yes
95361,No
95362,No
95363,No
95364,No
95365,Yes
95366,No
95367,No
95368,No
95369,No
95370,No
95371,Yes
95372,No
95373,No
95374,Yes
95375,Yes
95376,No
95377,No
95378,No
95379,No
95380,No
95381,No
95382,No
95383,No
95384,No
95385,Yes
95386,No
95387,No
95388,No
95389,Yes
95390,Yes
95391,Yes
95392,No
95393,No
95394,No
95395,No
95396,No
95397,Yes
95398,No
95399,No
95400,No
95401,No
95402,No
95403,No
95404,No
95405,No
95406,No
95407,No
95408,No
95409,No
95410,No
95411,No
95412,No
95413,Yes
95414,Yes
95415,No
95416,No
95417,Yes
95418,No
95419,No
95420,No
95421,Yes
95422,No
95423,No
95424,Yes
95425,No
95426,No
95427,No
95428,Yes
95429,Yes
95430,No
95431,No
95432,Yes
95433,No
95434,Yes
95435,No
95436,No
95437,No
95438,Yes
95439,No
95440,No
95441,No
95442,No
95443,No
95444,No
95445,No
95446,No
95447,Yes
95448,No
95449,Yes
95450,No
95451,No
95452,No
95453,No
95454,Yes
95455,No
95456,No
95457,No
95458,No
95459,No
95460,No
95461,No
95462,No
95463,Yes
95464,No
95465,No
95466,No
95467,No
95468,No
95469,No
95470,No
95471,No
95472,No
95473,Yes
95474,Yes
95475,No
95476,No
95477,No
95478,No
95479,No
95480,No
95481,No
95482,No
95483,No
95484,No
95485,No
95486,No
95487,No
95488,No
95489,No
95490,No
95491,No
95492,No
95493,No
95494,Yes
95495,No
95496,No
95497,No
95498,No
95499,No
95500,No
95501,No
95502,Yes
95503,Yes
95504,No
95505,No
95506,No
95507,No
95508,No
95509,No
95510,No
95511,Yes
95512,No
95513,No
95514,Yes
95515,No
95516,Yes
95517,No
95518,No
95519,No
95520,Yes
95521,No
95522,No
95523,No
95524,No
95525,No
95526,Yes
95527,No
95528,No
95529,Yes
95530,No
95531,No
95532,No
95533,Yes
95534,No
95535,No
95536,Yes
95537,No
95538,No
95539,No
95540,No
95541,No
95542,Yes
95543,Yes
95544,Yes
95545,No
95546,No
95547,No
95548,No
95549,No
95550,No
95551,No
95552,Yes
95553,No
95554,No
95555,No
95556,Yes
95557,No
95558,No
95559,No
95560,No
95561,No
95562,No
95563,No
95564,No
95565,No
95566,No
95567,No
95568,No
95569,No
95570,No
95571,No
95572,No
95573,No
95574,Yes
95575,No
95576,No
95577,No
95578,No
95579,Yes
95580,No
95581,No
95582,No
95583,No
95584,No
95585,Yes
95586,No
95587,No
95588,Yes
95589,No
95590,No
95591,Yes
95592,No
95593,Yes
95594,No
95595,Yes
95596,Yes
95597,No
95598,No
95599,No
95600,Yes
95601,No
95602,No
95603,No
95604,No
95605,Yes
95606,No
95607,Yes
95608,No
95609,No
95610,No
95611,No
95612,No
95613,No
95614,No
95615,No
95616,No
95617,No
95618,No
95619,Yes
95620,No
95621,No
95622,Yes
95623,Yes
95624,No
95625,Yes
95626,No
95627,Yes
95628,Yes
95629,No
95630,Yes
95631,No
95632,No
95633,Yes
95634,Yes
95635,No
95636,No
95637,No
95638,No
95639,Yes
95640,No
95641,Yes
95642,No
95643,No
95644,No
95645,Yes
95646,Yes
95647,No
95648,No
95649,No
95650,Yes
95651,No
95652,No
95653,No
95654,No
95655,No
95656,No
95657,No
95658,No
95659,No
95660,No
95661,Yes
95662,Yes
95663,No
95664,No
95665,No
95666,No
95667,No
95668,No
95669,No
95670,No
95671,No
95672,No
95673,No
95674,No
95675,No
95676,No
95677,No
95678,Yes
95679,No
95680,No
95681,No
95682,Yes
95683,No
95684,Yes
95685,No
95686,Yes
95687,No
95688,No
95689,Yes
95690,Yes
95691,No
95692,Yes
95693,No
95694,Yes
95695,Yes
95696,No
95697,No
95698,No
95699,No
95700,Yes
95701,No
95702,No
95703,No
95704,No
95705,No
95706,No
95707,Yes
95708,No
95709,No
95710,No
95711,No
95712,No
95713,No
95714,No
95715,Yes
95716,No
95717,No
95718,Yes
95719,No
95720,Yes
95721,No
95722,Yes
95723,No
95724,Yes
95725,No
95726,Yes
95727,Yes
95728,No
95729,Yes
95730,No
95731,No
95732,No
95733,Yes
95734,Yes
95735,No
95736,Yes
95737,Yes
95738,No
95739,Yes
95740,No
95741,No
95742,No
95743,No
95744,No
95745,Yes
95746,Yes
95747,No
95748,Yes
95749,No
95750,No
95751,Yes
95752,No
95753,No
95754,Yes
95755,Yes
95756,No
95757,No
95758,No
95759,Yes
95760,No
95761,No
95762,No
95763,Yes
95764,Yes
95765,No
95766,No
95767,No
95768,No
95769,Yes
95770,No
95771,Yes
95772,No
95773,No
95774,No
95775,No
95776,No
95777,Yes
95778,No
95779,Yes
95780,No
95781,No
95782,No
95783,No
95784,Yes
95785,No
95786,No
95787,No
95788,No
95789,No
95790,Yes
95791,Yes
95792,No
95793,No
95794,No
95795,Yes
95796,No
95797,Yes
95798,Yes
95799,Yes
95800,No
95801,No
95802,No
95803,No
95804,No
95805,No
95806,Yes
95807,No
95808,No
95809,No
95810,No
95811,No
95812,No
95813,No
95814,No
95815,No
95816,Yes
95817,No
95818,No
95819,No
95820,No
95821,Yes
95822,No
95823,No
95824,No
95825,No
95826,Yes
95827,No
95828,No
95829,No
95830,Yes
95831,No
95832,No
95833,No
95834,No
95835,Yes
95836,No
95837,Yes
95838,No
95839,No
95840,No
95841,No
95842,No
95843,No
95844,No
95845,Yes
95846,Yes
95847,No
95848,No
95849,No
95850,No
95851,No
95852,No
95853,No
95854,No
95855,Yes
95856,No
95857,No
95858,No
95859,No
95860,No
95861,No
95862,No
95863,No
95864,Yes
95865,No
95866,No
95867,Yes
95868,No
95869,No
95870,No
95871,No
95872,No
95873,Yes
95874,No
95875,No
95876,No
95877,No
95878,No
95879,Yes
95880,Yes
95881,No
95882,No
95883,No
95884,Yes
95885,No
95886,No
95887,No
95888,No
95889,Yes
95890,No
95891,No
95892,Yes
95893,No
95894,No
95895,No
95896,No
95897,No
95898,Yes
95899,Yes
95900,No
95901,No
95902,Yes
95903,Yes
95904,No
95905,Yes
95906,No
95907,No
95908,No
95909,Yes
95910,Yes
95911,No
95912,No
95913,No
95914,No
95915,No
95916,No
95917,No
95918,No
95919,No
95920,No
95921,No
95922,No
95923,No
95924,Yes
95925,No
95926,No
95927,No
95928,No
95929,No
95930,No
95931,No
95932,No
95933,No
95934,No
95935,Yes
95936,Yes
95937,No
95938,No
95939,No
95940,No
95941,No
95942,No
95943,Yes
95944,No
95945,No
95946,No
95947,No
95948,No
95949,Yes
95950,No
95951,No
95952,No
95953,No
95954,No
95955,Yes
95956,No
95957,No
95958,Yes
95959,Yes
95960,Yes
95961,No
95962,No
95963,No
95964,No
95965,No
95966,No
95967,No
95968,No
95969,No
95970,Yes
95971,No
95972,No
95973,No
95974,No
95975,No
95976,No
95977,Yes
95978,No
95979,Yes
95980,Yes
95981,No
95982,No
95983,No
95984,No
95985,No
95986,Yes
95987,No
95988,Yes
95989,Yes
95990,No
95991,No
95992,No
95993,Yes
95994,Yes
95995,No
95996,Yes
95997,Yes
95998,No
95999,No
96000,No
96001,Yes
96002,No
96003,No
96004,No
96005,No
96006,Yes
96007,No
96008,No
96009,No
96010,No
96011,No
96012,No
96013,No
96014,No
96015,No
96016,No
96017,No
96018,No
96019,Yes
96020,No
96021,Yes
96022,No
96023,No
96024,No
96025,No
96026,No
96027,No
96028,No
96029,No
96030,No
96031,No
96032,No
96033,No
96034,No
96035,No
96036,Yes
96037,No
96038,No
96039,Yes
96040,Yes
96041,Yes
96042,No
96043,No
96044,No
96045,No
96046,No
96047,No
96048,No
96049,Yes
96050,No
96051,No
96052,No
96053,Yes
96054,No
96055,No
96056,No
96057,Yes
96058,No
96059,No
96060,No
96061,Yes
96062,Yes
96063,No
96064,No
96065,Yes
96066,No
96067,No
96068,No
96069,No
96070,No
96071,No
96072,No
96073,Yes
96074,No
96075,Yes
96076,No
96077,No
96078,Yes
96079,No
96080,Yes
96081,No
96082,No
96083,No
96084,No
96085,Yes
96086,Yes
96087,Yes
96088,No
96089,Yes
96090,Yes
96091,Yes
96092,No
96093,No
96094,No
96095,No
96096,No
96097,Yes
96098,No
96099,No
96100,Yes
96101,No
96102,No
96103,No
96104,Yes
96105,No
96106,No
96107,No
96108,No
96109,No
96110,No
96111,No
96112,No
96113,No
96114,No
96115,No
96116,No
96117,Yes
96118,Yes
96119,No
96120,Yes
96121,Yes
96122,Yes
96123,No
96124,No
96125,Yes
96126,Yes
96127,No
96128,Yes
96129,No
96130,No
96131,No
96132,Yes
96133,No
96134,No
96135,No
96136,Yes
96137,No
96138,No
96139,No
96140,No
96141,No
96142,No
96143,No
96144,No
96145,No
96146,No
96147,No
96148,Yes
96149,No
96150,No
96151,No
96152,Yes
96153,Yes
96154,No
96155,Yes
96156,No
96157,Yes
96158,No
96159,No
96160,No
96161,No
96162,No
96163,Yes
96164,Yes
96165,No
96166,No
96167,No
96168,Yes
96169,No
96170,No
96171,No
96172,No
96173,No
96174,No
96175,No
96176,No
96177,Yes
96178,Yes
96179,No
96180,No
96181,No
96182,No
96183,Yes
96184,No
96185,No
96186,No
96187,No
96188,No
96189,No
96190,Yes
96191,Yes
96192,Yes
96193,Yes
96194,Yes
96195,Yes
96196,Yes
96197,Yes
96198,No
96199,No
96200,Yes
96201,Yes
96202,No
96203,Yes
96204,No
96205,Yes
96206,No
96207,No
96208,No
96209,No
96210,No
96211,Yes
96212,No
96213,Yes
96214,No
96215,Yes
96216,No
96217,No
96218,Yes
96219,No
96220,Yes
96221,No
96222,No
96223,No
96224,No
96225,No
96226,No
96227,No
96228,No
96229,No
96230,No
96231,No
96232,No
96233,Yes
96234,No
96235,No
96236,No
96237,No
96238,No
96239,No
96240,No
96241,Yes
96242,No
96243,No
96244,No
96245,Yes
96246,No
96247,No
96248,Yes
96249,Yes
96250,No
96251,No
96252,No
96253,Yes
96254,No
96255,No
96256,No
96257,Yes
96258,No
96259,Yes
96260,Yes
96261,Yes
96262,No
96263,No
96264,Yes
96265,No
96266,No
96267,Yes
96268,No
96269,No
96270,No
96271,No
96272,Yes
96273,No
96274,No
96275,No
96276,No
96277,No
96278,Yes
96279,No
96280,No
96281,Yes
96282,No
96283,Yes
96284,No
96285,No
96286,No
96287,Yes
96288,Yes
96289,Yes
96290,No
96291,Yes
96292,No
96293,No
96294,Yes
96295,No
96296,No
96297,Yes
96298,No
96299,Yes
96300,Yes
96301,No
96302,No
96303,No
96304,No
96305,Yes
96306,No
96307,No
96308,Yes
96309,No
96310,No
96311,Yes
96312,No
96313,No
96314,Yes
96315,Yes
96316,No
96317,No
96318,No
96319,No
96320,No
96321,Yes
96322,No
96323,No
96324,Yes
96325,No
96326,No
96327,No
96328,No
96329,No
96330,Yes
96331,Yes
96332,No
96333,No
96334,No
96335,No
96336,No
96337,Yes
96338,No
96339,No
96340,Yes
96341,Yes
96342,No
96343,No
96344,No
96345,No
96346,No
96347,No
96348,No
96349,Yes
96350,No
96351,No
96352,No
96353,No
96354,No
96355,No
96356,Yes
96357,No
96358,No
96359,No
96360,No
96361,Yes
96362,No
96363,No
96364,No
96365,No
96366,No
96367,Yes
96368,No
96369,Yes
96370,Yes
96371,No
96372,No
96373,Yes
96374,No
96375,No
96376,Yes
96377,Yes
96378,No
96379,No
96380,No
96381,Yes
96382,Yes
96383,No
96384,No
96385,No
96386,Yes
96387,No
96388,No
96389,No
96390,No
96391,No
96392,No
96393,No
96394,No
96395,Yes
96396,No
96397,No
96398,No
96399,No
96400,No
96401,No
96402,No
96403,No
96404,No
96405,No
96406,No
96407,Yes
96408,No
96409,Yes
96410,No
96411,Yes
96412,No
96413,No
96414,No
96415,No
96416,No
96417,Yes
96418,No
96419,No
96420,Yes
96421,No
96422,No
96423,No
96424,No
96425,No
96426,No
96427,Yes
96428,No
96429,Yes
96430,Yes
96431,No
96432,No
96433,Yes
96434,No
96435,No
96436,No
96437,No
96438,Yes
96439,Yes
96440,No
96441,No
96442,No
96443,No
96444,No
96445,Yes
96446,No
96447,Yes
96448,No
96449,No
96450,Yes
96451,Yes
96452,No
96453,No
96454,No
96455,No
96456,No
96457,No
96458,No
96459,No
96460,No
96461,No
96462,No
96463,Yes
96464,No
96465,No
96466,Yes
96467,No
96468,Yes
96469,Yes
96470,No
96471,No
96472,No
96473,No
96474,Yes
96475,Yes
96476,Yes
96477,No
96478,No
96479,Yes
96480,No
96481,Yes
96482,Yes
96483,No
96484,No
96485,No
96486,No
96487,Yes
96488,No
96489,No
96490,No
96491,No
96492,Yes
96493,No
96494,No
96495,No
96496,No
96497,No
96498,No
96499,No
96500,No
96501,No
96502,Yes
96503,No
96504,Yes
96505,No
96506,No
96507,No
96508,No
96509,No
96510,No
96511,No
96512,No
96513,No
96514,Yes
96515,Yes
96516,No
96517,Yes
96518,No
96519,Yes
96520,No
96521,No
96522,Yes
96523,No
96524,No
96525,Yes
96526,Yes
96527,No
96528,No
96529,Yes
96530,No
96531,Yes
96532,No
96533,Yes
96534,No
96535,No
96536,No
96537,No
96538,No
96539,No
96540,No
96541,No
96542,No
96543,No
96544,No
96545,No
96546,No
96547,No
96548,No
96549,No
96550,No
96551,No
96552,Yes
96553,Yes
96554,No
96555,No
96556,No
96557,No
96558,No
96559,Yes
96560,No
96561,No
96562,No
96563,No
96564,No
96565,No
96566,No
96567,No
96568,No
96569,No
96570,No
96571,No
96572,Yes
96573,No
96574,No
96575,No
96576,No
96577,No
96578,No
96579,Yes
96580,No
96581,Yes
96582,Yes
96583,No
96584,Yes
96585,Yes
96586,No
96587,No
96588,No
96589,Yes
96590,Yes
96591,Yes
96592,Yes
96593,No
96594,No
96595,Yes
96596,Yes
96597,Yes
96598,No
96599,No
96600,No
96601,No
96602,No
96603,Yes
96604,No
96605,No
96606,Yes
96607,No
96608,No
96609,Yes
96610,No
96611,No
96612,No
96613,No
96614,No
96615,Yes
96616,No
96617,Yes
96618,No
96619,Yes
96620,No
96621,No
96622,No
96623,No
96624,No
96625,No
96626,No
96627,Yes
96628,No
96629,Yes
96630,Yes
96631,No
96632,Yes
96633,Yes
96634,No
96635,No
96636,No
96637,No
96638,No
96639,No
96640,No
96641,Yes
96642,No
96643,Yes
96644,Yes
96645,No
96646,No
96647,No
96648,No
96649,Yes
96650,No
96651,No
96652,Yes
96653,No
96654,Yes
96655,No
96656,No
96657,Yes
96658,No
96659,No
96660,Yes
96661,No
96662,No
96663,No
96664,No
96665,No
96666,No
96667,No
96668,No
96669,Yes
96670,Yes
96671,No
96672,No
96673,No
96674,No
96675,Yes
96676,Yes
96677,No
96678,No
96679,No
96680,No
96681,No
96682,No
96683,No
96684,No
96685,Yes
96686,No
96687,Yes
96688,No
96689,No
96690,No
96691,No
96692,No
96693,No
96694,Yes
96695,No
96696,Yes
96697,No
96698,No
96699,No
96700,No
96701,No
96702,No
96703,Yes
96704,No
96705,No
96706,No
96707,Yes
96708,No
96709,Yes
96710,No
96711,No
96712,No
96713,No
96714,No
96715,Yes
96716,No
96717,No
96718,No
96719,Yes
96720,No
96721,No
96722,No
96723,Yes
96724,No
96725,No
96726,No
96727,Yes
96728,No
96729,No
96730,Yes
96731,Yes
96732,No
96733,No
96734,No
96735,No
96736,No
96737,No
96738,No
96739,Yes
96740,No
96741,No
96742,Yes
96743,No
96744,No
96745,Yes
96746,No
96747,Yes
96748,Yes
96749,No
96750,No
96751,No
96752,No
96753,No
96754,No
96755,No
96756,No
96757,Yes
96758,Yes
96759,Yes
96760,No
96761,No
96762,No
96763,No
96764,No
96765,No
96766,No
96767,No
96768,No
96769,Yes
96770,No
96771,No
96772,No
96773,No
96774,No
96775,No
96776,No
96777,Yes
96778,No
96779,No
96780,No
96781,No
96782,No
96783,No
96784,No
96785,Yes
96786,No
96787,No
96788,Yes
96789,No
96790,No
96791,No
96792,No
96793,No
96794,Yes
96795,No
96796,No
96797,No
96798,Yes
96799,Yes
96800,No
96801,No
96802,No
96803,Yes
96804,Yes
96805,No
96806,Yes
96807,No
96808,No
96809,No
96810,Yes
96811,No
96812,Yes
96813,No
96814,No
96815,Yes
96816,No
96817,No
96818,No
96819,Yes
96820,Yes
96821,No
96822,No
96823,No
96824,No
96825,No
96826,No
96827,No
96828,No
96829,No
96830,No
96831,No
96832,Yes
96833,No
96834,No
96835,No
96836,Yes
96837,No
96838,No
96839,No
96840,No
96841,No
96842,Yes
96843,No
96844,Yes
96845,No
96846,No
96847,No
96848,Yes
96849,No
96850,No
96851,No
96852,No
96853,No
96854,No
96855,No
96856,No
96857,Yes
96858,No
96859,Yes
96860,No
96861,No
96862,No
96863,No
96864,Yes
96865,No
96866,No
96867,No
96868,Yes
96869,Yes
96870,No
96871,No
96872,Yes
96873,Yes
96874,No
96875,No
96876,Yes
96877,No
96878,Yes
96879,No
96880,No
96881,No
96882,No
96883,Yes
96884,No
96885,No
96886,No
96887,Yes
96888,Yes
96889,No
96890,Yes
96891,No
96892,No
96893,Yes
96894,No
96895,Yes
96896,No
96897,No
96898,No
96899,Yes
96900,No
96901,No
96902,Yes
96903,Yes
96904,No
96905,No
96906,No
96907,Yes
96908,No
96909,Yes
96910,No
96911,No
96912,Yes
96913,No
96914,No
96915,No
96916,No
96917,No
96918,Yes
96919,No
96920,No
96921,Yes
96922,No
96923,No
96924,No
96925,No
96926,Yes
96927,No
96928,No
96929,No
96930,No
96931,Yes
96932,Yes
96933,No
96934,No
96935,Yes
96936,No
96937,Yes
96938,Yes
96939,No
96940,No
96941,No
96942,No
96943,No
96944,No
96945,Yes
96946,No
96947,No
96948,No
96949,No
96950,No
96951,No
96952,No
96953,No
96954,No
96955,No
96956,No
96957,No
96958,Yes
96959,No
96960,No
96961,No
96962,No
96963,No
96964,No
96965,Yes
96966,No
96967,No
96968,No
96969,No
96970,Yes
96971,No
96972,No
96973,Yes
96974,No
96975,No
96976,No
96977,No
96978,No
96979,No
96980,Yes
96981,Yes
96982,No
96983,No
96984,No
96985,No
96986,No
96987,No
96988,Yes
96989,No
96990,Yes
96991,No
96992,No
96993,Yes
96994,No
96995,No
96996,Yes
96997,Yes
96998,No
96999,No
97000,Yes
97001,No
97002,No
97003,Yes
97004,No
97005,Yes
97006,Yes
97007,No
97008,Yes
97009,No
97010,No
97011,Yes
97012,Yes
97013,No
97014,Yes
97015,No
97016,Yes
97017,No
97018,No
97019,No
97020,Yes
97021,No
97022,No
97023,Yes
97024,No
97025,No
97026,No
97027,No
97028,Yes
97029,No
97030,No
97031,No
97032,No
97033,No
97034,No
97035,Yes
97036,No
97037,No
97038,No
97039,Yes
97040,No
97041,No
97042,No
97043,No
97044,No
97045,No
97046,No
97047,No
97048,No
97049,No
97050,Yes
97051,No
97052,No
97053,No
97054,No
97055,No
97056,No
97057,No
97058,No
97059,No
97060,No
97061,Yes
97062,Yes
97063,Yes
97064,No
97065,No
97066,No
97067,No
97068,Yes
97069,No
97070,No
97071,No
97072,No
97073,No
97074,Yes
97075,No
97076,Yes
97077,No
97078,No
97079,Yes
97080,No
97081,No
97082,No
97083,No
97084,No
97085,No
97086,No
97087,Yes
97088,No
97089,Yes
97090,No
97091,No
97092,No
97093,No
97094,No
97095,No
97096,No
97097,No
97098,No
97099,Yes
97100,No
97101,No
97102,Yes
97103,No
97104,No
97105,No
97106,Yes
97107,No
97108,Yes
97109,Yes
97110,No
97111,No
97112,No
97113,No
97114,No
97115,No
97116,Yes
97117,Yes
97118,No
97119,No
97120,Yes
97121,No
97122,No
97123,No
97124,Yes
97125,Yes
97126,No
97127,No
97128,Yes
97129,No
97130,No
97131,No
97132,Yes
97133,No
97134,No
97135,Yes
97136,No
97137,No
97138,No
97139,Yes
97140,Yes
97141,Yes
97142,No
97143,No
97144,No
97145,No
97146,No
97147,No
97148,No
97149,No
97150,No
97151,No
97152,No
97153,No
97154,No
97155,No
97156,No
97157,No
97158,Yes
97159,Yes
97160,Yes
97161,Yes
97162,No
97163,No
97164,No
97165,Yes
97166,Yes
97167,Yes
97168,No
97169,Yes
97170,No
97171,Yes
97172,No
97173,No
97174,No
97175,No
97176,No
97177,No
97178,No
97179,Yes
97180,No
97181,No
97182,Yes
97183,No
97184,No
97185,No
97186,Yes
97187,Yes
97188,No
97189,No
97190,No
97191,No
97192,No
97193,No
97194,No
97195,Yes
97196,No
97197,No
97198,No
97199,No
97200,Yes
97201,Yes
97202,No
97203,No
97204,No
97205,No
97206,No
97207,No
97208,No
97209,Yes
97210,Yes
97211,Yes
97212,No
97213,No
97214,Yes
97215,Yes
97216,No
97217,No
97218,No
97219,No
97220,No
97221,No
97222,No
97223,No
97224,No
97225,No
97226,No
97227,Yes
97228,Yes
97229,Yes
97230,Yes
97231,No
97232,No
97233,Yes
97234,No
97235,No
97236,No
97237,No
97238,No
97239,Yes
97240,No
97241,Yes
97242,No
97243,No
97244,No
97245,Yes
97246,No
97247,Yes
97248,No
97249,Yes
97250,No
97251,No
97252,No
97253,Yes
97254,Yes
97255,No
97256,No
97257,No
97258,No
97259,No
97260,No
97261,Yes
97262,No
97263,No
97264,No
97265,No
97266,No
97267,Yes
97268,Yes
97269,No
97270,Yes
97271,No
97272,No
97273,No
97274,No
97275,Yes
97276,No
97277,No
97278,Yes
97279,Yes
97280,No
97281,No
97282,No
97283,No
97284,No
97285,No
97286,No
97287,Yes
97288,No
97289,No
97290,No
97291,No
97292,No
97293,No
97294,No
97295,No
97296,Yes
97297,Yes
97298,No
97299,No
97300,No
97301,No
97302,No
97303,No
97304,No
97305,No
97306,No
97307,No
97308,Yes
97309,Yes
97310,No
97311,No
97312,No
97313,Yes
97314,Yes
97315,No
97316,No
97317,No
97318,No
97319,No
97320,Yes
97321,Yes
97322,No
97323,Yes
97324,Yes
97325,No
97326,No
97327,No
97328,Yes
97329,Yes
97330,No
97331,No
97332,No
97333,No
97334,Yes
97335,Yes
97336,Yes
97337,No
97338,No
97339,No
97340,No
97341,No
97342,Yes
97343,Yes
97344,No
97345,Yes
97346,No
97347,Yes
97348,Yes
97349,Yes
97350,Yes
97351,No
97352,No
97353,No
97354,No
97355,Yes
97356,No
97357,No
97358,Yes
97359,No
97360,Yes
97361,No
97362,No
97363,No
97364,No
97365,No
97366,Yes
97367,No
97368,Yes
97369,Yes
97370,No
97371,No
97372,Yes
97373,No
97374,No
97375,No
97376,No
97377,No
97378,No
97379,Yes
97380,Yes
97381,No
97382,Yes
97383,No
97384,No
97385,No
97386,No
97387,Yes
97388,No
97389,Yes
97390,No
97391,No
97392,Yes
97393,No
97394,Yes
97395,No
97396,No
97397,No
97398,No
97399,Yes
97400,No
97401,No
97402,No
97403,Yes
97404,No
97405,No
97406,No
97407,No
97408,No
97409,No
97410,No
97411,No
97412,No
97413,No
97414,No
97415,Yes
97416,No
97417,No
97418,Yes
97419,No
97420,No
97421,No
97422,No
97423,No
97424,No
97425,No
97426,No
97427,No
97428,No
97429,No
97430,No
97431,Yes
97432,No
97433,Yes
97434,Yes
97435,No
97436,Yes
97437,Yes
97438,No
97439,Yes
97440,No
97441,No
97442,No
97443,Yes
97444,No
97445,No
97446,No
97447,No
97448,No
97449,Yes
97450,No
97451,Yes
97452,No
97453,Yes
97454,No
97455,Yes
97456,No
97457,No
97458,Yes
97459,No
97460,No
97461,Yes
97462,No
97463,Yes
97464,No
97465,No
97466,Yes
97467,No
97468,No
97469,No
97470,No
97471,No
97472,Yes
97473,No
97474,No
97475,Yes
97476,No
97477,Yes
97478,Yes
97479,No
97480,No
97481,No
97482,No
97483,No
97484,No
97485,No
97486,No
97487,Yes
97488,No
97489,No
97490,No
97491,Yes
97492,No
97493,No
97494,No
97495,Yes
97496,No
97497,Yes
97498,No
97499,No
97500,Yes
97501,No
97502,No
97503,No
97504,Yes
97505,No
97506,No
97507,No
97508,Yes
97509,No
97510,No
97511,No
97512,No
97513,No
97514,Yes
97515,No
97516,Yes
97517,No
97518,No
97519,No
97520,No
97521,No
97522,No
97523,No
97524,No
97525,No
97526,No
97527,No
97528,No
97529,No
97530,Yes
97531,No
97532,Yes
97533,No
97534,No
97535,No
97536,Yes
97537,Yes
97538,No
97539,No
97540,No
97541,Yes
97542,No
97543,Yes
97544,No
97545,Yes
97546,No
97547,Yes
97548,No
97549,Yes
97550,Yes
97551,Yes
97552,No
97553,No
97554,No
97555,No
97556,No
97557,Yes
97558,Yes
97559,No
97560,No
97561,No
97562,No
97563,No
97564,Yes
97565,No
97566,No
97567,No
97568,No
97569,No
97570,No
97571,Yes
97572,No
97573,No
97574,No
97575,No
97576,No
97577,No
97578,No
97579,No
97580,No
97581,Yes
97582,Yes
97583,Yes
97584,No
97585,No
97586,No
97587,No
97588,No
97589,No
97590,No
97591,No
97592,Yes
97593,No
97594,No
97595,No
97596,Yes
97597,No
97598,No
97599,No
97600,No
97601,No
97602,No
97603,Yes
97604,Yes
97605,No
97606,No
97607,No
97608,Yes
97609,No
97610,No
97611,No
97612,No
97613,No
97614,No
97615,No
97616,No
97617,No
97618,Yes
97619,Yes
97620,No
97621,No
97622,Yes
97623,No
97624,No
97625,No
97626,Yes
97627,No
97628,No
97629,No
97630,No
97631,No
97632,No
97633,Yes
97634,No
97635,No
97636,Yes
97637,Yes
97638,No
97639,No
97640,Yes
97641,No
97642,No
97643,Yes
97644,No
97645,No
97646,No
97647,Yes
97648,Yes
97649,Yes
97650,No
97651,No
97652,No
97653,Yes
97654,No
97655,No
97656,No
97657,No
97658,Yes
97659,Yes
97660,No
97661,No
97662,No
97663,No
97664,No
97665,Yes
97666,No
97667,No
97668,Yes
97669,No
97670,No
97671,No
97672,No
97673,No
97674,No
97675,Yes
97676,No
97677,No
97678,No
97679,No
97680,No
97681,No
97682,No
97683,No
97684,Yes
97685,No
97686,No
97687,No
97688,No
97689,No
97690,Yes
97691,No
97692,No
97693,No
97694,No
97695,No
97696,No
97697,No
97698,No
97699,No
97700,No
97701,No
97702,No
97703,No
97704,Yes
97705,No
97706,No
97707,No
97708,Yes
97709,No
97710,Yes
97711,No
97712,No
97713,No
97714,No
97715,Yes
97716,Yes
97717,No
97718,Yes
97719,Yes
97720,No
97721,No
97722,No
97723,Yes
97724,Yes
97725,Yes
97726,No
97727,No
97728,No
97729,No
97730,No
97731,No
97732,No
97733,No
97734,No
97735,No
97736,Yes
97737,Yes
97738,No
97739,No
97740,No
97741,No
97742,No
97743,Yes
97744,No
97745,No
97746,No
97747,Yes
97748,No
97749,No
97750,No
97751,No
97752,No
97753,No
97754,Yes
97755,No
97756,No
97757,No
97758,No
97759,No
97760,No
97761,Yes
97762,No
97763,No
97764,Yes
97765,No
97766,No
97767,No
97768,Yes
97769,Yes
97770,No
97771,Yes
97772,Yes
97773,No
97774,No
97775,Yes
97776,No
97777,No
97778,Yes
97779,Yes
97780,Yes
97781,No
97782,Yes
97783,No
97784,No
97785,No
97786,Yes
97787,No
97788,Yes
97789,Yes
97790,No
97791,Yes
97792,No
97793,No
97794,No
97795,No
97796,No
97797,Yes
97798,Yes
97799,No
97800,No
97801,Yes
97802,No
97803,Yes
97804,No
97805,No
97806,No
97807,No
97808,No
97809,No
97810,No
97811,No
97812,No
97813,No
97814,Yes
97815,Yes
97816,No
97817,Yes
97818,No
97819,No
97820,No
97821,Yes
97822,Yes
97823,No
97824,No
97825,No
97826,No
97827,No
97828,No
97829,No
97830,Yes
97831,No
97832,No
97833,No
97834,No
97835,No
97836,Yes
97837,Yes
97838,Yes
97839,No
97840,Yes
97841,Yes
97842,No
97843,No
97844,Yes
97845,No
97846,No
97847,No
97848,No
97849,No
97850,No
97851,No
97852,No
97853,No
97854,No
97855,No
97856,No
97857,No
97858,No
97859,No
97860,Yes
97861,No
97862,No
97863,No
97864,Yes
97865,No
97866,No
97867,No
97868,No
97869,No
97870,Yes
97871,Yes
97872,Yes
97873,No
97874,No
97875,Yes
97876,Yes
97877,Yes
97878,No
97879,No
97880,Yes
97881,Yes
97882,Yes
97883,No
97884,No
97885,No
97886,No
97887,Yes
97888,No
97889,No
97890,No
97891,No
97892,Yes
97893,No
97894,No
97895,No
97896,No
97897,No
97898,No
97899,No
97900,No
97901,Yes
97902,No
97903,No
97904,No
97905,Yes
97906,No
97907,No
97908,No
97909,No
97910,No
97911,Yes
97912,No
97913,Yes
97914,No
97915,No
97916,Yes
97917,No
97918,No
97919,No
97920,No
97921,No
97922,No
97923,Yes
97924,Yes
97925,No
97926,No
97927,Yes
97928,No
97929,No
97930,No
97931,Yes
97932,Yes
97933,No
97934,Yes
97935,No
97936,No
97937,No
97938,Yes
97939,Yes
97940,No
97941,Yes
97942,No
97943,No
97944,No
97945,No
97946,Yes
97947,Yes
97948,No
97949,No
97950,Yes
97951,No
97952,Yes
97953,No
97954,No
97955,Yes
97956,No
97957,No
97958,No
97959,No
97960,No
97961,No
97962,No
97963,No
97964,No
97965,No
97966,Yes
97967,No
97968,No
97969,Yes
97970,No
97971,No
97972,Yes
97973,No
97974,Yes
97975,No
97976,No
97977,No
97978,No
97979,No
97980,No
97981,Yes
97982,No
97983,No
97984,No
97985,No
97986,Yes
97987,No
97988,Yes
97989,No
97990,Yes
97991,No
97992,Yes
97993,No
97994,No
97995,No
97996,No
97997,Yes
97998,Yes
97999,Yes
98000,Yes
98001,Yes
98002,No
98003,Yes
98004,Yes
98005,No
98006,No
98007,No
98008,Yes
98009,No
98010,No
98011,Yes
98012,No
98013,No
98014,No
98015,No
98016,No
98017,No
98018,Yes
98019,Yes
98020,Yes
98021,No
98022,No
98023,No
98024,No
98025,No
98026,No
98027,No
98028,No
98029,No
98030,No
98031,No
98032,No
98033,No
98034,No
98035,No
98036,No
98037,No
98038,Yes
98039,No
98040,No
98041,No
98042,No
98043,No
98044,Yes
98045,Yes
98046,No
98047,Yes
98048,No
98049,No
98050,No
98051,Yes
98052,No
98053,No
98054,No
98055,No
98056,Yes
98057,No
98058,No
98059,No
98060,No
98061,No
98062,No
98063,No
98064,No
98065,Yes
98066,No
98067,No
98068,No
98069,No
98070,No
98071,No
98072,No
98073,Yes
98074,Yes
98075,No
98076,No
98077,No
98078,Yes
98079,No
98080,No
98081,Yes
98082,No
98083,Yes
98084,No
98085,No
98086,No
98087,No
98088,No
98089,No
98090,No
98091,No
98092,Yes
98093,No
98094,Yes
98095,Yes
98096,No
98097,No
98098,No
98099,Yes
98100,No
98101,Yes
98102,No
98103,No
98104,No
98105,No
98106,No
98107,Yes
98108,No
98109,No
98110,No
98111,No
98112,No
98113,No
98114,No
98115,No
98116,Yes
98117,Yes
98118,Yes
98119,No
98120,No
98121,No
98122,No
98123,Yes
98124,No
98125,No
98126,No
98127,No
98128,Yes
98129,No
98130,Yes
98131,No
98132,Yes
98133,No
98134,No
98135,No
98136,No
98137,Yes
98138,No
98139,Yes
98140,No
98141,No
98142,No
98143,No
98144,No
98145,No
98146,Yes
98147,No
98148,No
98149,No
98150,No
98151,No
98152,Yes
98153,No
98154,Yes
98155,No
98156,Yes
98157,No
98158,No
98159,No
98160,No
98161,No
98162,No
98163,Yes
98164,No
98165,No
98166,No
98167,No
98168,No
98169,No
98170,Yes
98171,No
98172,No
98173,No
98174,No
98175,No
98176,No
98177,No
98178,No
98179,No
98180,No
98181,Yes
98182,No
98183,No
98184,Yes
98185,No
98186,No
98187,No
98188,No
98189,Yes
98190,Yes
98191,Yes
98192,No
98193,No
98194,No
98195,No
98196,No
98197,No
98198,No
98199,No
98200,Yes
98201,No
98202,No
98203,No
98204,No
98205,No
98206,No
98207,Yes
98208,No
98209,No
98210,No
98211,No
98212,Yes
98213,Yes
98214,No
98215,No
98216,No
98217,No
98218,No
98219,No
98220,No
98221,No
98222,No
98223,No
98224,Yes
98225,No
98226,No
98227,No
98228,Yes
98229,Yes
98230,No
98231,No
98232,No
98233,Yes
98234,Yes
98235,No
98236,No
98237,No
98238,No
98239,No
98240,No
98241,Yes
98242,Yes
98243,No
98244,No
98245,No
98246,Yes
98247,No
98248,No
98249,No
98250,Yes
98251,No
98252,No
98253,No
98254,No
98255,No
98256,No
98257,No
98258,No
98259,Yes
98260,No
98261,No
98262,Yes
98263,No
98264,Yes
98265,Yes
98266,No
98267,No
98268,No
98269,No
98270,No
98271,No
98272,No
98273,No
98274,No
98275,No
98276,No
98277,No
98278,No
98279,No
98280,No
98281,No
98282,No
98283,Yes
98284,No
98285,No
98286,No
98287,Yes
98288,No
98289,No
98290,No
98291,Yes
98292,Yes
98293,No
98294,No
98295,Yes
98296,No
98297,No
98298,No
98299,Yes
98300,No
98301,No
98302,Yes
98303,Yes
98304,Yes
98305,No
98306,No
98307,No
98308,Yes
98309,No
98310,No
98311,No
98312,No
98313,No
98314,No
98315,No
98316,No
98317,No
98318,No
98319,Yes
98320,No
98321,No
98322,No
98323,No
98324,Yes
98325,Yes
98326,Yes
98327,No
98328,No
98329,No
98330,No
98331,No
98332,Yes
98333,No
98334,No
98335,No
98336,No
98337,No
98338,Yes
98339,No
98340,No
98341,No
98342,No
98343,No
98344,Yes
98345,No
98346,No
98347,No
98348,No
98349,No
98350,No
98351,No
98352,Yes
98353,No
98354,No
98355,Yes
98356,No
98357,No
98358,No
98359,Yes
98360,Yes
98361,Yes
98362,No
98363,No
98364,No
98365,Yes
98366,No
98367,No
98368,Yes
98369,No
98370,Yes
98371,Yes
98372,No
98373,No
98374,No
98375,No
98376,No
98377,No
98378,No
98379,No
98380,No
98381,No
98382,Yes
98383,Yes
98384,Yes
98385,No
98386,No
98387,No
98388,No
98389,No
98390,No
98391,Yes
98392,No
98393,No
98394,No
98395,No
98396,Yes
98397,No
98398,Yes
98399,Yes
98400,Yes
98401,No
98402,No
98403,Yes
98404,Yes
98405,Yes
98406,No
98407,Yes
98408,Yes
98409,No
98410,No
98411,No
98412,No
98413,No
98414,No
98415,Yes
98416,No
98417,No
98418,No
98419,Yes
98420,No
98421,No
98422,No
98423,No
98424,No
98425,Yes
98426,No
98427,No
98428,No
98429,Yes
98430,No
98431,Yes
98432,No
98433,No
98434,No
98435,Yes
98436,Yes
98437,No
98438,Yes
98439,No
98440,Yes
98441,Yes
98442,No
98443,No
98444,No
98445,No
98446,Yes
98447,No
98448,No
98449,No
98450,No
98451,No
98452,No
98453,No
98454,No
98455,Yes
98456,No
98457,No
98458,Yes
98459,Yes
98460,No
98461,Yes
98462,No
98463,No
98464,No
98465,Yes
98466,No
98467,Yes
98468,No
98469,No
98470,Yes
98471,Yes
98472,No
98473,No
98474,Yes
98475,No
98476,No
98477,No
98478,No
98479,Yes
98480,No
98481,Yes
98482,No
98483,No
98484,No
98485,Yes
98486,No
98487,No
98488,No
98489,No
98490,Yes
98491,No
98492,No
98493,No
98494,No
98495,Yes
98496,No
98497,No
98498,No
98499,No
98500,Yes
98501,No
98502,Yes
98503,Yes
98504,Yes
98505,Yes
98506,No
98507,No
98508,No
98509,No
98510,Yes
98511,No
98512,No
98513,No
98514,Yes
98515,No
98516,No
98517,No
98518,Yes
98519,No
98520,Yes
98521,No
98522,No
98523,No
98524,No
98525,No
98526,No
98527,No
98528,No
98529,No
98530,No
98531,No
98532,No
98533,No
98534,No
98535,No
98536,No
98537,No
98538,No
98539,No
98540,No
98541,No
98542,No
98543,No
98544,No
98545,Yes
98546,No
98547,No
98548,No
98549,No
98550,Yes
98551,No
98552,No
98553,No
98554,No
98555,No
98556,Yes
98557,No
98558,Yes
98559,No
98560,No
98561,No
98562,No
98563,No
98564,No
98565,No
98566,Yes
98567,Yes
98568,Yes
98569,No
98570,No
98571,Yes
98572,No
98573,No
98574,Yes
98575,No
98576,No
98577,Yes
98578,Yes
98579,Yes
98580,No
98581,No
98582,No
98583,No
98584,No
98585,No
98586,Yes
98587,No
98588,No
98589,Yes
98590,Yes
98591,No
98592,No
98593,No
98594,No
98595,Yes
98596,No
98597,No
98598,No
98599,No
98600,No
98601,No
98602,No
98603,No
98604,Yes
98605,Yes
98606,No
98607,No
98608,Yes
98609,Yes
98610,No
98611,Yes
98612,No
98613,No
98614,Yes
98615,No
98616,No
98617,No
98618,No
98619,Yes
98620,Yes
98621,Yes
98622,No
98623,No
98624,No
98625,No
98626,No
98627,No
98628,Yes
98629,Yes
98630,No
98631,Yes
98632,No
98633,No
98634,No
98635,Yes
98636,No
98637,No
98638,No
98639,No
98640,No
98641,No
98642,No
98643,Yes
98644,Yes
98645,No
98646,No
98647,No
98648,Yes
98649,No
98650,No
98651,Yes
98652,No
98653,Yes
98654,No
98655,No
98656,Yes
98657,No
98658,No
98659,No
98660,Yes
98661,No
98662,Yes
98663,No
98664,No
98665,No
98666,No
98667,No
98668,No
98669,Yes
98670,No
98671,No
98672,Yes
98673,No
98674,Yes
98675,No
98676,No
98677,No
98678,Yes
98679,No
98680,No
98681,Yes
98682,No
98683,No
98684,No
98685,No
98686,Yes
98687,No
98688,No
98689,No
98690,No
98691,Yes
98692,Yes
98693,No
98694,Yes
98695,Yes
98696,No
98697,Yes
98698,No
98699,No
98700,No
98701,No
98702,No
98703,Yes
98704,No
98705,Yes
98706,No
98707,No
98708,No
98709,No
98710,No
98711,Yes
98712,No
98713,No
98714,No
98715,No
98716,No
98717,Yes
98718,No
98719,No
98720,No
98721,No
98722,No
98723,No
98724,No
98725,No
98726,Yes
98727,Yes
98728,No
98729,No
98730,Yes
98731,No
98732,No
98733,No
98734,No
98735,No
98736,No
98737,No
98738,No
98739,No
98740,No
98741,Yes
98742,No
98743,Yes
98744,No
98745,No
98746,No
98747,No
98748,No
98749,Yes
98750,No
98751,No
98752,No
98753,No
98754,No
98755,No
98756,No
98757,No
98758,No
98759,Yes
98760,No
98761,Yes
98762,No
98763,No
98764,Yes
98765,No
98766,No
98767,Yes
98768,No
98769,No
98770,No
98771,No
98772,Yes
98773,No
98774,No
98775,No
98776,Yes
98777,Yes
98778,Yes
98779,Yes
98780,Yes
98781,Yes
98782,No
98783,No
98784,No
98785,No
98786,Yes
98787,No
98788,No
98789,Yes
98790,Yes
98791,No
98792,No
98793,No
98794,No
98795,No
98796,No
98797,Yes
98798,Yes
98799,No
98800,No
98801,No
98802,Yes
98803,No
98804,No
98805,No
98806,No
98807,No
98808,Yes
98809,No
98810,No
98811,No
98812,Yes
98813,Yes
98814,No
98815,No
98816,No
98817,No
98818,Yes
98819,Yes
98820,No
98821,No
98822,No
98823,No
98824,No
98825,Yes
98826,No
98827,No
98828,No
98829,No
98830,No
98831,No
98832,No
98833,No
98834,No
98835,No
98836,No
98837,Yes
98838,No
98839,No
98840,No
98841,No
98842,No
98843,No
98844,No
98845,Yes
98846,No
98847,No
98848,No
98849,Yes
98850,No
98851,Yes
98852,No
98853,No
98854,No
98855,Yes
98856,No
98857,Yes
98858,No
98859,No
98860,No
98861,Yes
98862,No
98863,No
98864,No
98865,No
98866,No
98867,No
98868,No
98869,No
98870,No
98871,Yes
98872,No
98873,Yes
98874,Yes
98875,No
98876,Yes
98877,No
98878,No
98879,No
98880,No
98881,No
98882,No
98883,No
98884,No
98885,Yes
98886,No
98887,No
98888,No
98889,Yes
98890,No
98891,No
98892,No
98893,No
98894,No
98895,No
98896,No
98897,No
98898,No
98899,No
98900,No
98901,No
98902,No
98903,Yes
98904,Yes
98905,No
98906,No
98907,Yes
98908,Yes
98909,Yes
98910,No
98911,Yes
98912,No
98913,No
98914,No
98915,No
98916,Yes
98917,No
98918,No
98919,No
98920,No
98921,Yes
98922,No
98923,No
98924,No
98925,No
98926,Yes
98927,Yes
98928,No
98929,No
98930,No
98931,No
98932,No
98933,Yes
98934,No
98935,Yes
98936,No
98937,Yes
98938,No
98939,No
98940,No
98941,Yes
98942,No
98943,No
98944,No
98945,No
98946,No
98947,Yes
98948,No
98949,Yes
98950,No
98951,No
98952,No
98953,Yes
98954,No
98955,No
98956,No
98957,No
98958,No
98959,No
98960,Yes
98961,No
98962,No
98963,No
98964,No
98965,No
98966,Yes
98967,No
98968,Yes
98969,No
98970,Yes
98971,No
98972,No
98973,No
98974,No
98975,Yes
98976,No
98977,No
98978,No
98979,No
98980,No
98981,No
98982,No
98983,No
98984,No
98985,No
98986,No
98987,No
98988,No
98989,No
98990,Yes
98991,Yes
98992,No
98993,Yes
98994,Yes
98995,No
98996,Yes
98997,No
98998,No
98999,No
99000,Yes
99001,No
99002,No
99003,No
99004,No
99005,No
99006,No
99007,No
99008,No
99009,No
99010,No
99011,Yes
99012,Yes
99013,No
99014,No
99015,No
99016,No
99017,No
99018,Yes
99019,No
99020,No
99021,No
99022,No
99023,Yes
99024,No
99025,No
99026,Yes
99027,No
99028,No
99029,No
99030,No
99031,No
99032,No
99033,No
99034,No
99035,No
99036,Yes
99037,No
99038,Yes
99039,No
99040,No
99041,No
99042,No
99043,No
99044,No
99045,No
99046,No
99047,No
99048,Yes
99049,Yes
99050,No
99051,No
99052,Yes
99053,No
99054,No
99055,No
99056,No
99057,No
99058,Yes
99059,No
99060,Yes
99061,No
99062,No
99063,No
99064,Yes
99065,No
99066,Yes
99067,No
99068,No
99069,No
99070,No
99071,No
99072,No
99073,No
99074,Yes
99075,No
99076,No
99077,No
99078,No
99079,No
99080,Yes
99081,Yes
99082,No
99083,No
99084,No
99085,No
99086,No
99087,No
99088,No
99089,No
99090,Yes
99091,No
99092,Yes
99093,Yes
99094,No
99095,No
99096,Yes
99097,No
99098,Yes
99099,No
99100,Yes
99101,No
99102,No
99103,Yes
99104,No
99105,Yes
99106,Yes
99107,No
99108,No
99109,No
99110,No
99111,No
99112,No
99113,No
99114,Yes
99115,No
99116,Yes
99117,Yes
99118,No
99119,No
99120,No
99121,No
99122,No
99123,No
99124,No
99125,No
99126,Yes
99127,No
99128,No
99129,No
99130,No
99131,No
99132,No
99133,No
99134,No
99135,No
99136,Yes
99137,No
99138,No
99139,No
99140,No
99141,No
99142,No
99143,No
99144,Yes
99145,Yes
99146,No
99147,No
99148,No
99149,No
99150,No
99151,No
99152,No
99153,No
99154,No
99155,Yes
99156,No
99157,Yes
99158,Yes
99159,No
99160,Yes
99161,No
99162,No
99163,No
99164,No
99165,No
99166,No
99167,No
99168,Yes
99169,Yes
99170,Yes
99171,No
99172,No
99173,No
99174,No
99175,No
99176,No
99177,Yes
99178,No
99179,No
99180,Yes
99181,Yes
99182,No
99183,No
99184,No
99185,No
99186,Yes
99187,No
99188,Yes
99189,Yes
99190,Yes
99191,No
99192,No
99193,No
99194,No
99195,No
99196,No
99197,Yes
99198,Yes
99199,Yes
99200,Yes
99201,No
99202,No
99203,Yes
99204,No
99205,No
99206,No
99207,Yes
99208,Yes
99209,Yes
99210,Yes
99211,Yes
99212,Yes
99213,No
99214,No
99215,Yes
99216,No
99217,Yes
99218,Yes
99219,No
99220,Yes
99221,No
99222,No
99223,Yes
99224,Yes
99225,No
99226,No
99227,No
99228,No
99229,No
99230,Yes
99231,No
99232,Yes
99233,Yes
99234,No
99235,No
99236,Yes
99237,No
99238,No
99239,No
99240,No
99241,No
99242,No
99243,Yes
99244,Yes
99245,No
99246,No
99247,No
99248,No
99249,No
99250,No
99251,No
99252,No
99253,No
99254,No
99255,No
99256,No
99257,No
99258,No
99259,No
99260,No
99261,No
99262,No
99263,No
99264,No
99265,No
99266,No
99267,No
99268,Yes
99269,Yes
99270,No
99271,Yes
99272,Yes
99273,Yes
99274,No
99275,No
99276,No
99277,Yes
99278,No
99279,No
99280,No
99281,Yes
99282,No
99283,No
99284,Yes
99285,Yes
99286,Yes
99287,Yes
99288,No
99289,No
99290,Yes
99291,Yes
99292,Yes
99293,Yes
99294,No
99295,No
99296,Yes
99297,No
99298,No
99299,No
99300,No
99301,No
99302,Yes
99303,Yes
99304,Yes
99305,No
99306,No
99307,Yes
99308,Yes
99309,No
99310,No
99311,No
99312,No
99313,No
99314,Yes
99315,No
99316,No
99317,No
99318,No
99319,No
99320,No
99321,Yes
99322,Yes
99323,Yes
99324,No
99325,No
99326,No
99327,Yes
99328,Yes
99329,No
99330,No
99331,No
99332,Yes
99333,Yes
99334,Yes
99335,Yes
99336,No
99337,No
99338,No
99339,Yes
99340,Yes
99341,Yes
99342,Yes
99343,No
99344,No
99345,No
99346,No
99347,No
99348,Yes
99349,Yes
99350,No
99351,No
99352,Yes
99353,No
99354,No
99355,No
99356,No
99357,No
99358,No
99359,No
99360,No
99361,No
99362,No
99363,No
99364,No
99365,No
99366,No
99367,No
99368,No
99369,No
99370,No
99371,No
99372,No
99373,Yes
99374,No
99375,No
99376,No
99377,No
99378,Yes
99379,No
99380,Yes
99381,No
99382,No
99383,No
99384,Yes
99385,No
99386,No
99387,No
99388,No
99389,No
99390,Yes
99391,No
99392,No
99393,No
99394,Yes
99395,No
99396,Yes
99397,No
99398,No
99399,No
99400,No
99401,No
99402,Yes
99403,Yes
99404,Yes
99405,No
99406,Yes
99407,No
99408,No
99409,No
99410,No
99411,Yes
99412,No
99413,No
99414,No
99415,No
99416,No
99417,No
99418,No
99419,No
99420,No
99421,No
99422,Yes
99423,No
99424,No
99425,Yes
99426,Yes
99427,No
99428,Yes
99429,No
99430,Yes
99431,No
99432,No
99433,No
99434,Yes
99435,Yes
99436,No
99437,No
99438,Yes
99439,Yes
99440,Yes
99441,No
99442,No
99443,Yes
99444,No
99445,No
99446,No
99447,Yes
99448,Yes
99449,No
99450,No
99451,No
99452,No
99453,No
99454,No
99455,No
99456,No
99457,Yes
99458,Yes
99459,No
99460,Yes
99461,No
99462,No
99463,Yes
99464,No
99465,Yes
99466,Yes
99467,Yes
99468,Yes
99469,No
99470,No
99471,No
99472,Yes
99473,Yes
99474,Yes
99475,No
99476,No
99477,No
99478,No
99479,Yes
99480,Yes
99481,No
99482,No
99483,Yes
99484,No
99485,No
99486,No
99487,No
99488,No
99489,No
99490,No
99491,Yes
99492,No
99493,Yes
99494,No
99495,No
99496,Yes
99497,No
99498,No
99499,No
99500,Yes
99501,No
99502,Yes
99503,No
99504,No
99505,No
99506,No
99507,Yes
99508,Yes
99509,No
99510,No
99511,No
99512,No
99513,Yes
99514,No
99515,No
99516,No
99517,No
99518,Yes
99519,Yes
99520,No
99521,Yes
99522,No
99523,Yes
99524,No
99525,No
99526,Yes
99527,No
99528,No
99529,No
99530,No
99531,Yes
99532,No
99533,No
99534,No
99535,Yes
99536,No
99537,Yes
99538,Yes
99539,No
99540,Yes
99541,No
99542,No
99543,No
99544,No
99545,No
99546,No
99547,Yes
99548,No
99549,No
99550,Yes
99551,No
99552,No
99553,Yes
99554,No
99555,Yes
99556,Yes
99557,No
99558,No
99559,No
99560,Yes
99561,No
99562,No
99563,No
99564,Yes
99565,No
99566,No
99567,No
99568,No
99569,No
99570,No
99571,No
99572,No
99573,No
99574,No
99575,Yes
99576,Yes
99577,No
99578,No
99579,No
99580,No
99581,No
99582,No
99583,No
99584,Yes
99585,No
99586,Yes
99587,No
99588,Yes
99589,Yes
99590,No
99591,Yes
99592,No
99593,Yes
99594,No
99595,No
99596,No
99597,No
99598,Yes
99599,No
99600,No
99601,No
99602,Yes
99603,No
99604,No
99605,Yes
99606,No
99607,No
99608,Yes
99609,No
99610,No
99611,Yes
99612,No
99613,No
99614,No
99615,No
99616,Yes
99617,No
99618,No
99619,Yes
99620,No
99621,Yes
99622,No
99623,Yes
99624,No
99625,Yes
99626,No
99627,No
99628,No
99629,No
99630,Yes
99631,No
99632,No
99633,No
99634,Yes
99635,Yes
99636,No
99637,No
99638,No
99639,No
99640,No
99641,No
99642,No
99643,No
99644,No
99645,No
99646,No
99647,No
99648,No
99649,No
99650,No
99651,No
99652,No
99653,No
99654,No
99655,Yes
99656,Yes
99657,No
99658,No
99659,No
99660,Yes
99661,Yes
99662,No
99663,No
99664,No
99665,No
99666,No
99667,No
99668,No
99669,No
99670,No
99671,Yes
99672,No
99673,No
99674,Yes
99675,Yes
99676,Yes
99677,No
99678,No
99679,No
99680,No
99681,Yes
99682,Yes
99683,No
99684,Yes
99685,No
99686,No
99687,No
99688,No
99689,No
99690,No
99691,No
99692,Yes
99693,Yes
99694,No
99695,No
99696,Yes
99697,No
99698,Yes
99699,No
99700,No
99701,No
99702,No
99703,No
99704,No
99705,No
99706,No
99707,No
99708,No
99709,No
99710,No
99711,No
99712,No
99713,No
99714,No
99715,No
99716,No
99717,No
99718,No
99719,No
99720,Yes
99721,No
99722,No
99723,No
99724,No
99725,No
99726,No
99727,No
99728,No
99729,Yes
99730,No
99731,No
99732,No
99733,No
99734,No
99735,Yes
99736,No
99737,Yes
99738,No
99739,No
99740,No
99741,No
99742,Yes
99743,No
99744,No
99745,Yes
99746,No
99747,No
99748,No
99749,No
99750,Yes
99751,Yes
99752,Yes
99753,Yes
99754,No
99755,No
99756,Yes
99757,Yes
99758,No
99759,No
99760,No
99761,No
99762,No
99763,No
99764,No
99765,No
99766,Yes
99767,No
99768,Yes
99769,Yes
99770,Yes
99771,No
99772,No
99773,No
99774,No
99775,Yes
99776,No
99777,No
99778,Yes
99779,No
99780,Yes
99781,No
99782,Yes
99783,No
99784,No
99785,No
99786,No
99787,No
99788,Yes
99789,No
99790,No
99791,Yes
99792,Yes
99793,No
99794,No
99795,No
99796,No
99797,Yes
99798,No
99799,No
99800,No
99801,No
99802,No
99803,No
99804,Yes
99805,No
99806,No
99807,No
99808,Yes
99809,No
99810,No
99811,Yes
99812,Yes
99813,No
99814,No
99815,No
99816,Yes
99817,Yes
99818,No
99819,No
99820,No
99821,No
99822,No
99823,No
99824,No
99825,No
99826,No
99827,Yes
99828,No
99829,Yes
99830,No
99831,Yes
99832,No
99833,No
99834,No
99835,Yes
99836,No
99837,No
99838,No
99839,No
99840,No
99841,No
99842,No
99843,No
99844,No
99845,No
99846,No
99847,No
99848,Yes
99849,No
99850,No
99851,Yes
99852,No
99853,No
99854,No
99855,No
99856,Yes
99857,Yes
99858,No
99859,No
99860,No
99861,No
99862,No
99863,Yes
99864,No
99865,No
99866,No
99867,No
99868,No
99869,No
99870,No
99871,No
99872,No
99873,No
99874,Yes
99875,No
99876,Yes
99877,No
99878,No
99879,No
99880,Yes
99881,Yes
99882,No
99883,No
99884,No
99885,Yes
99886,Yes
99887,Yes
99888,Yes
99889,No
99890,Yes
99891,No
99892,No
99893,No
99894,No
99895,No
99896,No
99897,Yes
99898,No
99899,Yes
99900,No
99901,No
99902,Yes
99903,No
99904,No
99905,No
99906,No
99907,No
99908,No
99909,No
99910,No
99911,No
99912,No
99913,Yes
99914,Yes
99915,No
99916,No
99917,No
99918,No
99919,No
99920,No
99921,No
99922,Yes
99923,No
99924,No
99925,Yes
99926,No
99927,Yes
99928,No
99929,No
99930,No
99931,No
99932,Yes
99933,Yes
99934,No
99935,Yes
99936,No
99937,Yes
99938,Yes
99939,No
99940,No
99941,No
99942,Yes
99943,Yes
99944,Yes
99945,No
99946,No
99947,No
99948,No
99949,Yes
99950,No
99951,No
99952,No
99953,Yes
99954,No
99955,No
99956,No
99957,No
99958,No
99959,No
99960,No
99961,No
99962,No
99963,No
99964,No
99965,No
99966,No
99967,Yes
99968,No
99969,No
99970,No
99971,Yes
99972,Yes
99973,No
99974,No
99975,No
99976,Yes
99977,No
99978,No
99979,No
99980,Yes
99981,No
99982,No
99983,No
99984,Yes
99985,Yes
99986,No
99987,No
99988,Yes
99989,Yes
99990,No
99991,No
99992,No
99993,Yes
99994,No
99995,No
99996,No
99997,Yes
99998,No
99999,No
100000,No
